id,price
0,28419
1,25278
2,21721
3,9462
4,25488
5,12347
6,25190
7,28964
8,2137
9,22034
10,21132
11,19656
12,13919
13,14565
14,1311
15,26975
16,29654
17,4027
18,23329
19,16294
20,17821
21,2789
22,18685
23,14755
24,29363
25,7168
26,689
27,19025
28,28145
29,7502
30,18364
31,7516
32,26150
33,11514
34,28486
35,5827
36,11666
37,28845
38,15961
39,16987
40,18128
41,19572
42,8611
43,18283
44,24632
45,15593
46,18485
47,7133
48,2887
49,17306
50,4116
51,4498
52,26439
53,2405
54,17338
55,7718
56,28422
57,22477
58,10241
59,19151
60,9880
61,23072
62,22767
63,27162
64,28985
65,12927
66,8127
67,21152
68,2968
69,26434
70,19726
71,9724
72,27322
73,7422
74,5921
75,17971
76,17916
77,17425
78,8953
79,13628
80,10307
81,20479
82,4450
83,14547
84,26747
85,2092
86,2887
87,14083
88,1754
89,4924
90,23076
91,4670
92,6399
93,17860
94,10975
95,23420
96,6476
97,6821
98,17322
99,27000
100,17479
101,27023
102,29600
103,13078
104,5651
105,9274
106,4337
107,6585
108,28460
109,22085
110,18187
111,15582
112,11566
113,18004
114,13436
115,21703
116,20800
117,29380
118,25291
119,11256
120,19877
121,26229
122,4704
123,14805
124,28474
125,19274
126,3641
127,7080
128,20194
129,19624
130,20865
131,24002
132,12021
133,17158
134,8522
135,16291
136,3645
137,7897
138,17086
139,9551
140,3916
141,9444
142,10307
143,19876
144,710
145,26183
146,10124
147,12745
148,14309
149,27290
150,1330
151,4395
152,18152
153,27081
154,5902
155,12185
156,136
157,10815
158,26156
159,23595
160,725
161,6239
162,24821
163,9680
164,5860
165,2834
166,11253
167,20920
168,20699
169,1654
170,22566
171,13233
172,14861
173,13799
174,24662
175,17287
176,22177
177,20182
178,4442
179,23423
180,25455
181,25510
182,27812
183,25405
184,21641
185,1499
186,10968
187,2821
188,15408
189,15113
190,23182
191,29713
192,4094
193,23989
194,15537
195,3032
196,16611
197,4349
198,19449
199,4669
200,16025
201,26266
202,19527
203,16455
204,4830
205,25137
206,22334
207,9611
208,22596
209,29590
210,24729
211,1645
212,12606
213,2517
214,25943
215,7435
216,25961
217,4123
218,28702
219,27841
220,11988
221,15627
222,19075
223,22488
224,17161
225,9502
226,14937
227,422
228,29587
229,16995
230,3865
231,1280
232,17593
233,28269
234,10094
235,13617
236,1926
237,14756
238,26900
239,19769
240,2132
241,19863
242,27319
243,15792
244,22852
245,2397
246,27621
247,6354
248,21586
249,17685
250,5488
251,8019
252,13907
253,2453
254,12193
255,7386
256,23663
257,14350
258,13741
259,11537
260,14372
261,5017
262,17918
263,24809
264,25776
265,10687
266,23289
267,10193
268,21503
269,14573
270,22373
271,19276
272,25838
273,10643
274,20951
275,8329
276,20146
277,10590
278,3909
279,2014
280,14271
281,7671
282,12267
283,27194
284,16452
285,1815
286,5432
287,27741
288,25913
289,17635
290,18375
291,17334
292,13396
293,17291
294,6287
295,24451
296,29250
297,9690
298,5185
299,17552
300,22410
301,27200
302,23854
303,21490
304,4589
305,26593
306,10848
307,21148
308,6751
309,13103
310,13631
311,25726
312,26849
313,9494
314,8283
315,21357
316,23419
317,13357
318,13675
319,15115
320,12150
321,11283
322,947
323,26670
324,19050
325,29273
326,17561
327,18158
328,6003
329,11978
330,15416
331,3783
332,21108
333,4776
334,16151
335,9531
336,29255
337,7586
338,18824
339,29165
340,2015
341,1588
342,29838
343,9425
344,5678
345,7113
346,10590
347,25124
348,1484
349,7482
350,17275
351,7951
352,4608
353,391
354,22672
355,12112
356,18847
357,9491
358,15434
359,26168
360,1019
361,26849
362,21629
363,21647
364,15228
365,3769
366,2269
367,22504
368,11893
369,8762
370,11406
371,22389
372,8598
373,5050
374,21839
375,17245
376,24666
377,20199
378,28961
379,4278
380,12604
381,11418
382,6036
383,5591
384,10230
385,3382
386,5988
387,5486
388,2592
389,3767
390,8326
391,4525
392,25241
393,17952
394,25494
395,24320
396,5308
397,28304
398,21816
399,7124
400,25415
401,27615
402,23258
403,17703
404,20937
405,27964
406,7692
407,26769
408,19048
409,14458
410,28410
411,2421
412,22305
413,15730
414,2489
415,878
416,15564
417,28634
418,23418
419,17837
420,8676
421,1837
422,1873
423,4346
424,29024
425,29173
426,18165
427,27026
428,1509
429,17754
430,19810
431,18120
432,18934
433,18853
434,730
435,16104
436,8749
437,25489
438,14644
439,147
440,10671
441,14507
442,18679
443,23602
444,1886
445,13729
446,4823
447,1767
448,29738
449,24782
450,20507
451,16249
452,8982
453,2896
454,10198
455,5921
456,25292
457,5473
458,9194
459,25772
460,12908
461,15473
462,19594
463,7268
464,26887
465,24795
466,20843
467,27451
468,7748
469,29030
470,27918
471,23314
472,11576
473,13534
474,4823
475,26691
476,14621
477,26057
478,11924
479,28473
480,11007
481,16145
482,26391
483,8825
484,23202
485,11468
486,4566
487,19778
488,20338
489,23257
490,7271
491,29592
492,27682
493,13500
494,13678
495,27392
496,21158
497,28575
498,24183
499,9701
500,6826
501,9820
502,222
503,1360
504,14224
505,28948
506,6083
507,14426
508,21340
509,17714
510,27834
511,16621
512,11847
513,14895
514,6576
515,8926
516,17113
517,12503
518,6343
519,4275
520,26480
521,9578
522,17241
523,6042
524,29855
525,28697
526,26844
527,26302
528,18783
529,18164
530,17080
531,6649
532,7937
533,13226
534,8838
535,18536
536,18517
537,25070
538,17718
539,11012
540,8507
541,10807
542,23859
543,17055
544,20253
545,12905
546,4940
547,5401
548,933
549,1541
550,933
551,28717
552,2540
553,6822
554,15982
555,15304
556,12474
557,21849
558,14324
559,3457
560,3523
561,23561
562,26217
563,15729
564,8514
565,15077
566,9384
567,11093
568,2126
569,9680
570,19224
571,19563
572,2880
573,29703
574,29308
575,24095
576,20504
577,15763
578,23457
579,2623
580,26036
581,16294
582,28070
583,11828
584,3032
585,18551
586,22767
587,29900
588,28960
589,21783
590,14545
591,26453
592,109
593,19282
594,11720
595,3338
596,6577
597,16110
598,24505
599,23186
600,19191
601,18621
602,3419
603,14347
604,21839
605,14154
606,21161
607,19091
608,16436
609,21323
610,137
611,17935
612,9011
613,15781
614,21187
615,24665
616,14076
617,24703
618,8981
619,24242
620,7952
621,12744
622,16947
623,24291
624,13784
625,7773
626,24084
627,13099
628,26450
629,28180
630,1247
631,3536
632,1508
633,5175
634,27029
635,9654
636,13622
637,17672
638,15904
639,22967
640,10539
641,18364
642,28679
643,19835
644,19384
645,14155
646,17200
647,29661
648,2503
649,13083
650,19373
651,5219
652,24273
653,8941
654,25250
655,26232
656,18916
657,14189
658,23842
659,25365
660,2560
661,2309
662,22017
663,1871
664,13428
665,16373
666,2266
667,23527
668,23288
669,12583
670,11955
671,5443
672,12598
673,25963
674,15195
675,5505
676,10633
677,681
678,28261
679,23174
680,24808
681,18369
682,12070
683,23864
684,27176
685,13690
686,16040
687,13705
688,28869
689,3954
690,2187
691,22482
692,5050
693,25807
694,15540
695,2067
696,14163
697,4502
698,23594
699,7711
700,10212
701,10592
702,2054
703,28656
704,29845
705,27552
706,19622
707,2018
708,5053
709,364
710,15710
711,29787
712,27751
713,9421
714,7089
715,5097
716,26722
717,10357
718,23234
719,2361
720,27020
721,26651
722,9132
723,20282
724,28254
725,10429
726,8725
727,13629
728,4273
729,27204
730,24016
731,21856
732,23107
733,1636
734,20481
735,5760
736,3432
737,25782
738,12218
739,752
740,1169
741,22044
742,15111
743,27521
744,15336
745,16284
746,14976
747,20666
748,19125
749,23513
750,28843
751,12387
752,29513
753,28356
754,3262
755,7477
756,10044
757,8520
758,28685
759,25540
760,10203
761,4952
762,10895
763,3811
764,23291
765,23525
766,16202
767,16533
768,22624
769,25264
770,13763
771,2995
772,2242
773,11531
774,17865
775,14198
776,23371
777,3756
778,1828
779,20422
780,5200
781,12562
782,1073
783,10921
784,17391
785,10001
786,3693
787,11814
788,27737
789,25198
790,10001
791,20666
792,3160
793,21531
794,10416
795,15286
796,28233
797,22113
798,7357
799,6515
800,19688
801,2873
802,12682
803,14772
804,7648
805,12802
806,8516
807,15470
808,17975
809,13735
810,12518
811,21838
812,19419
813,13726
814,22848
815,9657
816,15781
817,9938
818,17561
819,22804
820,4423
821,2083
822,3038
823,15086
824,20372
825,20905
826,23988
827,2882
828,20908
829,2104
830,5510
831,27758
832,20074
833,29154
834,5611
835,10962
836,10266
837,22068
838,21191
839,22837
840,17367
841,5546
842,24958
843,25394
844,8385
845,7380
846,3121
847,17037
848,2954
849,4090
850,16600
851,11379
852,5920
853,8606
854,11131
855,4088
856,2240
857,27405
858,14899
859,12430
860,18171
861,25721
862,16132
863,6010
864,6992
865,25160
866,5863
867,14031
868,8396
869,20763
870,25451
871,11081
872,11575
873,6041
874,18201
875,317
876,3934
877,4913
878,209
879,24540
880,29242
881,5104
882,20117
883,25676
884,1892
885,1352
886,19634
887,17031
888,17410
889,23799
890,849
891,29227
892,10993
893,12149
894,19603
895,16044
896,17562
897,20973
898,6377
899,16564
900,29282
901,10679
902,11817
903,9269
904,5720
905,23440
906,23304
907,24842
908,24696
909,29295
910,526
911,20305
912,12408
913,9812
914,11265
915,1291
916,16122
917,17144
918,9445
919,25768
920,20050
921,2447
922,3300
923,26431
924,8109
925,5941
926,24546
927,2731
928,24218
929,26040
930,29680
931,16942
932,19012
933,7799
934,9213
935,19406
936,11004
937,17763
938,21474
939,14490
940,18781
941,15113
942,7613
943,9304
944,7128
945,10942
946,480
947,27526
948,17420
949,21568
950,24382
951,12910
952,29124
953,14290
954,12851
955,18907
956,15508
957,5198
958,6471
959,12586
960,8033
961,12079
962,16558
963,26973
964,3734
965,24356
966,13859
967,24670
968,22257
969,5601
970,23670
971,27720
972,17962
973,15246
974,18182
975,18566
976,18169
977,3646
978,17440
979,22862
980,1902
981,1314
982,4043
983,15163
984,11862
985,9584
986,1019
987,4820
988,4775
989,17824
990,22157
991,3775
992,24187
993,28595
994,17096
995,25449
996,23535
997,6602
998,2412
999,4214
1000,8113
1001,19017
1002,21929
1003,26365
1004,22578
1005,7149
1006,13213
1007,1131
1008,2255
1009,8272
1010,1050
1011,25550
1012,15995
1013,11164
1014,6711
1015,14809
1016,4683
1017,21172
1018,11178
1019,18338
1020,18038
1021,22290
1022,27165
1023,22929
1024,6862
1025,7101
1026,11689
1027,7864
1028,24588
1029,12383
1030,1786
1031,6553
1032,23575
1033,23879
1034,12439
1035,22152
1036,1912
1037,27813
1038,17015
1039,17069
1040,19795
1041,18811
1042,22382
1043,5996
1044,2394
1045,16398
1046,9282
1047,7723
1048,26938
1049,27629
1050,21258
1051,29607
1052,2909
1053,25403
1054,25041
1055,10634
1056,26425
1057,16440
1058,2023
1059,23700
1060,23408
1061,6575
1062,25798
1063,17181
1064,9908
1065,7377
1066,11234
1067,11140
1068,21266
1069,9867
1070,15011
1071,11238
1072,13100
1073,27806
1074,7483
1075,17324
1076,14271
1077,19647
1078,5879
1079,8926
1080,5238
1081,3690
1082,29973
1083,9826
1084,20368
1085,11993
1086,26292
1087,8047
1088,18385
1089,19229
1090,14969
1091,8011
1092,21051
1093,942
1094,8009
1095,26933
1096,22667
1097,15193
1098,23783
1099,26316
1100,4631
1101,14940
1102,9331
1103,29055
1104,19811
1105,22623
1106,7601
1107,25668
1108,23897
1109,17905
1110,25433
1111,9384
1112,25383
1113,9922
1114,4290
1115,15697
1116,7277
1117,9061
1118,17430
1119,20234
1120,23846
1121,11819
1122,17468
1123,26941
1124,4477
1125,9257
1126,3441
1127,14199
1128,8310
1129,14873
1130,27795
1131,11613
1132,25582
1133,6133
1134,3999
1135,1668
1136,20831
1137,3027
1138,6866
1139,8798
1140,15796
1141,22208
1142,12959
1143,25128
1144,746
1145,3261
1146,15273
1147,29912
1148,1681
1149,29688
1150,19208
1151,28644
1152,21855
1153,29281
1154,28731
1155,29615
1156,27231
1157,21341
1158,29707
1159,5729
1160,5405
1161,9960
1162,20388
1163,21725
1164,11703
1165,8659
1166,22518
1167,1034
1168,22432
1169,13583
1170,19122
1171,26847
1172,12596
1173,629
1174,25710
1175,22769
1176,16219
1177,1207
1178,2455
1179,14546
1180,22515
1181,22830
1182,4957
1183,3212
1184,15711
1185,14421
1186,3688
1187,1192
1188,7440
1189,23957
1190,25731
1191,17714
1192,2245
1193,3826
1194,7134
1195,13428
1196,1750
1197,22198
1198,4615
1199,23047
1200,19553
1201,2792
1202,23436
1203,16537
1204,16229
1205,3640
1206,10933
1207,5705
1208,14516
1209,19106
1210,21866
1211,14274
1212,28837
1213,6432
1214,4756
1215,15516
1216,14311
1217,13014
1218,13817
1219,3078
1220,7840
1221,25397
1222,4083
1223,1603
1224,20235
1225,20710
1226,9186
1227,20597
1228,23552
1229,2505
1230,4320
1231,21722
1232,23548
1233,4824
1234,5146
1235,5509
1236,1375
1237,22747
1238,10326
1239,8875
1240,963
1241,15613
1242,28126
1243,20520
1244,23783
1245,19370
1246,14274
1247,27304
1248,24324
1249,14747
1250,16550
1251,19791
1252,23632
1253,19220
1254,1828
1255,27138
1256,1708
1257,16578
1258,19917
1259,8026
1260,5067
1261,7068
1262,26309
1263,6745
1264,5454
1265,16791
1266,16727
1267,15912
1268,19638
1269,1823
1270,9541
1271,14214
1272,17839
1273,8188
1274,19359
1275,23930
1276,28569
1277,2651
1278,13162
1279,15523
1280,1039
1281,11501
1282,24216
1283,12758
1284,5249
1285,814
1286,13116
1287,20293
1288,24131
1289,25658
1290,25857
1291,10988
1292,14164
1293,2003
1294,24940
1295,5582
1296,2950
1297,13192
1298,13151
1299,16477
1300,5887
1301,4976
1302,26769
1303,1089
1304,5968
1305,911
1306,19630
1307,7530
1308,9581
1309,17016
1310,11112
1311,6002
1312,10898
1313,21648
1314,25842
1315,27526
1316,26088
1317,5798
1318,3706
1319,15685
1320,26338
1321,28979
1322,8488
1323,13482
1324,29532
1325,4714
1326,17948
1327,27314
1328,19310
1329,504
1330,9719
1331,19256
1332,18225
1333,25392
1334,20108
1335,8598
1336,29898
1337,13757
1338,6409
1339,3881
1340,14884
1341,8729
1342,29380
1343,6061
1344,16332
1345,5280
1346,28194
1347,1381
1348,12675
1349,5122
1350,26976
1351,7146
1352,18080
1353,2341
1354,850
1355,14818
1356,14503
1357,12617
1358,13498
1359,3253
1360,29197
1361,14890
1362,14847
1363,20931
1364,28352
1365,23632
1366,826
1367,29834
1368,29348
1369,2885
1370,10020
1371,23261
1372,5462
1373,28905
1374,21202
1375,21169
1376,17709
1377,28795
1378,22112
1379,15851
1380,7563
1381,4928
1382,9489
1383,405
1384,16295
1385,24697
1386,23171
1387,29444
1388,17380
1389,22104
1390,25503
1391,24388
1392,17144
1393,16600
1394,18386
1395,24028
1396,18551
1397,21091
1398,3234
1399,7091
1400,7606
1401,16589
1402,22851
1403,24082
1404,10948
1405,10230
1406,19849
1407,3356
1408,25881
1409,592
1410,843
1411,15645
1412,17399
1413,11043
1414,3057
1415,6977
1416,8737
1417,8222
1418,20040
1419,3417
1420,24886
1421,16764
1422,28298
1423,27803
1424,8086
1425,27308
1426,9315
1427,119
1428,11493
1429,11178
1430,13872
1431,1850
1432,10408
1433,233
1434,3939
1435,9416
1436,21818
1437,977
1438,27975
1439,27890
1440,1172
1441,20223
1442,1247
1443,12156
1444,15744
1445,20856
1446,10052
1447,25663
1448,3390
1449,1634
1450,14829
1451,27991
1452,7558
1453,26072
1454,17090
1455,15635
1456,911
1457,5370
1458,6523
1459,8313
1460,3835
1461,2818
1462,29976
1463,1829
1464,16175
1465,16934
1466,1932
1467,7595
1468,3349
1469,16313
1470,5306
1471,27176
1472,12424
1473,18369
1474,29059
1475,28367
1476,628
1477,14146
1478,7975
1479,13561
1480,7480
1481,4337
1482,15071
1483,13207
1484,14253
1485,10581
1486,1923
1487,7424
1488,5479
1489,14887
1490,6478
1491,11185
1492,25452
1493,14694
1494,2104
1495,22473
1496,14854
1497,26041
1498,15040
1499,21021
1500,17201
1501,197
1502,22719
1503,3130
1504,29035
1505,23073
1506,6797
1507,656
1508,4249
1509,17492
1510,8160
1511,20793
1512,16496
1513,20506
1514,19394
1515,17848
1516,17580
1517,28501
1518,29560
1519,16716
1520,5900
1521,23346
1522,11878
1523,3729
1524,14428
1525,19777
1526,7835
1527,16848
1528,18307
1529,24831
1530,15188
1531,8551
1532,23393
1533,8202
1534,22264
1535,21336
1536,19870
1537,27566
1538,265
1539,11902
1540,25020
1541,13856
1542,9973
1543,12113
1544,25046
1545,14131
1546,19097
1547,23940
1548,15855
1549,7950
1550,19822
1551,10864
1552,19652
1553,5435
1554,8092
1555,16626
1556,14085
1557,26790
1558,17009
1559,9619
1560,5939
1561,13643
1562,6619
1563,24785
1564,12551
1565,13532
1566,27167
1567,1631
1568,2778
1569,4623
1570,28882
1571,4509
1572,29846
1573,17214
1574,24270
1575,27032
1576,16924
1577,5048
1578,4746
1579,14448
1580,21384
1581,12630
1582,13778
1583,6228
1584,18230
1585,22961
1586,21981
1587,23090
1588,105
1589,179
1590,9149
1591,28439
1592,16803
1593,29257
1594,23950
1595,4226
1596,27134
1597,25176
1598,25652
1599,13321
1600,15408
1601,28954
1602,13379
1603,8258
1604,23937
1605,2297
1606,15425
1607,13336
1608,4228
1609,20445
1610,14219
1611,19502
1612,1082
1613,19954
1614,18354
1615,4544
1616,18422
1617,13997
1618,15487
1619,19270
1620,19975
1621,9663
1622,27675
1623,9137
1624,7086
1625,15196
1626,8845
1627,23356
1628,20866
1629,5601
1630,17014
1631,10446
1632,25158
1633,23614
1634,12874
1635,14641
1636,14006
1637,15009
1638,3187
1639,20241
1640,4025
1641,17259
1642,11043
1643,3969
1644,3013
1645,1952
1646,11685
1647,26449
1648,2206
1649,4368
1650,17832
1651,8753
1652,11262
1653,12103
1654,24258
1655,6537
1656,3192
1657,23919
1658,18286
1659,18235
1660,19111
1661,8847
1662,17422
1663,21791
1664,10838
1665,23371
1666,16107
1667,8113
1668,22489
1669,14640
1670,27662
1671,25600
1672,22938
1673,8384
1674,7281
1675,8153
1676,5996
1677,29741
1678,3609
1679,10484
1680,12185
1681,8592
1682,218
1683,19384
1684,15849
1685,11455
1686,7664
1687,6197
1688,25084
1689,7323
1690,3821
1691,9050
1692,5597
1693,18925
1694,22107
1695,2722
1696,16047
1697,12650
1698,3620
1699,24673
1700,26218
1701,13531
1702,10589
1703,20320
1704,1771
1705,125
1706,1977
1707,2214
1708,18408
1709,24403
1710,2062
1711,3549
1712,29562
1713,24387
1714,9245
1715,5000
1716,28148
1717,10752
1718,15544
1719,3952
1720,322
1721,16827
1722,21952
1723,12251
1724,13166
1725,27201
1726,20435
1727,15664
1728,21558
1729,23747
1730,27671
1731,8377
1732,5007
1733,13156
1734,23675
1735,19942
1736,6952
1737,12020
1738,3458
1739,29702
1740,4832
1741,18379
1742,13035
1743,26030
1744,28122
1745,24456
1746,26641
1747,17516
1748,502
1749,13913
1750,17070
1751,10231
1752,22496
1753,9849
1754,9008
1755,27618
1756,21747
1757,13314
1758,4249
1759,14511
1760,4026
1761,4770
1762,7381
1763,27169
1764,22653
1765,27186
1766,19139
1767,22003
1768,21580
1769,29158
1770,16111
1771,13907
1772,16598
1773,13731
1774,17732
1775,14639
1776,16614
1777,12947
1778,7858
1779,27488
1780,834
1781,7279
1782,5407
1783,23037
1784,747
1785,6685
1786,7474
1787,9443
1788,29527
1789,18117
1790,24186
1791,2961
1792,25789
1793,17693
1794,14985
1795,5296
1796,4621
1797,5310
1798,5512
1799,802
1800,7885
1801,26950
1802,27198
1803,9815
1804,2444
1805,1241
1806,20087
1807,3538
1808,20260
1809,12679
1810,27485
1811,3247
1812,24677
1813,14672
1814,14538
1815,1135
1816,22324
1817,24514
1818,16721
1819,12391
1820,8390
1821,17338
1822,2395
1823,279
1824,24399
1825,16912
1826,13116
1827,2390
1828,6509
1829,27303
1830,11535
1831,20254
1832,29752
1833,17779
1834,28139
1835,28468
1836,29907
1837,4889
1838,14853
1839,3724
1840,23823
1841,1378
1842,28161
1843,28093
1844,14307
1845,20111
1846,13203
1847,13054
1848,340
1849,1952
1850,19675
1851,9927
1852,6043
1853,14344
1854,2596
1855,24522
1856,23087
1857,13558
1858,22945
1859,1306
1860,27946
1861,21977
1862,10465
1863,12078
1864,13748
1865,27136
1866,28469
1867,9946
1868,22519
1869,15219
1870,12666
1871,15335
1872,22619
1873,20882
1874,18211
1875,19403
1876,8183
1877,22437
1878,1131
1879,24962
1880,4471
1881,7138
1882,11797
1883,17529
1884,11103
1885,23589
1886,14274
1887,11108
1888,23696
1889,16956
1890,18159
1891,23582
1892,10933
1893,3359
1894,2494
1895,18222
1896,10936
1897,5835
1898,8893
1899,15975
1900,16488
1901,9496
1902,6669
1903,1779
1904,22689
1905,24731
1906,511
1907,18013
1908,21195
1909,18356
1910,11850
1911,11836
1912,22942
1913,8592
1914,18445
1915,7089
1916,3886
1917,15769
1918,4745
1919,11762
1920,4413
1921,14721
1922,3684
1923,9731
1924,25760
1925,14139
1926,11637
1927,24890
1928,9161
1929,9213
1930,28221
1931,1366
1932,6766
1933,13537
1934,6892
1935,18846
1936,21805
1937,4802
1938,18379
1939,17398
1940,10955
1941,16587
1942,4136
1943,21286
1944,159
1945,17822
1946,23393
1947,13032
1948,14650
1949,16721
1950,8807
1951,2324
1952,1943
1953,2842
1954,13397
1955,28065
1956,8543
1957,5344
1958,9743
1959,711
1960,7149
1961,13625
1962,1130
1963,26306
1964,16820
1965,24464
1966,7537
1967,21368
1968,21893
1969,26297
1970,6768
1971,5789
1972,1689
1973,12481
1974,16514
1975,14306
1976,21445
1977,16206
1978,4312
1979,17536
1980,8939
1981,28131
1982,21524
1983,345
1984,27335
1985,12834
1986,7373
1987,23626
1988,27792
1989,16953
1990,21652
1991,19303
1992,22494
1993,20236
1994,23275
1995,26486
1996,5169
1997,4912
1998,9776
1999,11509
2000,27354
2001,6869
2002,8057
2003,10785
2004,8122
2005,1110
2006,18530
2007,20176
2008,22520
2009,11381
2010,28246
2011,14664
2012,27260
2013,23575
2014,16025
2015,17307
2016,24732
2017,23315
2018,16724
2019,15547
2020,12586
2021,29744
2022,6548
2023,13579
2024,21635
2025,8776
2026,12585
2027,13190
2028,22219
2029,1702
2030,5561
2031,19947
2032,23297
2033,8914
2034,17787
2035,14983
2036,15738
2037,29010
2038,5466
2039,6930
2040,4187
2041,14020
2042,24978
2043,11002
2044,21639
2045,26516
2046,14248
2047,13953
2048,5352
2049,12538
2050,16224
2051,25510
2052,29495
2053,1117
2054,1316
2055,504
2056,28499
2057,28532
2058,23924
2059,24084
2060,10935
2061,18456
2062,12650
2063,14393
2064,20115
2065,24995
2066,22277
2067,10345
2068,27041
2069,12521
2070,21405
2071,23321
2072,7582
2073,23584
2074,11000
2075,1984
2076,15716
2077,27100
2078,7668
2079,7242
2080,8137
2081,381
2082,27630
2083,15860
2084,15483
2085,15081
2086,20781
2087,703
2088,28017
2089,4095
2090,23393
2091,8805
2092,7890
2093,6022
2094,12077
2095,514
2096,19984
2097,21659
2098,17214
2099,25642
2100,8031
2101,14174
2102,27106
2103,23120
2104,856
2105,28839
2106,13063
2107,21622
2108,8053
2109,4120
2110,27948
2111,22146
2112,5257
2113,6361
2114,23199
2115,29597
2116,4259
2117,2936
2118,27353
2119,12972
2120,18587
2121,15217
2122,11895
2123,25181
2124,1855
2125,8249
2126,12236
2127,22920
2128,17595
2129,9620
2130,4779
2131,20793
2132,13847
2133,7624
2134,20069
2135,8956
2136,15582
2137,20066
2138,20971
2139,1925
2140,25864
2141,14233
2142,12249
2143,5882
2144,24120
2145,21527
2146,6401
2147,14015
2148,28968
2149,23811
2150,17462
2151,6357
2152,5164
2153,5285
2154,5170
2155,25876
2156,12045
2157,8005
2158,28837
2159,26296
2160,10850
2161,13299
2162,4826
2163,12696
2164,14300
2165,6749
2166,246
2167,12364
2168,4411
2169,29446
2170,10958
2171,7007
2172,9229
2173,16857
2174,29412
2175,18738
2176,20724
2177,25015
2178,21635
2179,1587
2180,23317
2181,15063
2182,13230
2183,1963
2184,22652
2185,24888
2186,12667
2187,4401
2188,23217
2189,15412
2190,23048
2191,12144
2192,26980
2193,9828
2194,15530
2195,13916
2196,10902
2197,6214
2198,17057
2199,7054
2200,15947
2201,8525
2202,12653
2203,20440
2204,27562
2205,22315
2206,12291
2207,25915
2208,15828
2209,28553
2210,26904
2211,17213
2212,23460
2213,29012
2214,19115
2215,4577
2216,25506
2217,10662
2218,572
2219,23958
2220,712
2221,18102
2222,22665
2223,24200
2224,11034
2225,6544
2226,25850
2227,28437
2228,20177
2229,27835
2230,4164
2231,23303
2232,26885
2233,1109
2234,17625
2235,22582
2236,7944
2237,7272
2238,21659
2239,29633
2240,17525
2241,6345
2242,18897
2243,17615
2244,18899
2245,21010
2246,25863
2247,28693
2248,25665
2249,233
2250,19852
2251,24323
2252,26705
2253,10723
2254,14414
2255,16997
2256,11256
2257,13611
2258,8518
2259,28445
2260,19829
2261,2551
2262,13150
2263,12568
2264,10026
2265,27830
2266,1911
2267,6876
2268,28843
2269,19856
2270,28540
2271,4552
2272,17767
2273,28772
2274,15308
2275,18843
2276,5657
2277,23013
2278,19602
2279,26060
2280,24358
2281,21673
2282,12141
2283,2127
2284,12253
2285,19110
2286,17110
2287,15552
2288,23491
2289,5983
2290,3214
2291,13337
2292,1313
2293,9335
2294,5926
2295,13165
2296,4740
2297,20445
2298,13992
2299,7205
2300,8305
2301,29603
2302,9688
2303,16453
2304,17345
2305,21980
2306,4403
2307,16126
2308,11766
2309,1709
2310,7536
2311,10659
2312,1780
2313,6673
2314,26044
2315,16555
2316,27442
2317,28169
2318,26145
2319,21493
2320,12432
2321,29512
2322,25611
2323,4160
2324,21464
2325,3484
2326,25488
2327,13005
2328,29946
2329,6367
2330,4827
2331,20166
2332,7209
2333,22182
2334,3245
2335,26498
2336,26782
2337,17210
2338,16660
2339,23083
2340,7512
2341,14532
2342,16214
2343,23851
2344,29341
2345,2141
2346,25054
2347,4748
2348,25444
2349,21146
2350,14556
2351,25226
2352,13879
2353,7100
2354,1867
2355,2270
2356,18814
2357,369
2358,27416
2359,18856
2360,26819
2361,6661
2362,10086
2363,5070
2364,17112
2365,12714
2366,9927
2367,20113
2368,27411
2369,2439
2370,24799
2371,16887
2372,9003
2373,274
2374,572
2375,6137
2376,28875
2377,12003
2378,12340
2379,11798
2380,5936
2381,5928
2382,2928
2383,8654
2384,3036
2385,25319
2386,13583
2387,23322
2388,19119
2389,14224
2390,9226
2391,6758
2392,5850
2393,16020
2394,25251
2395,8757
2396,1387
2397,16694
2398,1489
2399,14094
2400,7037
2401,16937
2402,20023
2403,3742
2404,13000
2405,14620
2406,8952
2407,6697
2408,6965
2409,28459
2410,2252
2411,13892
2412,8825
2413,22059
2414,5941
2415,12901
2416,6444
2417,18581
2418,26367
2419,11101
2420,6210
2421,2554
2422,29199
2423,24381
2424,10125
2425,11298
2426,4202
2427,28633
2428,24130
2429,3236
2430,22890
2431,27526
2432,1229
2433,11164
2434,4536
2435,3772
2436,3415
2437,20261
2438,26683
2439,12932
2440,1153
2441,13943
2442,14383
2443,25277
2444,23802
2445,2589
2446,10990
2447,11799
2448,25343
2449,16392
2450,1135
2451,19691
2452,8940
2453,16179
2454,22742
2455,5996
2456,6444
2457,6197
2458,21675
2459,6123
2460,6419
2461,28959
2462,21067
2463,2281
2464,18910
2465,23751
2466,6865
2467,23939
2468,21221
2469,28691
2470,15574
2471,7235
2472,6742
2473,9263
2474,12629
2475,19038
2476,28192
2477,9290
2478,29154
2479,13780
2480,24232
2481,20781
2482,27200
2483,6445
2484,26428
2485,23866
2486,28590
2487,14844
2488,4729
2489,17216
2490,5214
2491,6579
2492,1451
2493,16923
2494,29461
2495,7445
2496,17760
2497,27372
2498,14886
2499,12506
2500,4289
2501,25044
2502,5119
2503,5884
2504,9141
2505,19529
2506,25181
2507,22159
2508,4851
2509,20321
2510,24826
2511,9348
2512,13613
2513,9257
2514,28127
2515,19229
2516,28441
2517,15696
2518,25518
2519,4706
2520,16526
2521,6885
2522,1797
2523,21318
2524,12806
2525,27264
2526,16971
2527,3061
2528,614
2529,4451
2530,20466
2531,11011
2532,24404
2533,27946
2534,13103
2535,2408
2536,24715
2537,26360
2538,19742
2539,13197
2540,14866
2541,11090
2542,25003
2543,13677
2544,22260
2545,3297
2546,27203
2547,13377
2548,1047
2549,8071
2550,17304
2551,26302
2552,16005
2553,29276
2554,11703
2555,6827
2556,10973
2557,1896
2558,24697
2559,18084
2560,553
2561,15812
2562,27357
2563,29885
2564,8428
2565,28294
2566,9300
2567,17615
2568,10377
2569,9339
2570,9212
2571,26121
2572,28290
2573,29950
2574,29598
2575,24643
2576,2934
2577,16022
2578,11112
2579,14897
2580,4274
2581,8397
2582,13115
2583,17866
2584,28467
2585,6352
2586,18149
2587,21762
2588,29917
2589,19289
2590,4037
2591,22215
2592,13754
2593,26324
2594,12796
2595,13138
2596,10025
2597,29463
2598,7216
2599,4635
2600,25945
2601,18027
2602,27671
2603,29301
2604,7538
2605,10087
2606,15826
2607,9136
2608,2367
2609,12197
2610,23885
2611,13881
2612,14963
2613,23792
2614,15049
2615,25081
2616,17668
2617,17549
2618,25845
2619,8794
2620,20180
2621,16685
2622,12897
2623,20602
2624,23500
2625,4091
2626,20052
2627,6084
2628,7493
2629,6016
2630,22521
2631,25848
2632,17733
2633,22216
2634,12681
2635,414
2636,5655
2637,2091
2638,7993
2639,24994
2640,26447
2641,5107
2642,10189
2643,21629
2644,12234
2645,16985
2646,23460
2647,3352
2648,21529
2649,9142
2650,6717
2651,8271
2652,11419
2653,3426
2654,4550
2655,29084
2656,3818
2657,26434
2658,28901
2659,24954
2660,25364
2661,9994
2662,18816
2663,12011
2664,12653
2665,1866
2666,8395
2667,22712
2668,2863
2669,29149
2670,21337
2671,8201
2672,1614
2673,23915
2674,15606
2675,6336
2676,18644
2677,4675
2678,14106
2679,2279
2680,19908
2681,26108
2682,23640
2683,6088
2684,14943
2685,27233
2686,2560
2687,25115
2688,453
2689,14203
2690,5924
2691,28181
2692,18537
2693,27508
2694,20670
2695,16423
2696,3443
2697,14126
2698,13038
2699,3210
2700,27212
2701,22847
2702,7371
2703,11858
2704,1278
2705,8825
2706,27741
2707,13700
2708,24050
2709,8240
2710,17506
2711,221
2712,13467
2713,27621
2714,16933
2715,7868
2716,14603
2717,19703
2718,8615
2719,13796
2720,14594
2721,22620
2722,2350
2723,20492
2724,18478
2725,8677
2726,12694
2727,9709
2728,24143
2729,7821
2730,18428
2731,12262
2732,4719
2733,27481
2734,18345
2735,19348
2736,1385
2737,6634
2738,12194
2739,23998
2740,18615
2741,29869
2742,21044
2743,12893
2744,6099
2745,27557
2746,8003
2747,19388
2748,24689
2749,25309
2750,20585
2751,4349
2752,21636
2753,13882
2754,530
2755,27661
2756,7979
2757,29592
2758,26778
2759,9943
2760,20918
2761,7751
2762,20569
2763,26164
2764,2317
2765,14937
2766,28989
2767,330
2768,2798
2769,18334
2770,8884
2771,25735
2772,10677
2773,21332
2774,21199
2775,24184
2776,4922
2777,27639
2778,5385
2779,14184
2780,19056
2781,23036
2782,28239
2783,16912
2784,26364
2785,28469
2786,4413
2787,17110
2788,10609
2789,27572
2790,21925
2791,3351
2792,29563
2793,11162
2794,23225
2795,3096
2796,28114
2797,24335
2798,724
2799,13774
2800,23699
2801,15365
2802,24533
2803,23827
2804,1113
2805,10381
2806,11776
2807,25752
2808,28305
2809,24446
2810,16221
2811,11070
2812,16852
2813,4666
2814,29141
2815,5824
2816,18945
2817,18219
2818,21612
2819,1573
2820,18420
2821,12146
2822,24739
2823,24331
2824,18839
2825,28509
2826,5239
2827,718
2828,10651
2829,16085
2830,10150
2831,20069
2832,7823
2833,19781
2834,11212
2835,4711
2836,10181
2837,26807
2838,20454
2839,27969
2840,17356
2841,23665
2842,7499
2843,12549
2844,13320
2845,24915
2846,28393
2847,14034
2848,9309
2849,23406
2850,8921
2851,21701
2852,24003
2853,7286
2854,10037
2855,21059
2856,10771
2857,17105
2858,19852
2859,10985
2860,23204
2861,10558
2862,27024
2863,1163
2864,9436
2865,24868
2866,29707
2867,3777
2868,7238
2869,7365
2870,14292
2871,7670
2872,5506
2873,25677
2874,25158
2875,21911
2876,17954
2877,13208
2878,16365
2879,126
2880,24002
2881,23945
2882,28213
2883,2555
2884,13572
2885,28013
2886,16007
2887,17991
2888,9008
2889,14548
2890,6359
2891,12242
2892,18186
2893,19734
2894,17744
2895,29060
2896,6496
2897,11161
2898,6999
2899,13345
2900,25600
2901,3512
2902,25935
2903,8048
2904,10252
2905,9238
2906,16048
2907,28790
2908,11036
2909,29816
2910,12786
2911,27969
2912,5841
2913,12837
2914,9580
2915,20280
2916,12999
2917,25749
2918,16065
2919,28253
2920,26117
2921,21905
2922,2789
2923,13874
2924,10742
2925,5087
2926,18542
2927,10377
2928,11306
2929,16640
2930,15319
2931,14410
2932,5107
2933,9311
2934,25681
2935,5031
2936,6343
2937,16906
2938,16759
2939,12475
2940,14433
2941,693
2942,21433
2943,26556
2944,4997
2945,4269
2946,12368
2947,24934
2948,12120
2949,29825
2950,14835
2951,17729
2952,25621
2953,25339
2954,13508
2955,26115
2956,27231
2957,29701
2958,24230
2959,13551
2960,688
2961,1290
2962,23464
2963,2945
2964,25223
2965,11820
2966,16437
2967,9145
2968,18486
2969,22059
2970,11123
2971,14414
2972,22779
2973,29919
2974,24083
2975,25875
2976,9693
2977,3524
2978,21236
2979,7564
2980,11030
2981,26869
2982,4878
2983,25320
2984,11285
2985,1665
2986,1692
2987,6765
2988,11377
2989,10828
2990,1708
2991,15850
2992,5679
2993,24105
2994,1786
2995,3216
2996,19851
2997,2665
2998,20273
2999,16480
3000,7802
3001,6534
3002,29761
3003,29584
3004,22976
3005,5455
3006,15538
3007,28552
3008,12713
3009,24536
3010,3517
3011,17008
3012,17853
3013,10295
3014,17022
3015,18521
3016,12064
3017,22257
3018,23300
3019,6283
3020,15164
3021,8554
3022,11852
3023,16960
3024,11367
3025,1437
3026,3842
3027,4954
3028,18716
3029,22680
3030,11966
3031,9413
3032,27701
3033,29904
3034,19678
3035,16857
3036,12047
3037,24284
3038,5871
3039,2131
3040,3614
3041,12296
3042,17407
3043,20429
3044,7386
3045,9890
3046,28640
3047,22159
3048,24117
3049,17263
3050,6535
3051,11043
3052,23527
3053,12680
3054,17413
3055,860
3056,6827
3057,10455
3058,514
3059,22935
3060,26652
3061,5045
3062,4157
3063,18721
3064,10686
3065,5857
3066,27809
3067,23265
3068,10406
3069,19744
3070,8605
3071,24112
3072,19887
3073,26022
3074,25131
3075,3952
3076,22481
3077,17241
3078,13195
3079,26868
3080,585
3081,8428
3082,29573
3083,2699
3084,2762
3085,22401
3086,5548
3087,25637
3088,27513
3089,17533
3090,27369
3091,15821
3092,25479
3093,29602
3094,22304
3095,17462
3096,22408
3097,16659
3098,11516
3099,8276
3100,27782
3101,14742
3102,23068
3103,25356
3104,872
3105,5180
3106,17601
3107,19243
3108,4555
3109,9182
3110,13306
3111,23628
3112,14891
3113,18372
3114,6670
3115,6434
3116,26784
3117,4260
3118,20139
3119,9529
3120,6525
3121,23977
3122,123
3123,21535
3124,1621
3125,20239
3126,10016
3127,12440
3128,10032
3129,6738
3130,29193
3131,5798
3132,29895
3133,896
3134,25968
3135,28374
3136,1506
3137,21973
3138,5044
3139,412
3140,9444
3141,27336
3142,10507
3143,4327
3144,11355
3145,8366
3146,3554
3147,3278
3148,26554
3149,24581
3150,14788
3151,25650
3152,23919
3153,22548
3154,16213
3155,25482
3156,21473
3157,23002
3158,26448
3159,2959
3160,20551
3161,930
3162,11499
3163,6076
3164,8402
3165,16787
3166,14634
3167,2439
3168,20570
3169,22972
3170,21481
3171,10571
3172,19895
3173,24825
3174,25417
3175,13516
3176,16118
3177,11915
3178,19263
3179,23999
3180,15846
3181,21588
3182,22054
3183,2851
3184,183
3185,11446
3186,25634
3187,25271
3188,25292
3189,24601
3190,18576
3191,13323
3192,16614
3193,7253
3194,2566
3195,23841
3196,5867
3197,1804
3198,25704
3199,24626
3200,29952
3201,9878
3202,6252
3203,10858
3204,12558
3205,6991
3206,12290
3207,243
3208,24668
3209,22358
3210,22417
3211,27020
3212,23261
3213,20138
3214,26184
3215,27299
3216,7451
3217,21485
3218,28127
3219,18358
3220,28582
3221,10885
3222,13131
3223,13041
3224,15447
3225,24371
3226,26487
3227,18238
3228,25453
3229,27989
3230,11556
3231,27176
3232,102
3233,11337
3234,13380
3235,25045
3236,17549
3237,18526
3238,305
3239,11700
3240,2196
3241,10284
3242,15386
3243,21989
3244,27521
3245,12005
3246,25509
3247,27842
3248,26577
3249,17608
3250,2132
3251,9606
3252,5070
3253,6290
3254,16666
3255,27001
3256,23030
3257,25018
3258,4466
3259,9031
3260,4485
3261,24918
3262,17946
3263,167
3264,21327
3265,18849
3266,3897
3267,16338
3268,5605
3269,6118
3270,22056
3271,14671
3272,27670
3273,19104
3274,8010
3275,25297
3276,5038
3277,23220
3278,304
3279,23693
3280,13252
3281,5695
3282,2154
3283,26610
3284,2858
3285,21310
3286,21326
3287,23006
3288,8924
3289,24223
3290,19138
3291,27688
3292,13423
3293,11013
3294,25125
3295,2650
3296,17029
3297,24122
3298,19879
3299,23969
3300,23899
3301,16575
3302,1088
3303,508
3304,9181
3305,26650
3306,17736
3307,10639
3308,22784
3309,8548
3310,22181
3311,8995
3312,9839
3313,24421
3314,2336
3315,6847
3316,27519
3317,15085
3318,11543
3319,1018
3320,19487
3321,11129
3322,26915
3323,26382
3324,10539
3325,29480
3326,10641
3327,14106
3328,3598
3329,23785
3330,11900
3331,13219
3332,21122
3333,859
3334,6193
3335,22698
3336,5425
3337,28320
3338,18012
3339,18493
3340,10783
3341,7925
3342,27446
3343,11046
3344,8588
3345,26110
3346,8393
3347,16699
3348,24822
3349,12434
3350,6858
3351,7190
3352,4873
3353,11276
3354,12645
3355,10081
3356,8419
3357,27827
3358,25246
3359,10654
3360,28614
3361,5800
3362,23052
3363,5430
3364,3161
3365,28969
3366,2601
3367,2919
3368,16310
3369,21424
3370,15223
3371,13694
3372,17127
3373,18031
3374,28036
3375,20402
3376,19726
3377,12036
3378,26770
3379,9354
3380,25130
3381,27754
3382,23652
3383,23253
3384,6126
3385,25237
3386,22014
3387,28107
3388,5313
3389,7556
3390,22513
3391,16892
3392,8990
3393,9179
3394,29265
3395,25560
3396,258
3397,13466
3398,17860
3399,4090
3400,11329
3401,8333
3402,16994
3403,13768
3404,12680
3405,9235
3406,11890
3407,3479
3408,20413
3409,24375
3410,3173
3411,21170
3412,4880
3413,6580
3414,10436
3415,7794
3416,2542
3417,25778
3418,18905
3419,18289
3420,15406
3421,16803
3422,17191
3423,13963
3424,25013
3425,24146
3426,16188
3427,4140
3428,5233
3429,1791
3430,7320
3431,27886
3432,278
3433,3980
3434,24465
3435,5731
3436,6670
3437,4860
3438,28681
3439,17342
3440,19762
3441,12889
3442,24879
3443,27989
3444,7862
3445,12723
3446,321
3447,18631
3448,8807
3449,372
3450,25982
3451,18669
3452,29157
3453,19126
3454,626
3455,11832
3456,20542
3457,9787
3458,27097
3459,2584
3460,7600
3461,14310
3462,15915
3463,13779
3464,22398
3465,17658
3466,18461
3467,3982
3468,14534
3469,16245
3470,27495
3471,25017
3472,19831
3473,12084
3474,6214
3475,2413
3476,13261
3477,11517
3478,13654
3479,28283
3480,8240
3481,12652
3482,20649
3483,17000
3484,11598
3485,21763
3486,5537
3487,26799
3488,4376
3489,27935
3490,2601
3491,15826
3492,27910
3493,15183
3494,16215
3495,503
3496,14787
3497,5231
3498,24252
3499,293
3500,9860
3501,21286
3502,12313
3503,18875
3504,5403
3505,25547
3506,9669
3507,25359
3508,17845
3509,26134
3510,21458
3511,4043
3512,23115
3513,17561
3514,20532
3515,28235
3516,2064
3517,21574
3518,12713
3519,26942
3520,8077
3521,184
3522,21094
3523,18623
3524,20574
3525,28166
3526,4368
3527,16472
3528,22195
3529,29243
3530,29502
3531,23685
3532,11293
3533,26462
3534,21809
3535,14221
3536,18754
3537,11990
3538,7004
3539,19793
3540,18853
3541,678
3542,26243
3543,17494
3544,678
3545,8352
3546,23362
3547,26847
3548,28614
3549,28107
3550,10283
3551,10698
3552,7605
3553,6172
3554,19229
3555,17776
3556,9824
3557,3355
3558,7794
3559,20503
3560,2106
3561,8048
3562,17324
3563,8497
3564,19136
3565,26806
3566,21093
3567,15697
3568,29387
3569,4639
3570,13024
3571,2757
3572,10589
3573,21053
3574,23749
3575,18705
3576,10526
3577,2526
3578,2579
3579,17867
3580,28848
3581,197
3582,125
3583,22371
3584,976
3585,22833
3586,6155
3587,5352
3588,17597
3589,25080
3590,18439
3591,4708
3592,6118
3593,10776
3594,3932
3595,29639
3596,15620
3597,18399
3598,494
3599,18293
3600,25504
3601,29506
3602,29485
3603,27989
3604,29881
3605,19422
3606,21442
3607,5601
3608,16931
3609,15993
3610,18585
3611,6798
3612,15671
3613,22267
3614,16832
3615,1071
3616,15247
3617,11093
3618,12851
3619,10081
3620,23571
3621,22345
3622,25715
3623,12305
3624,24720
3625,26431
3626,11835
3627,29087
3628,14255
3629,20659
3630,26024
3631,12515
3632,13683
3633,10310
3634,14887
3635,6915
3636,17502
3637,28768
3638,20768
3639,16961
3640,28785
3641,26903
3642,6290
3643,23913
3644,1257
3645,3585
3646,5321
3647,8528
3648,24467
3649,23276
3650,10242
3651,5442
3652,24937
3653,13804
3654,25524
3655,2199
3656,27300
3657,3379
3658,11513
3659,14746
3660,19853
3661,6541
3662,24017
3663,8805
3664,29325
3665,11600
3666,9786
3667,13888
3668,25416
3669,11840
3670,16548
3671,29799
3672,15677
3673,10581
3674,28214
3675,14887
3676,8009
3677,28167
3678,10841
3679,20409
3680,5208
3681,25204
3682,25822
3683,7908
3684,25571
3685,10862
3686,20059
3687,20399
3688,22054
3689,25359
3690,11547
3691,26954
3692,9776
3693,378
3694,25207
3695,2746
3696,1731
3697,22524
3698,8146
3699,2268
3700,14400
3701,26360
3702,22274
3703,9271
3704,16510
3705,22012
3706,4024
3707,13716
3708,9141
3709,11645
3710,25708
3711,19511
3712,663
3713,14427
3714,2583
3715,12731
3716,4492
3717,27146
3718,13600
3719,25426
3720,26876
3721,2341
3722,826
3723,17081
3724,13847
3725,11546
3726,4550
3727,25385
3728,16260
3729,14830
3730,19098
3731,10245
3732,1848
3733,24399
3734,6933
3735,1877
3736,3806
3737,160
3738,3409
3739,10276
3740,7170
3741,20945
3742,22123
3743,16617
3744,15393
3745,16932
3746,6864
3747,25290
3748,25413
3749,15451
3750,13677
3751,14832
3752,2073
3753,29003
3754,16657
3755,6240
3756,14182
3757,16329
3758,5629
3759,4071
3760,15493
3761,3865
3762,23659
3763,15375
3764,6679
3765,23324
3766,24422
3767,18475
3768,20593
3769,19684
3770,11735
3771,16404
3772,18716
3773,7403
3774,3074
3775,23199
3776,18153
3777,14799
3778,182
3779,715
3780,22745
3781,20763
3782,7599
3783,986
3784,24408
3785,1052
3786,27934
3787,28611
3788,13526
3789,20460
3790,7435
3791,8755
3792,15289
3793,7472
3794,19805
3795,9222
3796,24092
3797,2126
3798,19430
3799,1757
3800,27986
3801,9916
3802,27733
3803,13131
3804,25044
3805,723
3806,8869
3807,13355
3808,26986
3809,19653
3810,13425
3811,11834
3812,14868
3813,13246
3814,2997
3815,16897
3816,27741
3817,23997
3818,25868
3819,926
3820,29980
3821,24672
3822,2650
3823,24642
3824,6256
3825,22636
3826,28395
3827,22582
3828,29168
3829,1407
3830,6442
3831,2105
3832,19163
3833,3137
3834,14944
3835,3627
3836,13395
3837,14458
3838,24336
3839,29570
3840,29027
3841,5796
3842,4859
3843,16298
3844,15628
3845,7386
3846,8820
3847,18746
3848,26836
3849,11577
3850,26316
3851,24643
3852,19707
3853,10200
3854,18570
3855,27812
3856,18592
3857,11423
3858,11800
3859,24606
3860,21937
3861,27862
3862,25969
3863,24492
3864,19222
3865,15740
3866,20854
3867,16314
3868,20020
3869,1597
3870,18593
3871,6013
3872,27977
3873,25081
3874,20259
3875,13993
3876,27714
3877,18973
3878,26231
3879,16639
3880,10434
3881,4239
3882,23281
3883,21075
3884,12023
3885,14497
3886,17616
3887,22858
3888,24298
3889,24321
3890,21842
3891,10107
3892,9864
3893,2250
3894,18173
3895,7082
3896,14269
3897,11902
3898,23422
3899,1835
3900,17752
3901,13427
3902,3795
3903,23777
3904,10041
3905,21111
3906,14697
3907,22698
3908,24468
3909,13909
3910,23022
3911,24290
3912,10031
3913,21825
3914,28880
3915,21968
3916,16727
3917,18064
3918,11237
3919,22059
3920,18631
3921,29451
3922,11203
3923,5163
3924,20541
3925,28354
3926,12530
3927,2818
3928,21111
3929,11192
3930,9853
3931,27399
3932,24536
3933,21534
3934,21575
3935,6139
3936,2526
3937,3193
3938,26870
3939,11660
3940,17318
3941,10638
3942,17782
3943,6136
3944,25188
3945,29988
3946,526
3947,8400
3948,3779
3949,12908
3950,216
3951,4328
3952,27904
3953,17979
3954,29853
3955,14489
3956,8946
3957,5816
3958,25919
3959,9191
3960,24405
3961,27755
3962,9540
3963,3110
3964,12542
3965,20566
3966,12807
3967,28802
3968,7594
3969,23245
3970,3907
3971,12732
3972,25759
3973,1071
3974,9533
3975,28581
3976,12605
3977,16088
3978,24910
3979,5274
3980,24000
3981,23094
3982,16696
3983,19208
3984,11797
3985,4371
3986,19037
3987,7527
3988,8623
3989,22039
3990,15995
3991,28568
3992,3822
3993,5952
3994,28389
3995,2112
3996,18603
3997,20675
3998,20144
3999,12804
4000,16013
4001,21853
4002,24867
4003,883
4004,6124
4005,28979
4006,9666
4007,11681
4008,8732
4009,23270
4010,11314
4011,4564
4012,25440
4013,29595
4014,8783
4015,19174
4016,22574
4017,12641
4018,13372
4019,15821
4020,18762
4021,12326
4022,4569
4023,19659
4024,5157
4025,10494
4026,6611
4027,9935
4028,26742
4029,24262
4030,26614
4031,25395
4032,18929
4033,3413
4034,1911
4035,12105
4036,22929
4037,16738
4038,525
4039,516
4040,28065
4041,6382
4042,17475
4043,8332
4044,24954
4045,22941
4046,15154
4047,180
4048,15329
4049,23414
4050,22791
4051,10624
4052,27193
4053,25557
4054,21514
4055,6715
4056,8063
4057,13905
4058,28435
4059,20298
4060,784
4061,20386
4062,6526
4063,17843
4064,15893
4065,25939
4066,18533
4067,29354
4068,11839
4069,26128
4070,21378
4071,26646
4072,23687
4073,12548
4074,6258
4075,11595
4076,24519
4077,4222
4078,12380
4079,14302
4080,13697
4081,1529
4082,3578
4083,12014
4084,15982
4085,8725
4086,18200
4087,17199
4088,12062
4089,28062
4090,26923
4091,4872
4092,23219
4093,27483
4094,12920
4095,4131
4096,25102
4097,18283
4098,8475
4099,14066
4100,9347
4101,23887
4102,29389
4103,15568
4104,4409
4105,6765
4106,19221
4107,24699
4108,21651
4109,18651
4110,2609
4111,23439
4112,6886
4113,11003
4114,20264
4115,24879
4116,28663
4117,986
4118,17004
4119,13693
4120,8386
4121,17718
4122,222
4123,14845
4124,21705
4125,4052
4126,13163
4127,13400
4128,15204
4129,27975
4130,25453
4131,13903
4132,27398
4133,4141
4134,6982
4135,3799
4136,2414
4137,7374
4138,27172
4139,27676
4140,12396
4141,27056
4142,21847
4143,26241
4144,28354
4145,17365
4146,22041
4147,22980
4148,29341
4149,26100
4150,21458
4151,28494
4152,3051
4153,25053
4154,16552
4155,29175
4156,4458
4157,13671
4158,14260
4159,2597
4160,6671
4161,13516
4162,18922
4163,13358
4164,22656
4165,9517
4166,12669
4167,6074
4168,26067
4169,22979
4170,5070
4171,27431
4172,2659
4173,20249
4174,6936
4175,27441
4176,19566
4177,20815
4178,18019
4179,23154
4180,14292
4181,25377
4182,22594
4183,22502
4184,2837
4185,21704
4186,4689
4187,18209
4188,20655
4189,23354
4190,17077
4191,20883
4192,10431
4193,17535
4194,972
4195,24362
4196,9571
4197,546
4198,9220
4199,7290
4200,10824
4201,15454
4202,1209
4203,12779
4204,15187
4205,24246
4206,19002
4207,14247
4208,1020
4209,12312
4210,2096
4211,10992
4212,5481
4213,8587
4214,29842
4215,28464
4216,19855
4217,7039
4218,19876
4219,14930
4220,9608
4221,16587
4222,14407
4223,6105
4224,24685
4225,16770
4226,7498
4227,15383
4228,26452
4229,4938
4230,26833
4231,8525
4232,14576
4233,4876
4234,12205
4235,3084
4236,16388
4237,10992
4238,15313
4239,21222
4240,27397
4241,16754
4242,6622
4243,9539
4244,9732
4245,10105
4246,26710
4247,9595
4248,15801
4249,24327
4250,27066
4251,27179
4252,11946
4253,13438
4254,22959
4255,24715
4256,14967
4257,8828
4258,24048
4259,9407
4260,3837
4261,25283
4262,25332
4263,12953
4264,7015
4265,12976
4266,20988
4267,3633
4268,24641
4269,5539
4270,28776
4271,2211
4272,21620
4273,24019
4274,12034
4275,3242
4276,27978
4277,14788
4278,27976
4279,4531
4280,7165
4281,15075
4282,18950
4283,3299
4284,12350
4285,1814
4286,20593
4287,14811
4288,11737
4289,4266
4290,17913
4291,6426
4292,16417
4293,28609
4294,16447
4295,8054
4296,3823
4297,13057
4298,22448
4299,28273
4300,25152
4301,22766
4302,7002
4303,15852
4304,10248
4305,539
4306,12704
4307,22272
4308,7535
4309,19091
4310,7377
4311,8413
4312,18247
4313,6602
4314,9023
4315,1103
4316,9244
4317,9822
4318,7526
4319,12550
4320,20303
4321,3993
4322,29917
4323,15677
4324,25327
4325,24273
4326,26724
4327,26886
4328,9079
4329,16179
4330,354
4331,7904
4332,20015
4333,17830
4334,23564
4335,22005
4336,13135
4337,12768
4338,8077
4339,23994
4340,24954
4341,4908
4342,9064
4343,10822
4344,12645
4345,27557
4346,4400
4347,21443
4348,20938
4349,16327
4350,26992
4351,24840
4352,22394
4353,9716
4354,3059
4355,6530
4356,26373
4357,21623
4358,16546
4359,23976
4360,6844
4361,20101
4362,3277
4363,14059
4364,19141
4365,26442
4366,2746
4367,9868
4368,7401
4369,13825
4370,14851
4371,17388
4372,28368
4373,19656
4374,24562
4375,10450
4376,24761
4377,26771
4378,24956
4379,15513
4380,28417
4381,13811
4382,5685
4383,24522
4384,19646
4385,9017
4386,11215
4387,6980
4388,25994
4389,10519
4390,10126
4391,1713
4392,24947
4393,19677
4394,7212
4395,14301
4396,17493
4397,9558
4398,23994
4399,16227
4400,6076
4401,23982
4402,14740
4403,12909
4404,21177
4405,1788
4406,13452
4407,6210
4408,7140
4409,1481
4410,12651
4411,22642
4412,14471
4413,28681
4414,26693
4415,29799
4416,3170
4417,12342
4418,1321
4419,8216
4420,24707
4421,5845
4422,18687
4423,9848
4424,10424
4425,12518
4426,24432
4427,27598
4428,7633
4429,22004
4430,24324
4431,26630
4432,13682
4433,7255
4434,15138
4435,5209
4436,3413
4437,2028
4438,7572
4439,8042
4440,27086
4441,18990
4442,29594
4443,7731
4444,3310
4445,29982
4446,28290
4447,10144
4448,19055
4449,6897
4450,25225
4451,26989
4452,15563
4453,18984
4454,17971
4455,29810
4456,17161
4457,926
4458,17950
4459,3291
4460,6944
4461,25521
4462,11070
4463,2831
4464,1984
4465,4812
4466,14673
4467,1190
4468,10842
4469,3098
4470,17042
4471,15694
4472,23606
4473,23362
4474,2562
4475,3573
4476,12787
4477,11724
4478,9724
4479,3215
4480,24799
4481,7864
4482,5672
4483,24777
4484,9124
4485,24942
4486,6387
4487,14179
4488,19406
4489,8084
4490,25627
4491,9019
4492,26929
4493,12889
4494,17345
4495,3254
4496,7567
4497,26080
4498,19086
4499,13523
4500,20069
4501,8412
4502,17327
4503,4086
4504,16593
4505,26385
4506,7681
4507,23612
4508,22775
4509,12321
4510,4590
4511,15282
4512,18920
4513,18974
4514,386
4515,11575
4516,26538
4517,7388
4518,7186
4519,21468
4520,13574
4521,17506
4522,8495
4523,24350
4524,17491
4525,9475
4526,7450
4527,28461
4528,10374
4529,25704
4530,7776
4531,4007
4532,27392
4533,9484
4534,21630
4535,1690
4536,12243
4537,21960
4538,29777
4539,1119
4540,7614
4541,10408
4542,25659
4543,22240
4544,25825
4545,19408
4546,6609
4547,2507
4548,16586
4549,29278
4550,11335
4551,21979
4552,17445
4553,28014
4554,27146
4555,29713
4556,6704
4557,29438
4558,24314
4559,15749
4560,267
4561,26754
4562,13714
4563,21898
4564,5267
4565,22438
4566,23638
4567,564
4568,2894
4569,9017
4570,4738
4571,27134
4572,24531
4573,29253
4574,1580
4575,26425
4576,6649
4577,9914
4578,8353
4579,14905
4580,12755
4581,9371
4582,16380
4583,2765
4584,14081
4585,28802
4586,15082
4587,28889
4588,4760
4589,2511
4590,4981
4591,2976
4592,19094
4593,7611
4594,13413
4595,1638
4596,16879
4597,20483
4598,16813
4599,21812
4600,25835
4601,17690
4602,1817
4603,6758
4604,29021
4605,17345
4606,1804
4607,8468
4608,1390
4609,8401
4610,15982
4611,12108
4612,12658
4613,17181
4614,8079
4615,26737
4616,2994
4617,5281
4618,14667
4619,12847
4620,24364
4621,28935
4622,16416
4623,18940
4624,18606
4625,8133
4626,28178
4627,5339
4628,10187
4629,4925
4630,19619
4631,9565
4632,19382
4633,15654
4634,17419
4635,18662
4636,14413
4637,3612
4638,17113
4639,26023
4640,23475
4641,924
4642,20839
4643,14591
4644,26762
4645,1204
4646,18438
4647,27887
4648,5564
4649,23959
4650,8872
4651,16847
4652,27197
4653,14376
4654,25031
4655,959
4656,25621
4657,29021
4658,14134
4659,11567
4660,25630
4661,9712
4662,1274
4663,4952
4664,17100
4665,20308
4666,1809
4667,2595
4668,17491
4669,3396
4670,23156
4671,10260
4672,27214
4673,314
4674,15171
4675,1549
4676,16543
4677,16756
4678,2867
4679,21268
4680,19390
4681,26404
4682,18734
4683,6365
4684,16327
4685,24082
4686,13351
4687,21393
4688,29620
4689,15043
4690,13958
4691,20353
4692,19267
4693,18132
4694,7686
4695,9563
4696,22179
4697,26049
4698,19098
4699,3055
4700,24203
4701,3447
4702,29233
4703,26649
4704,26524
4705,29787
4706,6743
4707,2618
4708,22437
4709,17211
4710,11508
4711,3057
4712,17205
4713,5312
4714,13633
4715,21346
4716,4178
4717,19307
4718,7707
4719,21643
4720,147
4721,22198
4722,19262
4723,13426
4724,8996
4725,12899
4726,19722
4727,9330
4728,1661
4729,29682
4730,4230
4731,27560
4732,11404
4733,11340
4734,869
4735,8256
4736,23749
4737,14193
4738,16976
4739,10935
4740,1940
4741,20271
4742,3736
4743,22163
4744,23599
4745,8530
4746,15988
4747,19722
4748,15729
4749,15317
4750,13515
4751,15096
4752,10978
4753,21978
4754,8993
4755,20470
4756,19765
4757,7627
4758,29096
4759,21268
4760,10830
4761,29480
4762,21979
4763,770
4764,12581
4765,4462
4766,29379
4767,15564
4768,3205
4769,8504
4770,471
4771,22765
4772,20756
4773,26476
4774,10252
4775,23940
4776,18602
4777,9061
4778,3264
4779,100
4780,26179
4781,5277
4782,12115
4783,15428
4784,23704
4785,7616
4786,5875
4787,1959
4788,280
4789,9746
4790,3967
4791,10516
4792,25447
4793,1792
4794,3333
4795,28722
4796,20471
4797,10463
4798,24444
4799,15249
4800,26262
4801,2804
4802,26546
4803,27920
4804,6637
4805,26349
4806,9159
4807,19234
4808,27159
4809,13724
4810,16219
4811,28524
4812,18759
4813,29230
4814,19302
4815,8264
4816,19413
4817,28722
4818,23201
4819,11859
4820,10643
4821,20135
4822,13328
4823,22210
4824,6068
4825,28852
4826,15152
4827,12765
4828,23892
4829,3937
4830,8433
4831,21951
4832,29721
4833,18845
4834,28069
4835,26276
4836,325
4837,887
4838,16051
4839,16413
4840,20077
4841,14968
4842,18039
4843,7147
4844,21634
4845,10382
4846,20926
4847,18550
4848,22817
4849,28173
4850,28013
4851,28967
4852,26053
4853,133
4854,20074
4855,25475
4856,20393
4857,6246
4858,1691
4859,2800
4860,11222
4861,8301
4862,20957
4863,23506
4864,28600
4865,14663
4866,17021
4867,11787
4868,13921
4869,2824
4870,23021
4871,14365
4872,7457
4873,16138
4874,9213
4875,7978
4876,1743
4877,4011
4878,15441
4879,433
4880,8399
4881,23412
4882,647
4883,12740
4884,26647
4885,2040
4886,24250
4887,10023
4888,11187
4889,13607
4890,26003
4891,8271
4892,13926
4893,28368
4894,4782
4895,18638
4896,10161
4897,975
4898,4701
4899,11570
4900,14203
4901,26875
4902,7947
4903,19453
4904,24173
4905,27201
4906,25465
4907,4632
4908,7900
4909,15598
4910,29790
4911,2482
4912,29213
4913,28854
4914,7410
4915,20253
4916,18357
4917,21249
4918,17591
4919,19571
4920,26533
4921,4828
4922,2414
4923,26304
4924,21096
4925,8419
4926,17347
4927,4389
4928,641
4929,7305
4930,22435
4931,28143
4932,12385
4933,5349
4934,6901
4935,16375
4936,23329
4937,4353
4938,2017
4939,17961
4940,13123
4941,17138
4942,19561
4943,15263
4944,26121
4945,7345
4946,8930
4947,24964
4948,19848
4949,20889
4950,7820
4951,27199
4952,14642
4953,19840
4954,4140
4955,8421
4956,21097
4957,10584
4958,325
4959,10409
4960,24020
4961,22653
4962,21928
4963,453
4964,5607
4965,17632
4966,707
4967,24291
4968,12890
4969,21436
4970,25598
4971,5785
4972,25897
4973,8473
4974,3325
4975,24288
4976,8328
4977,5481
4978,28981
4979,24441
4980,19032
4981,6606
4982,9831
4983,29824
4984,3397
4985,29436
4986,23321
4987,12829
4988,29625
4989,20375
4990,4190
4991,16557
4992,29841
4993,18029
4994,8864
4995,9605
4996,13017
4997,24493
4998,14780
4999,3313
5000,7659
5001,26379
5002,25044
5003,28488
5004,258
5005,5768
5006,11313
5007,3335
5008,18014
5009,15303
5010,27766
5011,9199
5012,14166
5013,4295
5014,20235
5015,6252
5016,21254
5017,12085
5018,6168
5019,2272
5020,27256
5021,12246
5022,10106
5023,16481
5024,424
5025,7444
5026,21308
5027,2641
5028,3300
5029,7567
5030,5277
5031,448
5032,3888
5033,25334
5034,21133
5035,13570
5036,22210
5037,16959
5038,877
5039,29825
5040,15400
5041,2708
5042,3950
5043,5359
5044,15076
5045,26165
5046,13615
5047,26087
5048,13998
5049,3564
5050,21153
5051,11929
5052,22464
5053,18740
5054,19304
5055,21494
5056,14439
5057,7587
5058,3601
5059,13988
5060,3439
5061,910
5062,498
5063,17651
5064,22228
5065,10316
5066,208
5067,1272
5068,10647
5069,2568
5070,3965
5071,23275
5072,19676
5073,29794
5074,27890
5075,26732
5076,403
5077,28281
5078,27742
5079,11681
5080,7470
5081,6801
5082,12155
5083,12211
5084,17080
5085,10129
5086,9441
5087,4327
5088,25794
5089,14270
5090,24646
5091,28120
5092,11596
5093,1626
5094,29398
5095,5900
5096,1984
5097,15765
5098,1854
5099,29347
5100,9815
5101,16263
5102,2033
5103,18003
5104,15821
5105,21590
5106,27255
5107,12376
5108,25825
5109,13595
5110,18003
5111,10188
5112,13987
5113,1455
5114,5831
5115,10796
5116,9059
5117,13459
5118,24932
5119,9485
5120,881
5121,4962
5122,17143
5123,20968
5124,29165
5125,1655
5126,14629
5127,15865
5128,23625
5129,28690
5130,26360
5131,3330
5132,734
5133,9597
5134,2446
5135,20757
5136,7885
5137,21569
5138,10934
5139,15336
5140,27641
5141,6108
5142,25230
5143,6258
5144,24054
5145,7591
5146,5322
5147,2042
5148,14499
5149,10034
5150,1273
5151,21418
5152,3648
5153,23508
5154,5193
5155,1173
5156,611
5157,5229
5158,24496
5159,16946
5160,11534
5161,29934
5162,11460
5163,3516
5164,15043
5165,24794
5166,12223
5167,8583
5168,10425
5169,6853
5170,21271
5171,1850
5172,5433
5173,5743
5174,1480
5175,25849
5176,10659
5177,29089
5178,15908
5179,19870
5180,4247
5181,1714
5182,19884
5183,12515
5184,1451
5185,14490
5186,9263
5187,5672
5188,8864
5189,12849
5190,1344
5191,27364
5192,6621
5193,9519
5194,29367
5195,1332
5196,17059
5197,16667
5198,29659
5199,11880
5200,18492
5201,27083
5202,20305
5203,22818
5204,10060
5205,7628
5206,7545
5207,10325
5208,12414
5209,20181
5210,908
5211,13968
5212,13067
5213,25986
5214,21728
5215,7105
5216,25912
5217,4573
5218,27253
5219,2021
5220,10592
5221,14928
5222,17265
5223,7469
5224,15734
5225,2508
5226,21140
5227,2906
5228,25923
5229,11341
5230,13968
5231,16840
5232,22928
5233,17588
5234,10377
5235,25137
5236,28272
5237,6479
5238,3495
5239,14571
5240,7759
5241,3835
5242,12971
5243,27463
5244,1690
5245,24981
5246,3996
5247,11183
5248,11021
5249,14158
5250,10095
5251,28840
5252,7543
5253,24589
5254,21857
5255,8343
5256,27817
5257,28240
5258,27722
5259,23495
5260,3231
5261,25712
5262,15444
5263,24121
5264,12088
5265,14274
5266,1443
5267,9668
5268,22874
5269,1558
5270,20088
5271,11586
5272,2971
5273,18646
5274,11662
5275,7139
5276,13440
5277,19806
5278,25403
5279,25830
5280,27032
5281,5407
5282,11288
5283,27147
5284,13145
5285,20100
5286,16016
5287,29948
5288,13802
5289,9766
5290,17456
5291,16338
5292,15359
5293,5507
5294,23646
5295,23160
5296,21612
5297,14257
5298,29535
5299,5980
5300,29181
5301,2266
5302,21955
5303,9284
5304,15034
5305,17673
5306,3856
5307,4006
5308,14951
5309,27725
5310,13111
5311,11520
5312,28056
5313,20996
5314,25427
5315,102
5316,25824
5317,6979
5318,29948
5319,24919
5320,19526
5321,8263
5322,8160
5323,24348
5324,14696
5325,27964
5326,21610
5327,22758
5328,24324
5329,29830
5330,23978
5331,25093
5332,27728
5333,21105
5334,21827
5335,15686
5336,11352
5337,18547
5338,16415
5339,3959
5340,12493
5341,21714
5342,1883
5343,26417
5344,17618
5345,19841
5346,13870
5347,17299
5348,8671
5349,14053
5350,15746
5351,22655
5352,17514
5353,26363
5354,6521
5355,27988
5356,22896
5357,18400
5358,21395
5359,5713
5360,28842
5361,12924
5362,29462
5363,13648
5364,17276
5365,5871
5366,12231
5367,23910
5368,18977
5369,11353
5370,5165
5371,1551
5372,12045
5373,27964
5374,21060
5375,7889
5376,10995
5377,4593
5378,7961
5379,15708
5380,20574
5381,1548
5382,24227
5383,29019
5384,22532
5385,11407
5386,3311
5387,5007
5388,28214
5389,26391
5390,29241
5391,22083
5392,10363
5393,5430
5394,14921
5395,16045
5396,20956
5397,28592
5398,23384
5399,4057
5400,15076
5401,20235
5402,20286
5403,1933
5404,24887
5405,18015
5406,28358
5407,228
5408,17517
5409,6180
5410,12732
5411,10627
5412,5557
5413,21309
5414,16288
5415,18650
5416,6034
5417,13101
5418,27509
5419,22556
5420,13399
5421,8846
5422,13820
5423,13265
5424,3927
5425,27420
5426,13782
5427,5625
5428,20237
5429,14206
5430,5034
5431,8160
5432,18845
5433,26413
5434,25330
5435,15838
5436,6619
5437,13950
5438,12704
5439,11726
5440,23053
5441,8392
5442,24509
5443,9435
5444,1399
5445,22646
5446,25627
5447,9746
5448,4453
5449,26805
5450,25689
5451,24928
5452,19206
5453,16072
5454,7781
5455,3913
5456,14421
5457,10642
5458,19833
5459,8740
5460,9525
5461,5898
5462,14386
5463,1156
5464,11476
5465,25785
5466,18811
5467,23571
5468,7129
5469,27088
5470,11453
5471,23697
5472,20625
5473,9100
5474,19643
5475,4628
5476,18542
5477,23471
5478,27522
5479,8973
5480,27683
5481,2110
5482,730
5483,8220
5484,15023
5485,11122
5486,6061
5487,4494
5488,26669
5489,9834
5490,6300
5491,6059
5492,22131
5493,15511
5494,537
5495,26613
5496,25206
5497,2893
5498,10595
5499,20871
5500,7507
5501,20926
5502,20904
5503,19355
5504,7279
5505,7835
5506,12909
5507,5164
5508,12254
5509,15364
5510,28654
5511,17704
5512,14770
5513,12110
5514,27923
5515,3198
5516,24656
5517,2820
5518,17330
5519,24469
5520,5173
5521,12541
5522,1961
5523,27537
5524,15565
5525,25887
5526,17175
5527,4516
5528,11672
5529,1607
5530,21673
5531,25962
5532,13962
5533,9129
5534,15454
5535,13193
5536,25492
5537,27488
5538,12109
5539,20972
5540,2849
5541,4076
5542,11933
5543,20731
5544,20891
5545,5811
5546,12906
5547,27740
5548,26095
5549,22368
5550,19697
5551,23296
5552,29906
5553,9004
5554,22052
5555,9804
5556,14451
5557,2350
5558,19143
5559,1134
5560,11902
5561,17007
5562,21911
5563,9969
5564,10258
5565,15349
5566,26051
5567,21142
5568,6388
5569,7800
5570,8951
5571,20214
5572,25099
5573,9361
5574,10729
5575,22343
5576,3322
5577,13402
5578,10936
5579,20190
5580,27618
5581,1097
5582,22197
5583,9438
5584,24294
5585,12511
5586,28804
5587,16662
5588,16795
5589,4111
5590,1962
5591,29888
5592,11288
5593,3532
5594,5816
5595,17236
5596,12813
5597,27154
5598,24372
5599,20018
5600,14795
5601,21069
5602,6993
5603,13564
5604,13713
5605,29949
5606,21801
5607,20532
5608,23466
5609,27193
5610,13328
5611,25187
5612,5728
5613,1758
5614,2350
5615,17603
5616,11120
5617,16050
5618,1299
5619,25828
5620,24733
5621,7102
5622,15069
5623,14776
5624,23826
5625,13102
5626,28538
5627,15746
5628,11358
5629,6969
5630,25777
5631,11190
5632,20934
5633,3882
5634,5421
5635,9266
5636,9051
5637,9295
5638,18845
5639,29287
5640,29076
5641,18813
5642,23362
5643,966
5644,12579
5645,26702
5646,27191
5647,19260
5648,5621
5649,25726
5650,18170
5651,4508
5652,20955
5653,3397
5654,2560
5655,27068
5656,10013
5657,11823
5658,13180
5659,11742
5660,21848
5661,14078
5662,4452
5663,19460
5664,20815
5665,13298
5666,14345
5667,24924
5668,23096
5669,29816
5670,18050
5671,13479
5672,16901
5673,16193
5674,20901
5675,20735
5676,2283
5677,2878
5678,11142
5679,13430
5680,23739
5681,14895
5682,28780
5683,26881
5684,15673
5685,9785
5686,19093
5687,20124
5688,20420
5689,18670
5690,12631
5691,2522
5692,6002
5693,16893
5694,21332
5695,27979
5696,9784
5697,23040
5698,5620
5699,23785
5700,22606
5701,21333
5702,20799
5703,3853
5704,8136
5705,15870
5706,29359
5707,12949
5708,14093
5709,22129
5710,14746
5711,22799
5712,22602
5713,27206
5714,16487
5715,26976
5716,20851
5717,9040
5718,3046
5719,8582
5720,370
5721,12114
5722,4474
5723,22701
5724,13157
5725,2300
5726,19939
5727,26827
5728,6112
5729,2986
5730,24872
5731,27803
5732,7736
5733,22947
5734,29375
5735,26457
5736,2485
5737,25255
5738,23530
5739,10640
5740,19578
5741,10383
5742,5395
5743,3612
5744,25905
5745,498
5746,21481
5747,5686
5748,7191
5749,18693
5750,12603
5751,20122
5752,26403
5753,20565
5754,18034
5755,10987
5756,28583
5757,747
5758,14549
5759,6178
5760,23849
5761,5347
5762,22985
5763,17266
5764,22811
5765,5371
5766,25934
5767,29903
5768,5470
5769,24327
5770,11503
5771,8532
5772,2119
5773,3160
5774,6635
5775,11543
5776,22902
5777,24571
5778,24746
5779,12442
5780,1582
5781,20269
5782,20724
5783,14033
5784,19242
5785,16928
5786,27983
5787,27033
5788,16125
5789,9908
5790,25257
5791,26122
5792,13438
5793,6695
5794,7935
5795,3396
5796,26731
5797,11259
5798,26442
5799,6464
5800,28731
5801,26843
5802,29571
5803,14268
5804,2036
5805,2463
5806,29900
5807,3004
5808,1431
5809,8236
5810,11190
5811,29358
5812,2634
5813,19490
5814,1222
5815,23388
5816,2862
5817,20294
5818,26817
5819,24495
5820,20203
5821,20492
5822,9200
5823,14807
5824,25536
5825,25183
5826,6689
5827,9287
5828,24673
5829,23540
5830,24997
5831,5951
5832,25396
5833,14001
5834,24646
5835,13535
5836,17074
5837,13949
5838,12977
5839,24950
5840,21619
5841,9371
5842,29692
5843,10571
5844,6454
5845,8633
5846,9661
5847,25675
5848,6129
5849,29823
5850,20598
5851,22210
5852,20638
5853,6385
5854,18769
5855,27388
5856,28650
5857,7300
5858,27084
5859,12871
5860,865
5861,735
5862,5828
5863,4767
5864,8048
5865,22512
5866,8966
5867,21606
5868,10372
5869,18821
5870,27762
5871,22671
5872,16447
5873,1670
5874,24881
5875,27688
5876,4439
5877,12191
5878,16717
5879,4234
5880,22152
5881,19975
5882,17169
5883,14228
5884,25499
5885,3665
5886,21821
5887,28293
5888,22452
5889,26946
5890,20316
5891,7447
5892,28100
5893,11886
5894,17204
5895,21077
5896,25515
5897,5778
5898,26912
5899,5022
5900,12368
5901,12347
5902,24092
5903,7283
5904,23066
5905,26867
5906,26164
5907,14764
5908,265
5909,17040
5910,18388
5911,2486
5912,23385
5913,27808
5914,18721
5915,28937
5916,554
5917,28831
5918,1984
5919,21649
5920,25992
5921,20293
5922,9499
5923,12216
5924,22380
5925,17241
5926,930
5927,25343
5928,9409
5929,13539
5930,9627
5931,26548
5932,22255
5933,28443
5934,1941
5935,6753
5936,17215
5937,7591
5938,3302
5939,11303
5940,16673
5941,28038
5942,16856
5943,12108
5944,8482
5945,25365
5946,11953
5947,282
5948,8969
5949,4594
5950,11222
5951,26667
5952,468
5953,5057
5954,11923
5955,20200
5956,7290
5957,14844
5958,20604
5959,12708
5960,8129
5961,10456
5962,18472
5963,28883
5964,8909
5965,16500
5966,19696
5967,13128
5968,13444
5969,21480
5970,16392
5971,15423
5972,29570
5973,27036
5974,729
5975,9266
5976,16267
5977,24282
5978,13916
5979,5215
5980,7351
5981,18319
5982,5896
5983,26565
5984,24556
5985,29741
5986,435
5987,16974
5988,17541
5989,28699
5990,23179
5991,8826
5992,2396
5993,4167
5994,4724
5995,14060
5996,18156
5997,14029
5998,4856
5999,12393
6000,14866
6001,9645
6002,23593
6003,3982
6004,6518
6005,9977
6006,17974
6007,21230
6008,18463
6009,26310
6010,16675
6011,3099
6012,16250
6013,14778
6014,16481
6015,4809
6016,3534
6017,8678
6018,14109
6019,7984
6020,14139
6021,21319
6022,2921
6023,6410
6024,22583
6025,20778
6026,29405
6027,28697
6028,20144
6029,19550
6030,2793
6031,20254
6032,6508
6033,9480
6034,16289
6035,10390
6036,22882
6037,21811
6038,9390
6039,11952
6040,29162
6041,3903
6042,19721
6043,22734
6044,18977
6045,19359
6046,13387
6047,10185
6048,11704
6049,16741
6050,15793
6051,28425
6052,26878
6053,14081
6054,2334
6055,28772
6056,6408
6057,13528
6058,8239
6059,7606
6060,27581
6061,17397
6062,28112
6063,3583
6064,14987
6065,11530
6066,17282
6067,29640
6068,4615
6069,3751
6070,16651
6071,11947
6072,13221
6073,968
6074,12593
6075,5859
6076,29601
6077,13167
6078,15272
6079,13309
6080,8865
6081,2292
6082,12867
6083,27827
6084,1696
6085,3259
6086,2674
6087,24027
6088,3186
6089,22680
6090,20090
6091,20726
6092,28819
6093,9554
6094,11983
6095,172
6096,12373
6097,23034
6098,21660
6099,18498
6100,12899
6101,2526
6102,6702
6103,29798
6104,1370
6105,27130
6106,14531
6107,8959
6108,12122
6109,10144
6110,20726
6111,6376
6112,9051
6113,21874
6114,20923
6115,3702
6116,28644
6117,18508
6118,9040
6119,20925
6120,5333
6121,8198
6122,28089
6123,29053
6124,22137
6125,7120
6126,26511
6127,29546
6128,29251
6129,7023
6130,19898
6131,29790
6132,23113
6133,15562
6134,3694
6135,13602
6136,4744
6137,5283
6138,2918
6139,22258
6140,142
6141,9680
6142,1878
6143,19330
6144,3459
6145,28951
6146,3582
6147,29127
6148,15555
6149,23825
6150,24290
6151,27611
6152,26336
6153,15860
6154,28546
6155,19854
6156,17582
6157,26705
6158,14658
6159,8500
6160,15958
6161,19881
6162,19024
6163,5424
6164,20796
6165,4334
6166,5587
6167,4365
6168,1116
6169,7123
6170,18005
6171,14827
6172,9541
6173,9096
6174,24580
6175,22098
6176,8122
6177,23737
6178,26219
6179,5197
6180,14936
6181,9917
6182,22896
6183,4106
6184,22766
6185,21276
6186,27509
6187,1348
6188,24990
6189,7574
6190,21114
6191,7759
6192,25900
6193,12744
6194,23560
6195,6687
6196,21200
6197,2870
6198,17293
6199,1093
6200,5542
6201,16838
6202,21755
6203,5382
6204,303
6205,7465
6206,25753
6207,10105
6208,8722
6209,25395
6210,10292
6211,28469
6212,28433
6213,26787
6214,23793
6215,19393
6216,3293
6217,4285
6218,2005
6219,971
6220,21331
6221,18637
6222,19244
6223,28477
6224,29226
6225,10035
6226,7022
6227,20064
6228,14236
6229,2349
6230,8816
6231,24272
6232,27361
6233,24216
6234,27675
6235,24879
6236,18618
6237,18067
6238,20432
6239,18858
6240,8478
6241,15556
6242,21155
6243,28115
6244,2094
6245,12037
6246,16047
6247,677
6248,15162
6249,9246
6250,213
6251,5611
6252,28984
6253,13240
6254,2534
6255,6114
6256,18164
6257,15208
6258,18133
6259,4951
6260,8634
6261,13852
6262,10967
6263,25060
6264,20147
6265,10960
6266,8302
6267,1515
6268,6625
6269,27056
6270,16803
6271,5503
6272,20907
6273,17410
6274,24591
6275,4525
6276,7464
6277,15137
6278,12806
6279,2059
6280,9281
6281,10477
6282,11153
6283,19823
6284,762
6285,3426
6286,20102
6287,14888
6288,29844
6289,25896
6290,11814
6291,14420
6292,9620
6293,18082
6294,24816
6295,27803
6296,23643
6297,18434
6298,15807
6299,17302
6300,23807
6301,1191
6302,1289
6303,22438
6304,10621
6305,13125
6306,763
6307,25429
6308,3320
6309,15137
6310,22136
6311,3063
6312,6267
6313,20996
6314,15315
6315,3806
6316,781
6317,12960
6318,6263
6319,9087
6320,17401
6321,28716
6322,13907
6323,791
6324,19373
6325,21154
6326,25580
6327,27623
6328,28669
6329,534
6330,25957
6331,22737
6332,6738
6333,11915
6334,28255
6335,7518
6336,13549
6337,6641
6338,6195
6339,28224
6340,23260
6341,10888
6342,16312
6343,4446
6344,28102
6345,22752
6346,8250
6347,10422
6348,4335
6349,7965
6350,14024
6351,11795
6352,7025
6353,3090
6354,24165
6355,7247
6356,7980
6357,12840
6358,514
6359,16927
6360,3750
6361,11246
6362,10622
6363,19750
6364,16662
6365,23767
6366,24739
6367,27815
6368,20859
6369,8341
6370,28357
6371,956
6372,24173
6373,4655
6374,13499
6375,26961
6376,21347
6377,12311
6378,19293
6379,2826
6380,5514
6381,17917
6382,25547
6383,5826
6384,4311
6385,5326
6386,11783
6387,24397
6388,9877
6389,14184
6390,7727
6391,28408
6392,22379
6393,8296
6394,28083
6395,9391
6396,25379
6397,26175
6398,9183
6399,3582
6400,10256
6401,8916
6402,17933
6403,24676
6404,18789
6405,21249
6406,19853
6407,5040
6408,23123
6409,16195
6410,2662
6411,2598
6412,17780
6413,14074
6414,28610
6415,1849
6416,9887
6417,5105
6418,20063
6419,13287
6420,4412
6421,20214
6422,27356
6423,4641
6424,12206
6425,27616
6426,19546
6427,9375
6428,22590
6429,7332
6430,7816
6431,21226
6432,20864
6433,27044
6434,2569
6435,22755
6436,4080
6437,9906
6438,10231
6439,29875
6440,12190
6441,9549
6442,2407
6443,10208
6444,22372
6445,21283
6446,8261
6447,29248
6448,1813
6449,10746
6450,5161
6451,11396
6452,4431
6453,12965
6454,2401
6455,24244
6456,11421
6457,25001
6458,27475
6459,20370
6460,26909
6461,6031
6462,19456
6463,7794
6464,7927
6465,26409
6466,28092
6467,17408
6468,14865
6469,17110
6470,6583
6471,15604
6472,20816
6473,27569
6474,4951
6475,8356
6476,10623
6477,18631
6478,9162
6479,3534
6480,17964
6481,11271
6482,17400
6483,16914
6484,20113
6485,17043
6486,7517
6487,672
6488,28754
6489,16406
6490,13943
6491,24755
6492,17408
6493,27506
6494,7821
6495,14134
6496,12742
6497,2555
6498,17982
6499,9007
6500,20140
6501,3848
6502,20024
6503,17021
6504,10559
6505,2822
6506,12269
6507,21802
6508,3897
6509,12492
6510,25601
6511,14723
6512,7812
6513,19702
6514,13362
6515,23131
6516,20026
6517,16782
6518,23583
6519,22317
6520,5496
6521,12462
6522,22691
6523,9654
6524,21171
6525,16487
6526,4206
6527,28424
6528,29472
6529,12597
6530,24608
6531,28551
6532,28910
6533,5723
6534,4299
6535,28638
6536,10250
6537,7042
6538,2697
6539,18395
6540,28291
6541,6895
6542,2177
6543,8460
6544,11066
6545,28144
6546,6590
6547,11253
6548,5671
6549,25293
6550,6507
6551,22590
6552,9704
6553,14072
6554,22719
6555,2520
6556,11456
6557,9149
6558,1921
6559,6364
6560,24675
6561,18995
6562,4427
6563,10949
6564,6689
6565,22930
6566,20607
6567,10776
6568,28249
6569,21386
6570,15466
6571,19876
6572,4786
6573,25784
6574,27829
6575,28717
6576,19762
6577,25769
6578,2645
6579,17902
6580,27642
6581,6282
6582,29100
6583,9509
6584,18995
6585,26137
6586,18171
6587,6231
6588,5803
6589,14751
6590,11722
6591,14055
6592,2973
6593,13462
6594,17766
6595,9051
6596,13771
6597,28066
6598,10607
6599,22911
6600,22573
6601,24482
6602,23175
6603,28578
6604,21134
6605,879
6606,6192
6607,5005
6608,23575
6609,8000
6610,4938
6611,9267
6612,22101
6613,29953
6614,18649
6615,5717
6616,6936
6617,19744
6618,28835
6619,15285
6620,15060
6621,21873
6622,16124
6623,21196
6624,13373
6625,23963
6626,5264
6627,4892
6628,1041
6629,4969
6630,12400
6631,29635
6632,29495
6633,28000
6634,8313
6635,15358
6636,17508
6637,10800
6638,18091
6639,24992
6640,22768
6641,19691
6642,18719
6643,13397
6644,18825
6645,27583
6646,20297
6647,19902
6648,18875
6649,14140
6650,13468
6651,1782
6652,22502
6653,12744
6654,10468
6655,13528
6656,6096
6657,1117
6658,6057
6659,22277
6660,22706
6661,2551
6662,9199
6663,6144
6664,29500
6665,16605
6666,6109
6667,28711
6668,11575
6669,3211
6670,21704
6671,18335
6672,2544
6673,10007
6674,2601
6675,8363
6676,22638
6677,2336
6678,3294
6679,13035
6680,15723
6681,18221
6682,8426
6683,26504
6684,19322
6685,14495
6686,27171
6687,9933
6688,5317
6689,28998
6690,11454
6691,20943
6692,15810
6693,27192
6694,27048
6695,5885
6696,26996
6697,16006
6698,27366
6699,1608
6700,19725
6701,23955
6702,21252
6703,29309
6704,6445
6705,27715
6706,9836
6707,8701
6708,3360
6709,12921
6710,11256
6711,23715
6712,2371
6713,3610
6714,19229
6715,23126
6716,18230
6717,23515
6718,12734
6719,13133
6720,12318
6721,21686
6722,19630
6723,13814
6724,3166
6725,9929
6726,8133
6727,1374
6728,16898
6729,10398
6730,24111
6731,11409
6732,3769
6733,17266
6734,9271
6735,23615
6736,22454
6737,27716
6738,4442
6739,10198
6740,20644
6741,10003
6742,16346
6743,12139
6744,11812
6745,29343
6746,14416
6747,11355
6748,11987
6749,25767
6750,3434
6751,7416
6752,17592
6753,8187
6754,4862
6755,8601
6756,11024
6757,10255
6758,14828
6759,15996
6760,680
6761,24776
6762,14637
6763,12049
6764,20979
6765,16316
6766,14352
6767,23888
6768,22118
6769,3966
6770,11398
6771,10801
6772,8995
6773,5040
6774,28846
6775,2844
6776,22326
6777,14576
6778,7144
6779,23883
6780,17357
6781,16385
6782,4387
6783,25454
6784,27879
6785,225
6786,926
6787,13595
6788,27275
6789,26815
6790,2581
6791,23241
6792,15911
6793,4320
6794,10388
6795,5719
6796,340
6797,29000
6798,27029
6799,28941
6800,28213
6801,25244
6802,4719
6803,27923
6804,10179
6805,14235
6806,25548
6807,6730
6808,7720
6809,2941
6810,17751
6811,5658
6812,1563
6813,11144
6814,29660
6815,27882
6816,15101
6817,9450
6818,3219
6819,24299
6820,14638
6821,5109
6822,13356
6823,19436
6824,5224
6825,2333
6826,26970
6827,26280
6828,23850
6829,648
6830,4094
6831,23902
6832,7485
6833,6249
6834,21536
6835,216
6836,21549
6837,20525
6838,22065
6839,5386
6840,21910
6841,26956
6842,17071
6843,6711
6844,10497
6845,19884
6846,18835
6847,22741
6848,22357
6849,9591
6850,20343
6851,23076
6852,17990
6853,5772
6854,11037
6855,23216
6856,19241
6857,17538
6858,25720
6859,12323
6860,15402
6861,9409
6862,313
6863,13829
6864,1221
6865,29112
6866,3980
6867,1709
6868,26019
6869,5111
6870,9053
6871,14808
6872,23297
6873,19996
6874,7999
6875,20486
6876,27563
6877,24295
6878,14374
6879,26733
6880,23133
6881,21291
6882,7455
6883,26150
6884,10169
6885,29092
6886,14781
6887,20032
6888,14858
6889,24041
6890,29480
6891,20941
6892,20703
6893,9503
6894,20164
6895,3100
6896,9400
6897,22151
6898,21080
6899,21841
6900,24658
6901,21598
6902,24029
6903,20333
6904,2199
6905,24262
6906,20704
6907,23549
6908,15674
6909,28471
6910,29660
6911,14827
6912,12134
6913,23675
6914,1573
6915,3512
6916,6212
6917,2733
6918,2391
6919,5817
6920,5173
6921,4116
6922,1335
6923,6450
6924,11709
6925,22797
6926,13322
6927,23928
6928,14789
6929,6394
6930,11611
6931,24413
6932,25977
6933,6565
6934,25242
6935,27238
6936,11825
6937,3428
6938,3737
6939,4039
6940,25549
6941,16237
6942,15549
6943,12803
6944,2137
6945,4938
6946,27853
6947,19581
6948,8557
6949,3884
6950,3136
6951,24752
6952,2711
6953,1258
6954,28368
6955,12626
6956,20764
6957,17982
6958,16674
6959,19412
6960,21006
6961,6149
6962,20262
6963,321
6964,2513
6965,23729
6966,25481
6967,11103
6968,27957
6969,26051
6970,25484
6971,25349
6972,10577
6973,26711
6974,5897
6975,21341
6976,18289
6977,6135
6978,21682
6979,10197
6980,11182
6981,16243
6982,16197
6983,9854
6984,4963
6985,19548
6986,27419
6987,10879
6988,7092
6989,6304
6990,459
6991,7289
6992,6105
6993,17048
6994,11793
6995,14627
6996,3458
6997,15861
6998,7650
6999,10163
7000,20389
7001,14805
7002,29119
7003,14411
7004,22311
7005,14686
7006,17477
7007,15497
7008,22089
7009,29466
7010,7767
7011,1428
7012,3721
7013,5048
7014,16700
7015,10663
7016,10452
7017,2384
7018,4456
7019,4664
7020,8077
7021,23358
7022,25776
7023,26973
7024,2086
7025,22320
7026,368
7027,6040
7028,7891
7029,20970
7030,3677
7031,29629
7032,28162
7033,883
7034,4881
7035,11239
7036,4088
7037,1272
7038,22093
7039,14399
7040,18630
7041,13518
7042,24236
7043,25734
7044,16260
7045,8531
7046,12132
7047,258
7048,13148
7049,9824
7050,26852
7051,23434
7052,22824
7053,24309
7054,7320
7055,11610
7056,26327
7057,27015
7058,13498
7059,18040
7060,7472
7061,5086
7062,28925
7063,1702
7064,4710
7065,14610
7066,25057
7067,21445
7068,23638
7069,3994
7070,686
7071,3617
7072,24697
7073,17503
7074,26868
7075,7366
7076,349
7077,28409
7078,18986
7079,2289
7080,16934
7081,18449
7082,7078
7083,14272
7084,3648
7085,13463
7086,19771
7087,11795
7088,19151
7089,29165
7090,24905
7091,27750
7092,1447
7093,13753
7094,11140
7095,23722
7096,20766
7097,21540
7098,23211
7099,24230
7100,16468
7101,29912
7102,14113
7103,25965
7104,5074
7105,1912
7106,6727
7107,27065
7108,23733
7109,18749
7110,18835
7111,2285
7112,18703
7113,1865
7114,5732
7115,26482
7116,17021
7117,21046
7118,22054
7119,17765
7120,23833
7121,3971
7122,16284
7123,29020
7124,24564
7125,17293
7126,5809
7127,1011
7128,21974
7129,16823
7130,10187
7131,23128
7132,25372
7133,27948
7134,21566
7135,13555
7136,10050
7137,5773
7138,22752
7139,2720
7140,8191
7141,19376
7142,6954
7143,26340
7144,7278
7145,18711
7146,17191
7147,10908
7148,15542
7149,23998
7150,4466
7151,9548
7152,10143
7153,25936
7154,19390
7155,5031
7156,5144
7157,1793
7158,28076
7159,8521
7160,24499
7161,13458
7162,3251
7163,21413
7164,23780
7165,7158
7166,16353
7167,19474
7168,8189
7169,11309
7170,13770
7171,28176
7172,16015
7173,18239
7174,29355
7175,12190
7176,8833
7177,17423
7178,20955
7179,28764
7180,3600
7181,27447
7182,17348
7183,5161
7184,4549
7185,2161
7186,8632
7187,12865
7188,4931
7189,15988
7190,12433
7191,16099
7192,9348
7193,8223
7194,8197
7195,23458
7196,12562
7197,3864
7198,23983
7199,29690
7200,7980
7201,6755
7202,24141
7203,8885
7204,28925
7205,4824
7206,25317
7207,20705
7208,26089
7209,6647
7210,29190
7211,28366
7212,19161
7213,25953
7214,15021
7215,10158
7216,15067
7217,24687
7218,14498
7219,29387
7220,19609
7221,22390
7222,10535
7223,20990
7224,9000
7225,29873
7226,19658
7227,2026
7228,8914
7229,24760
7230,6191
7231,19099
7232,22615
7233,28492
7234,17692
7235,28029
7236,27795
7237,19417
7238,13799
7239,15174
7240,18173
7241,4182
7242,4687
7243,14946
7244,16068
7245,29337
7246,9304
7247,25663
7248,6829
7249,26227
7250,5350
7251,22983
7252,19018
7253,28710
7254,6893
7255,8518
7256,14062
7257,25522
7258,15868
7259,10595
7260,28074
7261,16650
7262,24560
7263,6466
7264,29177
7265,9864
7266,29023
7267,22463
7268,3775
7269,28461
7270,2939
7271,18041
7272,17520
7273,24259
7274,7111
7275,13715
7276,12545
7277,27402
7278,6404
7279,9639
7280,17185
7281,16476
7282,29279
7283,15626
7284,17400
7285,19895
7286,26606
7287,19141
7288,2904
7289,18428
7290,23128
7291,20434
7292,9995
7293,24648
7294,8615
7295,7489
7296,7551
7297,6433
7298,9844
7299,18279
7300,12749
7301,28913
7302,15923
7303,22630
7304,26919
7305,6956
7306,14290
7307,1481
7308,23137
7309,10462
7310,25708
7311,27783
7312,20707
7313,28509
7314,14023
7315,24418
7316,251
7317,22885
7318,25502
7319,6422
7320,3721
7321,17437
7322,23953
7323,27811
7324,16850
7325,14033
7326,2773
7327,5265
7328,15014
7329,16985
7330,4954
7331,17516
7332,17616
7333,14556
7334,20133
7335,18407
7336,2163
7337,19735
7338,15921
7339,21940
7340,6775
7341,24250
7342,2248
7343,8802
7344,5161
7345,24435
7346,8124
7347,7233
7348,27064
7349,27278
7350,7344
7351,7976
7352,6364
7353,3683
7354,15807
7355,655
7356,4413
7357,26357
7358,19971
7359,14497
7360,21382
7361,20533
7362,132
7363,16521
7364,9936
7365,11216
7366,7253
7367,13740
7368,24058
7369,10603
7370,20862
7371,27074
7372,2571
7373,12340
7374,3503
7375,6927
7376,3446
7377,24087
7378,1083
7379,28720
7380,26520
7381,23409
7382,16699
7383,11331
7384,15728
7385,19698
7386,3325
7387,24469
7388,1580
7389,14661
7390,3842
7391,11987
7392,22657
7393,29266
7394,28057
7395,2081
7396,11543
7397,23396
7398,26803
7399,7315
7400,1768
7401,23371
7402,29602
7403,12484
7404,7013
7405,11633
7406,1776
7407,12481
7408,10324
7409,29934
7410,25613
7411,24285
7412,7910
7413,24239
7414,17037
7415,4021
7416,21329
7417,15649
7418,11265
7419,26187
7420,5558
7421,13870
7422,7121
7423,8938
7424,275
7425,6713
7426,21702
7427,4736
7428,11526
7429,7152
7430,15469
7431,22005
7432,28267
7433,28205
7434,3406
7435,2472
7436,27387
7437,11021
7438,20070
7439,19505
7440,24945
7441,22457
7442,331
7443,27853
7444,9608
7445,3133
7446,6854
7447,6655
7448,3316
7449,15976
7450,2848
7451,15034
7452,14058
7453,29998
7454,27750
7455,1901
7456,15000
7457,1289
7458,1422
7459,24256
7460,4510
7461,29917
7462,16988
7463,16262
7464,7427
7465,6445
7466,20372
7467,16881
7468,19973
7469,29394
7470,11137
7471,28742
7472,1074
7473,7764
7474,16934
7475,20336
7476,29198
7477,16516
7478,4970
7479,11128
7480,15466
7481,15907
7482,11288
7483,9256
7484,9976
7485,13623
7486,23283
7487,20491
7488,3804
7489,5264
7490,26837
7491,1055
7492,29336
7493,25321
7494,20905
7495,26604
7496,19913
7497,21266
7498,4497
7499,24792
7500,18745
7501,4941
7502,1721
7503,2218
7504,19196
7505,14015
7506,23782
7507,2178
7508,18931
7509,29225
7510,8528
7511,17567
7512,4579
7513,26207
7514,16818
7515,17024
7516,20528
7517,4388
7518,25520
7519,5836
7520,25865
7521,28565
7522,16847
7523,25463
7524,505
7525,26585
7526,4195
7527,11847
7528,24244
7529,667
7530,2670
7531,12555
7532,20227
7533,27257
7534,2716
7535,27466
7536,19266
7537,24856
7538,1622
7539,6866
7540,18905
7541,27512
7542,9501
7543,10168
7544,18009
7545,5311
7546,9238
7547,24593
7548,5832
7549,5554
7550,14577
7551,10723
7552,18639
7553,2564
7554,22866
7555,9921
7556,20271
7557,25226
7558,11900
7559,9779
7560,14208
7561,10561
7562,23514
7563,27757
7564,4341
7565,13704
7566,4319
7567,22864
7568,16695
7569,29596
7570,4960
7571,6834
7572,15569
7573,7166
7574,2249
7575,12204
7576,6818
7577,20505
7578,14606
7579,20150
7580,6862
7581,26990
7582,1593
7583,29512
7584,13180
7585,6560
7586,24287
7587,21858
7588,28734
7589,15025
7590,29389
7591,10331
7592,16943
7593,6761
7594,24422
7595,2340
7596,23382
7597,10534
7598,4105
7599,14985
7600,23435
7601,11374
7602,24362
7603,23367
7604,27331
7605,6016
7606,440
7607,18243
7608,26255
7609,7990
7610,15733
7611,25099
7612,3391
7613,27142
7614,10867
7615,5509
7616,23015
7617,1004
7618,29907
7619,21438
7620,7106
7621,16766
7622,3157
7623,10704
7624,6711
7625,13956
7626,8901
7627,18194
7628,5249
7629,13188
7630,12965
7631,18959
7632,12628
7633,23905
7634,13926
7635,19347
7636,16036
7637,18208
7638,5296
7639,18001
7640,21619
7641,3110
7642,10840
7643,2140
7644,22197
7645,20647
7646,5029
7647,209
7648,10792
7649,18088
7650,10670
7651,19698
7652,16641
7653,25570
7654,20793
7655,14066
7656,841
7657,1170
7658,14081
7659,28337
7660,4934
7661,23060
7662,9294
7663,7741
7664,5688
7665,14700
7666,20716
7667,18855
7668,29016
7669,13440
7670,18468
7671,1593
7672,27828
7673,9467
7674,20914
7675,123
7676,8312
7677,13295
7678,2068
7679,16969
7680,4812
7681,27201
7682,13217
7683,13350
7684,18598
7685,22410
7686,7591
7687,21297
7688,8983
7689,24569
7690,158
7691,5442
7692,8613
7693,19266
7694,18048
7695,662
7696,8225
7697,21299
7698,22206
7699,8140
7700,14797
7701,10302
7702,3586
7703,18814
7704,26196
7705,9265
7706,15504
7707,21870
7708,24102
7709,23582
7710,29665
7711,19919
7712,26050
7713,2009
7714,22976
7715,3794
7716,25529
7717,21133
7718,10888
7719,19113
7720,27686
7721,7083
7722,17622
7723,7715
7724,13555
7725,3556
7726,5286
7727,12134
7728,446
7729,2963
7730,27173
7731,19528
7732,18370
7733,9929
7734,23535
7735,28925
7736,23040
7737,16699
7738,6782
7739,27290
7740,13875
7741,2061
7742,18775
7743,799
7744,5615
7745,24765
7746,16302
7747,29194
7748,19206
7749,349
7750,9314
7751,21171
7752,7905
7753,27849
7754,28590
7755,25169
7756,13759
7757,3947
7758,26462
7759,2358
7760,15504
7761,29027
7762,29850
7763,1958
7764,17519
7765,19259
7766,25587
7767,22503
7768,21952
7769,16284
7770,27972
7771,3915
7772,27076
7773,24422
7774,18416
7775,10857
7776,29348
7777,9053
7778,18265
7779,29637
7780,11930
7781,13055
7782,1936
7783,14883
7784,6660
7785,6077
7786,14597
7787,29249
7788,29211
7789,21607
7790,25623
7791,2994
7792,18303
7793,17917
7794,4438
7795,15304
7796,27547
7797,23439
7798,16630
7799,8453
7800,15255
7801,1642
7802,26286
7803,11176
7804,9936
7805,25581
7806,1212
7807,17137
7808,5307
7809,16353
7810,24882
7811,2890
7812,13959
7813,1949
7814,10453
7815,348
7816,16942
7817,18736
7818,29475
7819,22491
7820,1118
7821,16788
7822,4440
7823,29055
7824,1054
7825,27678
7826,6057
7827,22841
7828,22264
7829,502
7830,8645
7831,9672
7832,25806
7833,4331
7834,29222
7835,25682
7836,501
7837,29725
7838,20673
7839,24684
7840,3913
7841,26218
7842,15614
7843,5251
7844,16238
7845,28919
7846,2632
7847,11367
7848,26751
7849,20477
7850,19079
7851,1212
7852,22864
7853,28632
7854,19596
7855,22761
7856,16146
7857,22636
7858,12906
7859,28401
7860,16261
7861,26180
7862,120
7863,5915
7864,20002
7865,843
7866,26412
7867,29108
7868,28641
7869,10913
7870,11464
7871,17444
7872,24732
7873,19231
7874,1465
7875,14761
7876,12114
7877,15005
7878,8369
7879,14154
7880,19701
7881,19850
7882,4798
7883,18521
7884,17514
7885,13026
7886,7524
7887,16826
7888,12728
7889,24110
7890,11910
7891,11311
7892,6120
7893,18087
7894,23730
7895,3822
7896,28803
7897,3754
7898,4094
7899,18764
7900,14217
7901,29608
7902,4557
7903,14769
7904,8309
7905,28987
7906,17088
7907,13345
7908,9454
7909,10615
7910,19619
7911,4483
7912,28350
7913,8119
7914,2802
7915,16387
7916,24134
7917,7096
7918,29392
7919,17682
7920,29125
7921,10823
7922,2419
7923,2557
7924,17840
7925,4583
7926,16461
7927,696
7928,23947
7929,9916
7930,6116
7931,15452
7932,1390
7933,26779
7934,25986
7935,10556
7936,6264
7937,25453
7938,15711
7939,26619
7940,4547
7941,19572
7942,23350
7943,15982
7944,24898
7945,10165
7946,14605
7947,18081
7948,1098
7949,8594
7950,8050
7951,15392
7952,22446
7953,1427
7954,17905
7955,23265
7956,2918
7957,15368
7958,19414
7959,22910
7960,10069
7961,1276
7962,28067
7963,10783
7964,7071
7965,27898
7966,20670
7967,3375
7968,23308
7969,7319
7970,27613
7971,9120
7972,19134
7973,8657
7974,3286
7975,22757
7976,25710
7977,5327
7978,19660
7979,20765
7980,1857
7981,9792
7982,582
7983,4017
7984,23678
7985,17789
7986,27830
7987,28013
7988,25393
7989,13105
7990,4203
7991,10233
7992,23662
7993,2279
7994,26628
7995,2978
7996,13268
7997,14642
7998,19984
7999,4919
8000,27123
8001,29065
8002,12621
8003,4490
8004,577
8005,27622
8006,11429
8007,13527
8008,10094
8009,2098
8010,29067
8011,14248
8012,20951
8013,8205
8014,17909
8015,21220
8016,12477
8017,15842
8018,17310
8019,7370
8020,16881
8021,26033
8022,29909
8023,9682
8024,20604
8025,23013
8026,21208
8027,7462
8028,24761
8029,4266
8030,25144
8031,13962
8032,9041
8033,22890
8034,19803
8035,21916
8036,17389
8037,19358
8038,16883
8039,13061
8040,21999
8041,8674
8042,19460
8043,20971
8044,19180
8045,28731
8046,24950
8047,9655
8048,4745
8049,19564
8050,21548
8051,198
8052,17774
8053,24069
8054,8363
8055,4435
8056,11196
8057,19153
8058,29965
8059,22638
8060,26795
8061,24072
8062,22029
8063,26106
8064,22950
8065,10078
8066,19478
8067,6632
8068,15549
8069,18748
8070,16501
8071,19678
8072,5613
8073,29102
8074,2117
8075,15546
8076,8200
8077,4725
8078,2978
8079,15861
8080,7930
8081,27766
8082,11419
8083,26776
8084,29724
8085,24222
8086,7378
8087,27891
8088,12931
8089,26522
8090,7645
8091,18134
8092,20179
8093,3152
8094,8773
8095,9638
8096,13923
8097,22304
8098,29747
8099,15684
8100,11287
8101,18312
8102,25799
8103,20726
8104,26570
8105,13290
8106,19139
8107,5970
8108,3333
8109,6124
8110,19728
8111,7411
8112,19276
8113,20078
8114,28639
8115,20901
8116,2752
8117,15986
8118,3287
8119,25148
8120,21566
8121,24578
8122,11438
8123,370
8124,9901
8125,21379
8126,18567
8127,27957
8128,26830
8129,19425
8130,14000
8131,5526
8132,16833
8133,19563
8134,11253
8135,7498
8136,13679
8137,21997
8138,9759
8139,20466
8140,17295
8141,7442
8142,15514
8143,18531
8144,25204
8145,2543
8146,15212
8147,29494
8148,25005
8149,13833
8150,3813
8151,17958
8152,4290
8153,24269
8154,13624
8155,22887
8156,28655
8157,9576
8158,6819
8159,9156
8160,4311
8161,20501
8162,28495
8163,20403
8164,4942
8165,21558
8166,6497
8167,28121
8168,11159
8169,2411
8170,13204
8171,10512
8172,11713
8173,13988
8174,13534
8175,1066
8176,5236
8177,6387
8178,23633
8179,16988
8180,16669
8181,16898
8182,8178
8183,1540
8184,8765
8185,4563
8186,20414
8187,1308
8188,25419
8189,13097
8190,10152
8191,752
8192,10975
8193,15748
8194,7084
8195,11227
8196,19851
8197,10177
8198,25802
8199,11606
8200,14310
8201,29733
8202,27124
8203,24379
8204,7127
8205,22771
8206,13797
8207,1058
8208,11473
8209,8730
8210,6745
8211,18537
8212,689
8213,17568
8214,22440
8215,9370
8216,1934
8217,23259
8218,11786
8219,1705
8220,22369
8221,22534
8222,27046
8223,179
8224,22001
8225,15427
8226,251
8227,17198
8228,22434
8229,2319
8230,17539
8231,8985
8232,14414
8233,7833
8234,11591
8235,4184
8236,28395
8237,3488
8238,17135
8239,28914
8240,9179
8241,26509
8242,1942
8243,24343
8244,2378
8245,9124
8246,13305
8247,10169
8248,16487
8249,27070
8250,14863
8251,5691
8252,6958
8253,29049
8254,22977
8255,168
8256,9650
8257,270
8258,15462
8259,14176
8260,3291
8261,14394
8262,14151
8263,11969
8264,2719
8265,10248
8266,22254
8267,24600
8268,11146
8269,5427
8270,17570
8271,25950
8272,21978
8273,17075
8274,18192
8275,14662
8276,28573
8277,8296
8278,24140
8279,25321
8280,25858
8281,19808
8282,23554
8283,24822
8284,1105
8285,10543
8286,16938
8287,23635
8288,5586
8289,17722
8290,14055
8291,5903
8292,13758
8293,25944
8294,13923
8295,26184
8296,21651
8297,21458
8298,13404
8299,29735
8300,1059
8301,23460
8302,2778
8303,28154
8304,20933
8305,20610
8306,22459
8307,23322
8308,11486
8309,5452
8310,27559
8311,19094
8312,13236
8313,23369
8314,15830
8315,7715
8316,20498
8317,18682
8318,1762
8319,10992
8320,15483
8321,20108
8322,15850
8323,29286
8324,1674
8325,24939
8326,6612
8327,29204
8328,2156
8329,5255
8330,9337
8331,24609
8332,21157
8333,4978
8334,14089
8335,4701
8336,15401
8337,29312
8338,28852
8339,1145
8340,3899
8341,26251
8342,11765
8343,26187
8344,10141
8345,1348
8346,20386
8347,12096
8348,28832
8349,5393
8350,17411
8351,20168
8352,15816
8353,9951
8354,15229
8355,10176
8356,9726
8357,22290
8358,10003
8359,5804
8360,10839
8361,10232
8362,21159
8363,9575
8364,23488
8365,6659
8366,20100
8367,16492
8368,1140
8369,1548
8370,27102
8371,5789
8372,23455
8373,18157
8374,21738
8375,19056
8376,19785
8377,16816
8378,10022
8379,28908
8380,22194
8381,7786
8382,25523
8383,13822
8384,1699
8385,14486
8386,5544
8387,12039
8388,22964
8389,29063
8390,24288
8391,23120
8392,22810
8393,9657
8394,17791
8395,3939
8396,20648
8397,23359
8398,21126
8399,1842
8400,4500
8401,29792
8402,3180
8403,5289
8404,21759
8405,11442
8406,7091
8407,618
8408,23832
8409,26668
8410,698
8411,9777
8412,11430
8413,22899
8414,12030
8415,7412
8416,25469
8417,14578
8418,8421
8419,21955
8420,26919
8421,1523
8422,18725
8423,13452
8424,23110
8425,4538
8426,23085
8427,4639
8428,12802
8429,21279
8430,1278
8431,27148
8432,19944
8433,13286
8434,13010
8435,9272
8436,12140
8437,12913
8438,6695
8439,12909
8440,4192
8441,8919
8442,21862
8443,2284
8444,24983
8445,10395
8446,17793
8447,5028
8448,7464
8449,20814
8450,13433
8451,3534
8452,6247
8453,11053
8454,6570
8455,18234
8456,5410
8457,7890
8458,13195
8459,377
8460,12129
8461,22918
8462,6241
8463,4346
8464,27495
8465,27200
8466,4332
8467,11308
8468,4762
8469,1157
8470,3639
8471,14989
8472,5151
8473,12941
8474,1627
8475,24497
8476,29783
8477,28401
8478,16243
8479,27209
8480,12381
8481,3298
8482,7882
8483,1226
8484,29464
8485,29451
8486,26681
8487,15672
8488,14079
8489,18194
8490,16878
8491,12871
8492,14344
8493,24624
8494,14472
8495,16579
8496,2976
8497,10052
8498,6250
8499,7805
8500,14553
8501,23502
8502,15902
8503,2761
8504,10133
8505,3744
8506,11156
8507,28255
8508,2776
8509,21517
8510,3709
8511,26464
8512,6608
8513,15974
8514,3611
8515,3012
8516,25276
8517,29441
8518,1308
8519,19564
8520,15746
8521,15933
8522,4563
8523,803
8524,27594
8525,13166
8526,21375
8527,1981
8528,2176
8529,20071
8530,18279
8531,14910
8532,11098
8533,16441
8534,13419
8535,7026
8536,19703
8537,17165
8538,24968
8539,1875
8540,29410
8541,5729
8542,14352
8543,20363
8544,15915
8545,11863
8546,3533
8547,8645
8548,27425
8549,18377
8550,29369
8551,11799
8552,23034
8553,25755
8554,2249
8555,26177
8556,22957
8557,11261
8558,9008
8559,2578
8560,23287
8561,13450
8562,3217
8563,3400
8564,9594
8565,6229
8566,28852
8567,11512
8568,14605
8569,7437
8570,17161
8571,11781
8572,4888
8573,16383
8574,26107
8575,19708
8576,493
8577,9691
8578,28541
8579,12006
8580,19949
8581,145
8582,22934
8583,26377
8584,19661
8585,20697
8586,21102
8587,11061
8588,16409
8589,23276
8590,22625
8591,29674
8592,5282
8593,27535
8594,29174
8595,4594
8596,6384
8597,16381
8598,21217
8599,22994
8600,3839
8601,14498
8602,23535
8603,10972
8604,10031
8605,18866
8606,6709
8607,3197
8608,27945
8609,15165
8610,14603
8611,13723
8612,18685
8613,9771
8614,19368
8615,23911
8616,1596
8617,10568
8618,5371
8619,24423
8620,8549
8621,1240
8622,10982
8623,24019
8624,22741
8625,27574
8626,16072
8627,21669
8628,27269
8629,3809
8630,7804
8631,28082
8632,16466
8633,19700
8634,5586
8635,13442
8636,20018
8637,2275
8638,11175
8639,12641
8640,19381
8641,24682
8642,14182
8643,5856
8644,28755
8645,3871
8646,28516
8647,5806
8648,25298
8649,2503
8650,5074
8651,9743
8652,23215
8653,27816
8654,28818
8655,4753
8656,23867
8657,24421
8658,3250
8659,23772
8660,3556
8661,12895
8662,10329
8663,7500
8664,10978
8665,27630
8666,3384
8667,22547
8668,15984
8669,27022
8670,18848
8671,5008
8672,16234
8673,19919
8674,16301
8675,17012
8676,27448
8677,14407
8678,1863
8679,20702
8680,10959
8681,14635
8682,20252
8683,29874
8684,21131
8685,7224
8686,11892
8687,2440
8688,18129
8689,3461
8690,26134
8691,29009
8692,27323
8693,2105
8694,29952
8695,27787
8696,9764
8697,5519
8698,24912
8699,11429
8700,704
8701,1598
8702,13640
8703,17838
8704,15529
8705,14125
8706,13515
8707,25348
8708,6996
8709,6911
8710,14307
8711,17755
8712,29307
8713,9558
8714,19823
8715,1595
8716,11118
8717,6028
8718,8137
8719,257
8720,8193
8721,18994
8722,10830
8723,26164
8724,315
8725,11929
8726,4267
8727,9065
8728,13809
8729,29336
8730,9095
8731,16201
8732,783
8733,6779
8734,18271
8735,5642
8736,2255
8737,20312
8738,1597
8739,8573
8740,27301
8741,4886
8742,10759
8743,2792
8744,13915
8745,27334
8746,14535
8747,23284
8748,12621
8749,23857
8750,15383
8751,27830
8752,10612
8753,6482
8754,25359
8755,21449
8756,12015
8757,5492
8758,20821
8759,14723
8760,16938
8761,15009
8762,23858
8763,15780
8764,18363
8765,27406
8766,8576
8767,6579
8768,19872
8769,29571
8770,7092
8771,28483
8772,14062
8773,10623
8774,16940
8775,24257
8776,28672
8777,7215
8778,7737
8779,14213
8780,14066
8781,12554
8782,29268
8783,27705
8784,20393
8785,24010
8786,27083
8787,10680
8788,26563
8789,13668
8790,23327
8791,24264
8792,5773
8793,4844
8794,4419
8795,15368
8796,13439
8797,26113
8798,14251
8799,14627
8800,20606
8801,10699
8802,14044
8803,26997
8804,15628
8805,19657
8806,26868
8807,28541
8808,14004
8809,21930
8810,11066
8811,1171
8812,15116
8813,20779
8814,26140
8815,4154
8816,14056
8817,29377
8818,12674
8819,2726
8820,18205
8821,17720
8822,17417
8823,3161
8824,22650
8825,25024
8826,10037
8827,4114
8828,10200
8829,26639
8830,28982
8831,186
8832,29169
8833,11433
8834,17689
8835,23406
8836,9389
8837,13054
8838,2398
8839,7277
8840,20238
8841,16667
8842,14629
8843,6076
8844,13400
8845,9959
8846,21469
8847,6940
8848,7920
8849,14039
8850,21527
8851,7933
8852,2563
8853,4300
8854,768
8855,27081
8856,15021
8857,17604
8858,5399
8859,22149
8860,26567
8861,8927
8862,5108
8863,9264
8864,27280
8865,8643
8866,9876
8867,27660
8868,5334
8869,28188
8870,11337
8871,24018
8872,10796
8873,2327
8874,16855
8875,11561
8876,12490
8877,15845
8878,9730
8879,15647
8880,21063
8881,11273
8882,25405
8883,5955
8884,19264
8885,29937
8886,21238
8887,10780
8888,25598
8889,10524
8890,26639
8891,25708
8892,13300
8893,7821
8894,7358
8895,27714
8896,1304
8897,19472
8898,27787
8899,10983
8900,7349
8901,18410
8902,11538
8903,3545
8904,28581
8905,18282
8906,20218
8907,1104
8908,16770
8909,19352
8910,23169
8911,2326
8912,12731
8913,21157
8914,4058
8915,17727
8916,16589
8917,8474
8918,24149
8919,9337
8920,17018
8921,22910
8922,10629
8923,18925
8924,2357
8925,18868
8926,21718
8927,10390
8928,28624
8929,15818
8930,15739
8931,8949
8932,26481
8933,5956
8934,17408
8935,7735
8936,17500
8937,23625
8938,22560
8939,21298
8940,25372
8941,13098
8942,25015
8943,16669
8944,1670
8945,15806
8946,16811
8947,6238
8948,24656
8949,17770
8950,18421
8951,16489
8952,14967
8953,21918
8954,13881
8955,23772
8956,9414
8957,3305
8958,2171
8959,3003
8960,7208
8961,19238
8962,14381
8963,18829
8964,7234
8965,9341
8966,862
8967,8891
8968,24394
8969,1642
8970,19304
8971,20193
8972,28607
8973,16947
8974,6498
8975,26314
8976,1366
8977,23443
8978,8219
8979,21645
8980,12472
8981,1713
8982,17219
8983,11138
8984,21862
8985,26913
8986,8413
8987,3309
8988,17625
8989,20688
8990,23802
8991,3703
8992,28943
8993,9196
8994,27423
8995,7451
8996,29316
8997,19382
8998,28817
8999,29123
9000,17068
9001,22902
9002,13695
9003,3763
9004,21636
9005,7324
9006,5254
9007,22039
9008,25000
9009,25932
9010,7702
9011,16216
9012,27216
9013,15566
9014,12363
9015,4718
9016,17411
9017,22733
9018,10343
9019,19781
9020,8376
9021,6449
9022,24270
9023,19369
9024,22406
9025,15833
9026,25320
9027,28576
9028,25655
9029,7072
9030,8981
9031,8084
9032,20097
9033,548
9034,5350
9035,25932
9036,7514
9037,7622
9038,14197
9039,29126
9040,7410
9041,23237
9042,557
9043,20612
9044,7505
9045,10931
9046,6949
9047,14468
9048,8560
9049,4338
9050,20166
9051,15293
9052,18412
9053,20949
9054,23947
9055,2933
9056,26899
9057,1866
9058,6726
9059,7645
9060,10223
9061,15405
9062,27685
9063,8107
9064,29793
9065,26597
9066,10090
9067,11212
9068,7463
9069,29219
9070,22730
9071,25037
9072,23369
9073,15875
9074,3697
9075,26269
9076,11454
9077,3156
9078,26444
9079,27365
9080,1954
9081,2733
9082,15045
9083,8701
9084,29541
9085,13964
9086,3652
9087,8780
9088,3188
9089,10821
9090,26001
9091,27111
9092,26801
9093,19994
9094,4884
9095,18975
9096,1423
9097,17515
9098,2516
9099,23471
9100,5932
9101,12818
9102,14218
9103,1767
9104,24322
9105,9473
9106,16994
9107,16945
9108,14005
9109,5592
9110,21652
9111,19291
9112,13454
9113,29867
9114,24616
9115,7103
9116,28382
9117,6470
9118,21161
9119,21454
9120,29036
9121,10276
9122,24772
9123,1769
9124,8099
9125,8822
9126,29732
9127,22103
9128,8691
9129,1138
9130,12496
9131,21082
9132,27728
9133,24404
9134,6208
9135,24104
9136,28292
9137,10850
9138,11474
9139,25143
9140,25634
9141,23497
9142,20210
9143,7908
9144,5748
9145,4309
9146,20077
9147,21831
9148,29160
9149,14767
9150,18797
9151,14318
9152,22494
9153,20247
9154,12462
9155,2531
9156,17136
9157,2798
9158,20245
9159,24539
9160,21438
9161,20487
9162,22716
9163,4402
9164,14065
9165,12642
9166,21854
9167,208
9168,20969
9169,1712
9170,27119
9171,25642
9172,5480
9173,7235
9174,21055
9175,10611
9176,6662
9177,19863
9178,4502
9179,3747
9180,27083
9181,20792
9182,4377
9183,2833
9184,16736
9185,6611
9186,5343
9187,2320
9188,2486
9189,18682
9190,16915
9191,20199
9192,11429
9193,12902
9194,19907
9195,27220
9196,349
9197,17607
9198,18550
9199,21272
9200,9199
9201,3225
9202,4428
9203,23969
9204,18097
9205,19980
9206,27396
9207,12953
9208,11462
9209,12752
9210,17767
9211,14055
9212,16789
9213,18998
9214,5847
9215,3937
9216,21814
9217,3381
9218,10495
9219,16461
9220,4739
9221,7297
9222,29356
9223,13474
9224,12083
9225,16685
9226,15192
9227,5163
9228,5499
9229,16501
9230,3509
9231,4647
9232,29632
9233,6633
9234,4778
9235,16312
9236,9758
9237,28267
9238,28270
9239,24390
9240,17086
9241,17789
9242,29591
9243,919
9244,25575
9245,11549
9246,22576
9247,992
9248,27222
9249,11339
9250,16998
9251,10310
9252,17236
9253,16713
9254,15941
9255,10040
9256,25823
9257,26794
9258,9295
9259,26443
9260,19562
9261,26471
9262,12612
9263,2787
9264,4139
9265,9851
9266,26079
9267,24049
9268,18606
9269,27200
9270,3225
9271,12362
9272,22493
9273,26808
9274,13853
9275,972
9276,14881
9277,28891
9278,10886
9279,22003
9280,23566
9281,310
9282,28293
9283,12332
9284,9837
9285,9683
9286,21407
9287,20020
9288,8381
9289,14995
9290,3984
9291,21583
9292,24531
9293,1306
9294,12361
9295,15727
9296,22435
9297,8312
9298,4815
9299,7498
9300,26807
9301,25753
9302,22533
9303,26080
9304,18521
9305,13652
9306,21617
9307,9091
9308,14666
9309,5509
9310,25419
9311,28832
9312,8744
9313,7250
9314,27726
9315,25025
9316,15898
9317,7433
9318,22502
9319,3618
9320,11076
9321,11885
9322,25255
9323,14861
9324,555
9325,10124
9326,1194
9327,22537
9328,14276
9329,23273
9330,15770
9331,18735
9332,29000
9333,8771
9334,9189
9335,27186
9336,13240
9337,22920
9338,21407
9339,7048
9340,8345
9341,25275
9342,16956
9343,14015
9344,15593
9345,9263
9346,817
9347,22770
9348,14672
9349,22921
9350,13991
9351,10642
9352,15060
9353,9014
9354,23465
9355,14444
9356,5541
9357,11268
9358,1030
9359,21244
9360,13065
9361,18891
9362,8985
9363,21916
9364,13211
9365,19426
9366,15518
9367,8634
9368,4008
9369,25131
9370,8208
9371,20991
9372,12422
9373,577
9374,14892
9375,12287
9376,19067
9377,3410
9378,19715
9379,15114
9380,15311
9381,13848
9382,23649
9383,12659
9384,8676
9385,9364
9386,9556
9387,16717
9388,22127
9389,12786
9390,17075
9391,4408
9392,21712
9393,5905
9394,6343
9395,21650
9396,10166
9397,15989
9398,20757
9399,369
9400,25531
9401,20730
9402,17458
9403,24534
9404,21123
9405,12250
9406,843
9407,29974
9408,18478
9409,20061
9410,13201
9411,19128
9412,17774
9413,16849
9414,15339
9415,11844
9416,29817
9417,21000
9418,14936
9419,12109
9420,14290
9421,14840
9422,8100
9423,436
9424,7231
9425,19911
9426,2300
9427,25547
9428,25818
9429,2058
9430,22060
9431,13836
9432,13549
9433,20238
9434,21506
9435,15667
9436,7224
9437,4032
9438,18928
9439,29115
9440,19016
9441,18202
9442,23850
9443,25669
9444,13830
9445,14261
9446,18955
9447,6536
9448,11598
9449,17090
9450,15615
9451,9799
9452,22659
9453,12187
9454,23046
9455,25597
9456,23252
9457,27131
9458,21331
9459,14357
9460,20429
9461,28878
9462,22663
9463,23034
9464,6156
9465,2803
9466,18871
9467,6487
9468,14815
9469,16447
9470,27773
9471,10681
9472,11693
9473,14578
9474,15958
9475,21251
9476,6365
9477,28663
9478,23253
9479,26048
9480,20607
9481,18214
9482,21527
9483,18233
9484,19077
9485,14412
9486,961
9487,22268
9488,22091
9489,10732
9490,26153
9491,9084
9492,23815
9493,2137
9494,24945
9495,29470
9496,4846
9497,29496
9498,873
9499,7386
9500,12786
9501,7558
9502,24604
9503,1484
9504,5666
9505,20631
9506,13289
9507,5162
9508,12308
9509,26736
9510,11759
9511,23414
9512,15455
9513,4768
9514,28608
9515,7723
9516,15486
9517,20170
9518,6905
9519,10386
9520,16195
9521,5841
9522,10627
9523,26901
9524,8005
9525,8379
9526,28707
9527,18263
9528,23302
9529,6454
9530,27508
9531,1967
9532,10582
9533,26500
9534,1986
9535,29320
9536,18342
9537,27090
9538,29911
9539,25628
9540,19374
9541,5888
9542,19684
9543,17328
9544,8080
9545,3691
9546,9081
9547,1743
9548,12255
9549,24317
9550,20342
9551,26013
9552,21333
9553,15630
9554,2551
9555,4893
9556,12667
9557,3443
9558,29631
9559,17628
9560,7298
9561,22335
9562,24032
9563,28439
9564,18738
9565,1054
9566,563
9567,3304
9568,13733
9569,24551
9570,8826
9571,25608
9572,28169
9573,16418
9574,25201
9575,24520
9576,18511
9577,28747
9578,25171
9579,29348
9580,29292
9581,29521
9582,18030
9583,22965
9584,17350
9585,2335
9586,18656
9587,14923
9588,6139
9589,26754
9590,8999
9591,29160
9592,28947
9593,21242
9594,25280
9595,19280
9596,23081
9597,8859
9598,21745
9599,17379
9600,5504
9601,17606
9602,17506
9603,28714
9604,19886
9605,18781
9606,26757
9607,7322
9608,3598
9609,3502
9610,26148
9611,26359
9612,7066
9613,8803
9614,12542
9615,17319
9616,13838
9617,12452
9618,10296
9619,12405
9620,29990
9621,26170
9622,3654
9623,17303
9624,18155
9625,2519
9626,19542
9627,15271
9628,4602
9629,12542
9630,4357
9631,14744
9632,3627
9633,14008
9634,27482
9635,25129
9636,1774
9637,18055
9638,10892
9639,28876
9640,12717
9641,12087
9642,11390
9643,28908
9644,15876
9645,3753
9646,8402
9647,26738
9648,14219
9649,9231
9650,26503
9651,29246
9652,8837
9653,8943
9654,3502
9655,9739
9656,29621
9657,21955
9658,15190
9659,24512
9660,12775
9661,8876
9662,24879
9663,19430
9664,27222
9665,20652
9666,7696
9667,29640
9668,22456
9669,1458
9670,18022
9671,28366
9672,19324
9673,1252
9674,11408
9675,5331
9676,11237
9677,22354
9678,24606
9679,10979
9680,7799
9681,10184
9682,4952
9683,7077
9684,2437
9685,12341
9686,5296
9687,3420
9688,922
9689,7252
9690,20620
9691,5103
9692,14714
9693,9457
9694,11300
9695,17362
9696,13078
9697,27736
9698,14131
9699,10903
9700,18168
9701,18650
9702,29518
9703,14254
9704,6041
9705,21175
9706,23062
9707,748
9708,28806
9709,21765
9710,5833
9711,26247
9712,20285
9713,28076
9714,29695
9715,12459
9716,9977
9717,15154
9718,1634
9719,22216
9720,11059
9721,418
9722,7360
9723,21418
9724,27341
9725,6229
9726,10048
9727,3674
9728,5912
9729,23917
9730,17606
9731,6502
9732,9465
9733,29046
9734,14277
9735,17531
9736,20845
9737,8020
9738,23304
9739,20117
9740,8380
9741,10773
9742,1105
9743,2661
9744,16343
9745,15507
9746,6343
9747,6823
9748,28134
9749,21757
9750,21889
9751,7422
9752,25817
9753,12575
9754,29452
9755,9766
9756,6305
9757,14979
9758,4479
9759,22864
9760,12232
9761,26902
9762,263
9763,11204
9764,20436
9765,21284
9766,518
9767,8700
9768,7612
9769,14945
9770,3381
9771,4645
9772,2892
9773,1114
9774,20397
9775,13944
9776,25217
9777,21132
9778,793
9779,1693
9780,23313
9781,16415
9782,24836
9783,11997
9784,9705
9785,27390
9786,15739
9787,8267
9788,17676
9789,2696
9790,7812
9791,12732
9792,8415
9793,27405
9794,16925
9795,16044
9796,16894
9797,28902
9798,21551
9799,5277
9800,19149
9801,16813
9802,14940
9803,19468
9804,18889
9805,3271
9806,8053
9807,26370
9808,14925
9809,21626
9810,19385
9811,7420
9812,9172
9813,24402
9814,24866
9815,12774
9816,10779
9817,5201
9818,13772
9819,29767
9820,10786
9821,24537
9822,1781
9823,7239
9824,28270
9825,3461
9826,7457
9827,15949
9828,23528
9829,19657
9830,29642
9831,23058
9832,12498
9833,26160
9834,17832
9835,27321
9836,20633
9837,10163
9838,28796
9839,23464
9840,23834
9841,6881
9842,22935
9843,18046
9844,20862
9845,11644
9846,12038
9847,24670
9848,22783
9849,20067
9850,15354
9851,9725
9852,4851
9853,14036
9854,19821
9855,5478
9856,22671
9857,9962
9858,8389
9859,6044
9860,7995
9861,13009
9862,17929
9863,20098
9864,21294
9865,10625
9866,7682
9867,3493
9868,23083
9869,12469
9870,23013
9871,28027
9872,9945
9873,20795
9874,29122
9875,25263
9876,21317
9877,12987
9878,16869
9879,9205
9880,26429
9881,2536
9882,24708
9883,24640
9884,13355
9885,24376
9886,24712
9887,26667
9888,1432
9889,24130
9890,11086
9891,22188
9892,29044
9893,16761
9894,17738
9895,19181
9896,10733
9897,27598
9898,17058
9899,12776
9900,238
9901,18147
9902,26364
9903,15811
9904,29139
9905,2011
9906,25549
9907,24102
9908,23701
9909,4036
9910,14365
9911,15931
9912,20468
9913,26325
9914,9967
9915,12111
9916,5655
9917,27485
9918,3181
9919,4501
9920,15931
9921,27177
9922,15162
9923,27844
9924,16534
9925,27236
9926,14315
9927,26025
9928,14800
9929,9445
9930,22019
9931,25135
9932,12110
9933,10391
9934,811
9935,2974
9936,13406
9937,20413
9938,12936
9939,10282
9940,9335
9941,16884
9942,28712
9943,11012
9944,361
9945,16421
9946,28576
9947,22804
9948,6601
9949,19169
9950,17913
9951,11266
9952,8325
9953,3324
9954,4594
9955,15193
9956,2795
9957,20811
9958,27190
9959,12406
9960,21032
9961,2090
9962,12491
9963,25076
9964,24185
9965,29866
9966,10117
9967,6491
9968,28342
9969,3365
9970,28657
9971,20278
9972,21614
9973,25987
9974,6095
9975,3940
9976,12016
9977,19786
9978,23613
9979,29259
9980,9004
9981,28589
9982,18414
9983,19772
9984,8690
9985,8172
9986,5619
9987,2249
9988,25966
9989,4953
9990,1795
9991,466
9992,11990
9993,8702
9994,23915
9995,19966
9996,25008
9997,29867
9998,26565
9999,2255
10000,11011
10001,6049
10002,16982
10003,21872
10004,17099
10005,1342
10006,17175
10007,27675
10008,29032
10009,4918
10010,12734
10011,12941
10012,17851
10013,29632
10014,6910
10015,10501
10016,16006
10017,12126
10018,28455
10019,19865
10020,14055
10021,9484
10022,21776
10023,24539
10024,21253
10025,18057
10026,29733
10027,27364
10028,19268
10029,28673
10030,1094
10031,27162
10032,23104
10033,19389
10034,11235
10035,19038
10036,26257
10037,10075
10038,29395
10039,21515
10040,16900
10041,22852
10042,10013
10043,27749
10044,12076
10045,15031
10046,110
10047,814
10048,5546
10049,8108
10050,29419
10051,2297
10052,24942
10053,8634
10054,18420
10055,14621
10056,5257
10057,3997
10058,2443
10059,26123
10060,9208
10061,19401
10062,19047
10063,1978
10064,427
10065,13336
10066,27708
10067,23763
10068,12321
10069,10623
10070,25939
10071,28493
10072,15800
10073,9870
10074,17688
10075,5602
10076,10487
10077,13884
10078,25267
10079,13724
10080,7216
10081,1176
10082,10736
10083,11236
10084,6606
10085,27741
10086,854
10087,4826
10088,16235
10089,24479
10090,20649
10091,25201
10092,21885
10093,23583
10094,29605
10095,13978
10096,5965
10097,14123
10098,15143
10099,1854
10100,4939
10101,5350
10102,29808
10103,12785
10104,29686
10105,26977
10106,10264
10107,20625
10108,16261
10109,18812
10110,19315
10111,24238
10112,884
10113,15223
10114,10454
10115,5482
10116,12775
10117,3200
10118,17671
10119,9928
10120,19652
10121,13495
10122,27934
10123,19557
10124,9784
10125,9270
10126,25846
10127,21436
10128,4682
10129,19156
10130,9672
10131,19419
10132,853
10133,20056
10134,16800
10135,15453
10136,24407
10137,25036
10138,8379
10139,4136
10140,25766
10141,15135
10142,10586
10143,22137
10144,16770
10145,16986
10146,26123
10147,22961
10148,15837
10149,17235
10150,29428
10151,21088
10152,20944
10153,17879
10154,24842
10155,15325
10156,4423
10157,24890
10158,19876
10159,27151
10160,11922
10161,26326
10162,8918
10163,19410
10164,9047
10165,2607
10166,27581
10167,7870
10168,4227
10169,10288
10170,16769
10171,15191
10172,26483
10173,29269
10174,25090
10175,8105
10176,6318
10177,28529
10178,8364
10179,2313
10180,17182
10181,10428
10182,28541
10183,1698
10184,19992
10185,14507
10186,20054
10187,5829
10188,9102
10189,9416
10190,9581
10191,2344
10192,16448
10193,28077
10194,21391
10195,14726
10196,4774
10197,5036
10198,20950
10199,9358
10200,27636
10201,15475
10202,3133
10203,16325
10204,7237
10205,7364
10206,5945
10207,5809
10208,28706
10209,7773
10210,13102
10211,24309
10212,26794
10213,8281
10214,10579
10215,12887
10216,12254
10217,5298
10218,29394
10219,4160
10220,13302
10221,18835
10222,20127
10223,2131
10224,6349
10225,6516
10226,27156
10227,22688
10228,8411
10229,20533
10230,855
10231,989
10232,6039
10233,25302
10234,5788
10235,15496
10236,26371
10237,2007
10238,5585
10239,7791
10240,15804
10241,26873
10242,23415
10243,22628
10244,2852
10245,15468
10246,15697
10247,8353
10248,26555
10249,1862
10250,10617
10251,14084
10252,3682
10253,26988
10254,2557
10255,17845
10256,19292
10257,28299
10258,27924
10259,9721
10260,17433
10261,19924
10262,2361
10263,28942
10264,28149
10265,22168
10266,7442
10267,24412
10268,19382
10269,8758
10270,29404
10271,29127
10272,7491
10273,930
10274,18791
10275,11082
10276,20089
10277,9685
10278,9073
10279,6623
10280,14495
10281,29845
10282,29350
10283,1373
10284,19936
10285,11746
10286,15406
10287,23800
10288,3201
10289,16362
10290,6218
10291,1388
10292,12803
10293,23687
10294,16667
10295,28144
10296,25122
10297,8040
10298,1166
10299,20087
10300,27815
10301,9038
10302,29753
10303,9338
10304,13392
10305,19302
10306,28890
10307,944
10308,6273
10309,4943
10310,24666
10311,9496
10312,9398
10313,10480
10314,20654
10315,13135
10316,13861
10317,20455
10318,2420
10319,25908
10320,25168
10321,21144
10322,11260
10323,13094
10324,16341
10325,12440
10326,20388
10327,19671
10328,24791
10329,5326
10330,13029
10331,28236
10332,9567
10333,3398
10334,15892
10335,14977
10336,475
10337,3965
10338,21058
10339,23686
10340,17141
10341,20960
10342,4209
10343,27018
10344,529
10345,25626
10346,21962
10347,1296
10348,18048
10349,19288
10350,13123
10351,1325
10352,27158
10353,26619
10354,3478
10355,22597
10356,28768
10357,19939
10358,24391
10359,14890
10360,6165
10361,1270
10362,7887
10363,21137
10364,14231
10365,5260
10366,29806
10367,12008
10368,18060
10369,11229
10370,23777
10371,7957
10372,5807
10373,14709
10374,27047
10375,10682
10376,22457
10377,19393
10378,11779
10379,25005
10380,561
10381,19755
10382,3456
10383,6485
10384,3398
10385,9070
10386,9828
10387,4631
10388,15731
10389,18506
10390,15492
10391,23249
10392,5209
10393,16190
10394,590
10395,1568
10396,22607
10397,5450
10398,13489
10399,7366
10400,23454
10401,25053
10402,25467
10403,15960
10404,20634
10405,25993
10406,28662
10407,17370
10408,27711
10409,3096
10410,17237
10411,29713
10412,18330
10413,14206
10414,4981
10415,20366
10416,24851
10417,20506
10418,12830
10419,16785
10420,4391
10421,12152
10422,22754
10423,4232
10424,5184
10425,26706
10426,21724
10427,17754
10428,22184
10429,25099
10430,1383
10431,8708
10432,10019
10433,13281
10434,25427
10435,9996
10436,5868
10437,10462
10438,27387
10439,3548
10440,21017
10441,11606
10442,26374
10443,9839
10444,27155
10445,22674
10446,25186
10447,16261
10448,17374
10449,10994
10450,21210
10451,6809
10452,17740
10453,5596
10454,21457
10455,21287
10456,28554
10457,7323
10458,29775
10459,28567
10460,21125
10461,8297
10462,12381
10463,19885
10464,6972
10465,13371
10466,9338
10467,11536
10468,18337
10469,29485
10470,23202
10471,4490
10472,14911
10473,18186
10474,5575
10475,13556
10476,17150
10477,19139
10478,4828
10479,14335
10480,28641
10481,19997
10482,7588
10483,15221
10484,14986
10485,10577
10486,4594
10487,13592
10488,11420
10489,4426
10490,27988
10491,29552
10492,15787
10493,18506
10494,11377
10495,10701
10496,3197
10497,15020
10498,21145
10499,26846
10500,11240
10501,17932
10502,20566
10503,22892
10504,19787
10505,7948
10506,7702
10507,26464
10508,22866
10509,28997
10510,18330
10511,19584
10512,11327
10513,22380
10514,3206
10515,19901
10516,11011
10517,9119
10518,24006
10519,17519
10520,9529
10521,18481
10522,24399
10523,27531
10524,1441
10525,21944
10526,3591
10527,14232
10528,11812
10529,16181
10530,28749
10531,6778
10532,2615
10533,4725
10534,631
10535,14167
10536,29324
10537,4923
10538,9625
10539,5036
10540,1810
10541,7704
10542,18975
10543,6265
10544,7121
10545,25193
10546,25690
10547,21134
10548,5489
10549,26114
10550,12569
10551,18254
10552,12249
10553,26411
10554,8482
10555,24392
10556,13310
10557,29616
10558,3350
10559,11458
10560,7426
10561,24342
10562,13445
10563,1294
10564,17898
10565,2676
10566,19725
10567,20512
10568,8912
10569,5640
10570,24750
10571,18179
10572,27661
10573,1747
10574,28844
10575,14631
10576,1438
10577,22835
10578,23806
10579,1410
10580,28649
10581,7529
10582,16713
10583,5303
10584,21097
10585,4263
10586,22574
10587,26044
10588,12138
10589,5758
10590,20434
10591,22964
10592,3378
10593,15610
10594,12522
10595,7506
10596,28537
10597,14156
10598,10010
10599,14840
10600,20039
10601,29774
10602,2488
10603,11480
10604,18591
10605,22368
10606,3526
10607,10986
10608,13036
10609,3842
10610,12510
10611,23684
10612,6867
10613,16895
10614,17808
10615,1927
10616,17465
10617,5398
10618,1154
10619,557
10620,24819
10621,25991
10622,5692
10623,28209
10624,29898
10625,7978
10626,27515
10627,5552
10628,4015
10629,13824
10630,23342
10631,19066
10632,1699
10633,3813
10634,12832
10635,8175
10636,1370
10637,11118
10638,7038
10639,27643
10640,7221
10641,4910
10642,16136
10643,23565
10644,7179
10645,26010
10646,3948
10647,12752
10648,14403
10649,8213
10650,9664
10651,8897
10652,17684
10653,17885
10654,12590
10655,13371
10656,19137
10657,11658
10658,7941
10659,10634
10660,10269
10661,23137
10662,4717
10663,20377
10664,29469
10665,5819
10666,1568
10667,6948
10668,3023
10669,6802
10670,1581
10671,17069
10672,27545
10673,13300
10674,10672
10675,29896
10676,25276
10677,2598
10678,3706
10679,23284
10680,18573
10681,25581
10682,15126
10683,27626
10684,12752
10685,1166
10686,29663
10687,13010
10688,19985
10689,27495
10690,5243
10691,17170
10692,10541
10693,7388
10694,16024
10695,15845
10696,28025
10697,10812
10698,20531
10699,26974
10700,19603
10701,13967
10702,2626
10703,19347
10704,4973
10705,22784
10706,2298
10707,27015
10708,22721
10709,1666
10710,22806
10711,17935
10712,19545
10713,9000
10714,12338
10715,27582
10716,24850
10717,26882
10718,29620
10719,4573
10720,9011
10721,29712
10722,20807
10723,4061
10724,23258
10725,23219
10726,978
10727,1733
10728,18179
10729,22291
10730,19546
10731,10984
10732,13405
10733,25643
10734,26938
10735,8344
10736,12033
10737,27656
10738,517
10739,8259
10740,18197
10741,11752
10742,18787
10743,623
10744,5698
10745,14853
10746,13622
10747,26225
10748,6391
10749,29877
10750,591
10751,10136
10752,28928
10753,22586
10754,18488
10755,762
10756,2019
10757,17296
10758,27148
10759,26149
10760,24941
10761,10316
10762,11987
10763,387
10764,20862
10765,22230
10766,26705
10767,19074
10768,18604
10769,24404
10770,26709
10771,22120
10772,28019
10773,25826
10774,13284
10775,14503
10776,3492
10777,12965
10778,7407
10779,8001
10780,3913
10781,8229
10782,7806
10783,8476
10784,7415
10785,23732
10786,24702
10787,23035
10788,5669
10789,12528
10790,15469
10791,25083
10792,12935
10793,262
10794,27674
10795,19681
10796,2941
10797,1923
10798,4450
10799,17176
10800,24913
10801,1309
10802,4683
10803,24882
10804,316
10805,3769
10806,17865
10807,15772
10808,25895
10809,12920
10810,9582
10811,6676
10812,14180
10813,21618
10814,1491
10815,3553
10816,7838
10817,27956
10818,3916
10819,13679
10820,18902
10821,17600
10822,23292
10823,1581
10824,18835
10825,7267
10826,22014
10827,27358
10828,12275
10829,3370
10830,314
10831,15011
10832,29951
10833,3106
10834,2924
10835,6311
10836,12379
10837,21901
10838,3517
10839,10919
10840,1741
10841,22835
10842,26593
10843,23669
10844,27625
10845,1336
10846,21336
10847,5318
10848,25735
10849,13189
10850,20069
10851,8546
10852,6847
10853,17006
10854,9695
10855,24149
10856,9759
10857,15634
10858,6913
10859,8789
10860,13602
10861,17837
10862,739
10863,26234
10864,28989
10865,8069
10866,13912
10867,6822
10868,9836
10869,22673
10870,3029
10871,9872
10872,26771
10873,26487
10874,2536
10875,23000
10876,24333
10877,6314
10878,7061
10879,26560
10880,8237
10881,20000
10882,9520
10883,19850
10884,1478
10885,18189
10886,19563
10887,3066
10888,8240
10889,13036
10890,12361
10891,11404
10892,6471
10893,18091
10894,25734
10895,13569
10896,1495
10897,4555
10898,15804
10899,7616
10900,29062
10901,7472
10902,15624
10903,6979
10904,13279
10905,933
10906,13398
10907,14028
10908,6110
10909,23732
10910,16444
10911,17233
10912,19294
10913,4195
10914,27360
10915,23482
10916,13740
10917,17420
10918,27750
10919,669
10920,29386
10921,4948
10922,3737
10923,2048
10924,14569
10925,10493
10926,23350
10927,5128
10928,10018
10929,28220
10930,20561
10931,14787
10932,3960
10933,17098
10934,9652
10935,22819
10936,9777
10937,4269
10938,11784
10939,17429
10940,1752
10941,1952
10942,19511
10943,11793
10944,29891
10945,24508
10946,28157
10947,4339
10948,227
10949,11636
10950,19786
10951,6291
10952,17228
10953,19057
10954,13361
10955,27850
10956,5735
10957,16028
10958,25778
10959,11777
10960,17702
10961,6954
10962,636
10963,12791
10964,10912
10965,18373
10966,9530
10967,4562
10968,10262
10969,17781
10970,28593
10971,3498
10972,3065
10973,15010
10974,5788
10975,27153
10976,26049
10977,15803
10978,14022
10979,27115
10980,4322
10981,3526
10982,7483
10983,16576
10984,13674
10985,28704
10986,23298
10987,23847
10988,5115
10989,6968
10990,12638
10991,14176
10992,21988
10993,12153
10994,13580
10995,9764
10996,22565
10997,23898
10998,8078
10999,5195
11000,1483
11001,29582
11002,7299
11003,6719
11004,3189
11005,19719
11006,25837
11007,11268
11008,137
11009,2492
11010,28383
11011,4110
11012,18922
11013,18629
11014,29259
11015,6867
11016,2731
11017,11096
11018,17007
11019,18928
11020,23846
11021,7386
11022,28367
11023,4441
11024,27781
11025,9633
11026,4691
11027,16620
11028,24704
11029,14798
11030,20427
11031,7620
11032,23454
11033,29794
11034,1840
11035,5583
11036,18344
11037,1301
11038,19373
11039,11125
11040,7348
11041,8907
11042,12090
11043,6805
11044,22562
11045,11251
11046,18439
11047,9542
11048,11147
11049,19780
11050,23989
11051,14289
11052,28582
11053,17991
11054,17229
11055,17165
11056,26858
11057,16025
11058,20545
11059,23254
11060,29572
11061,18856
11062,17922
11063,7882
11064,25976
11065,14853
11066,7339
11067,23983
11068,9760
11069,12859
11070,15944
11071,28957
11072,26731
11073,15872
11074,22237
11075,1159
11076,13751
11077,16368
11078,3243
11079,1321
11080,2641
11081,24182
11082,14208
11083,17074
11084,15405
11085,7610
11086,20944
11087,28715
11088,25306
11089,15815
11090,26246
11091,16928
11092,14054
11093,18494
11094,20585
11095,17991
11096,6558
11097,22469
11098,24678
11099,15417
11100,22568
11101,13428
11102,16182
11103,14280
11104,11452
11105,11739
11106,16057
11107,28301
11108,8451
11109,8625
11110,28426
11111,27102
11112,19516
11113,5922
11114,16735
11115,19122
11116,29862
11117,23067
11118,18194
11119,20809
11120,5760
11121,22938
11122,14924
11123,27137
11124,29870
11125,25429
11126,3592
11127,6690
11128,10196
11129,20513
11130,25425
11131,29451
11132,26536
11133,22961
11134,7527
11135,25629
11136,28365
11137,1931
11138,8076
11139,15697
11140,28648
11141,18729
11142,4479
11143,9223
11144,21424
11145,24873
11146,9251
11147,24646
11148,19709
11149,29617
11150,21797
11151,7000
11152,25583
11153,20690
11154,19593
11155,15845
11156,23906
11157,16412
11158,15543
11159,13498
11160,6829
11161,19053
11162,18455
11163,24684
11164,7987
11165,26959
11166,1175
11167,14018
11168,6941
11169,4915
11170,1927
11171,4155
11172,2402
11173,14764
11174,7467
11175,23865
11176,25318
11177,411
11178,6972
11179,16329
11180,29348
11181,15288
11182,11901
11183,24467
11184,20564
11185,8630
11186,2799
11187,14689
11188,29885
11189,2288
11190,16606
11191,17739
11192,12570
11193,11080
11194,29818
11195,16108
11196,3360
11197,517
11198,14164
11199,16836
11200,19640
11201,12323
11202,5605
11203,16860
11204,8883
11205,26989
11206,14715
11207,6377
11208,21471
11209,25626
11210,13965
11211,9184
11212,3315
11213,10396
11214,8303
11215,2879
11216,12159
11217,23886
11218,2465
11219,9379
11220,5575
11221,4080
11222,24222
11223,1353
11224,24967
11225,575
11226,3865
11227,25541
11228,28059
11229,4907
11230,6941
11231,24898
11232,24278
11233,8407
11234,14624
11235,20848
11236,10716
11237,2501
11238,5131
11239,20231
11240,1128
11241,15695
11242,27861
11243,23241
11244,23249
11245,6958
11246,18175
11247,15696
11248,5864
11249,19124
11250,21695
11251,5359
11252,23013
11253,8799
11254,13963
11255,10782
11256,22401
11257,14672
11258,21538
11259,13237
11260,19481
11261,22275
11262,28836
11263,4294
11264,23659
11265,29600
11266,6670
11267,1111
11268,21290
11269,23471
11270,17630
11271,29574
11272,11915
11273,14829
11274,12915
11275,2032
11276,6774
11277,3095
11278,18583
11279,5019
11280,23570
11281,3528
11282,22073
11283,20608
11284,22702
11285,1382
11286,22646
11287,27825
11288,10321
11289,12023
11290,755
11291,11479
11292,17782
11293,8885
11294,4582
11295,9925
11296,20579
11297,14719
11298,29440
11299,8139
11300,14527
11301,26210
11302,16837
11303,24107
11304,24471
11305,24953
11306,7658
11307,7732
11308,23919
11309,19506
11310,21083
11311,14333
11312,25591
11313,963
11314,9989
11315,1639
11316,21909
11317,28181
11318,16252
11319,5984
11320,8851
11321,15541
11322,11441
11323,11486
11324,4613
11325,885
11326,14555
11327,11950
11328,6142
11329,18266
11330,2974
11331,639
11332,23522
11333,25496
11334,154
11335,7435
11336,16123
11337,25437
11338,1822
11339,15398
11340,19694
11341,15393
11342,25233
11343,14580
11344,27778
11345,26462
11346,12509
11347,23298
11348,27195
11349,23155
11350,16084
11351,11924
11352,3581
11353,11675
11354,15037
11355,29186
11356,15867
11357,27891
11358,27960
11359,16782
11360,22933
11361,3516
11362,7319
11363,24236
11364,26397
11365,21973
11366,25941
11367,2612
11368,20975
11369,29065
11370,15288
11371,28140
11372,8350
11373,29957
11374,828
11375,15990
11376,15387
11377,5082
11378,19131
11379,25568
11380,2502
11381,13036
11382,19770
11383,23560
11384,3029
11385,29919
11386,19841
11387,1969
11388,10701
11389,23904
11390,7784
11391,12375
11392,24320
11393,10832
11394,27514
11395,1386
11396,4693
11397,19071
11398,27366
11399,14328
11400,3924
11401,29490
11402,939
11403,15155
11404,7292
11405,24790
11406,16685
11407,27019
11408,5160
11409,7803
11410,4827
11411,28622
11412,10429
11413,27608
11414,29389
11415,26982
11416,22184
11417,28589
11418,21068
11419,25426
11420,15887
11421,9200
11422,24587
11423,19567
11424,10930
11425,21317
11426,17145
11427,22173
11428,22425
11429,29780
11430,18483
11431,23909
11432,20170
11433,7127
11434,11161
11435,11804
11436,21476
11437,14572
11438,20932
11439,29047
11440,14992
11441,23036
11442,10316
11443,25442
11444,4136
11445,21167
11446,29805
11447,17789
11448,25512
11449,14951
11450,28890
11451,14054
11452,11097
11453,5627
11454,9619
11455,4830
11456,15532
11457,26749
11458,14257
11459,6387
11460,23723
11461,5298
11462,17206
11463,7932
11464,7413
11465,26032
11466,27681
11467,10582
11468,11225
11469,13088
11470,20311
11471,24443
11472,4839
11473,2078
11474,18432
11475,7985
11476,1562
11477,15711
11478,14974
11479,1719
11480,25650
11481,26774
11482,14646
11483,22569
11484,745
11485,15278
11486,3399
11487,12006
11488,28904
11489,5482
11490,26508
11491,18691
11492,22583
11493,7077
11494,8705
11495,20448
11496,21784
11497,20752
11498,16588
11499,9093
11500,22852
11501,15130
11502,24677
11503,13126
11504,4701
11505,20528
11506,24256
11507,25790
11508,22990
11509,25098
11510,18622
11511,20662
11512,25338
11513,25683
11514,10807
11515,1003
11516,10638
11517,5141
11518,7547
11519,14873
11520,23814
11521,9095
11522,8302
11523,29210
11524,18472
11525,1372
11526,19133
11527,22832
11528,18632
11529,24218
11530,6443
11531,18369
11532,8645
11533,5311
11534,13754
11535,8949
11536,8037
11537,19543
11538,15888
11539,5503
11540,21012
11541,23245
11542,23195
11543,23342
11544,17882
11545,21049
11546,8826
11547,15865
11548,21369
11549,13808
11550,28932
11551,6984
11552,19342
11553,5598
11554,1396
11555,7355
11556,11176
11557,23497
11558,5400
11559,800
11560,4040
11561,25607
11562,21942
11563,19702
11564,513
11565,27831
11566,2458
11567,1248
11568,25397
11569,13000
11570,4632
11571,7595
11572,22479
11573,15954
11574,6846
11575,18174
11576,12211
11577,16082
11578,26605
11579,4953
11580,15363
11581,18077
11582,22070
11583,10354
11584,4324
11585,12836
11586,19518
11587,20440
11588,26065
11589,16872
11590,21510
11591,14898
11592,4204
11593,14240
11594,20352
11595,21907
11596,4603
11597,16735
11598,17658
11599,7523
11600,14152
11601,26799
11602,25950
11603,1173
11604,12972
11605,9703
11606,3709
11607,6603
11608,26122
11609,24881
11610,21520
11611,13216
11612,22921
11613,6040
11614,7438
11615,8373
11616,699
11617,6643
11618,11669
11619,19552
11620,10829
11621,8408
11622,603
11623,3566
11624,7527
11625,4714
11626,27759
11627,5025
11628,12221
11629,13444
11630,26253
11631,17129
11632,28932
11633,13636
11634,20105
11635,26280
11636,12253
11637,188
11638,3319
11639,25494
11640,5392
11641,9200
11642,6480
11643,1626
11644,16263
11645,4958
11646,21481
11647,28898
11648,3712
11649,11325
11650,19171
11651,4257
11652,3009
11653,26750
11654,9066
11655,3517
11656,15925
11657,630
11658,6982
11659,15414
11660,4720
11661,7623
11662,15009
11663,12191
11664,16980
11665,913
11666,16515
11667,14465
11668,28620
11669,18852
11670,28851
11671,2768
11672,29601
11673,8298
11674,1454
11675,191
11676,8089
11677,28195
11678,16808
11679,6530
11680,8279
11681,17409
11682,19489
11683,1751
11684,15929
11685,3082
11686,20427
11687,19758
11688,13030
11689,9768
11690,27999
11691,27961
11692,5194
11693,23188
11694,13111
11695,4390
11696,25058
11697,8033
11698,19177
11699,1186
11700,3486
11701,16099
11702,26597
11703,23831
11704,12486
11705,2833
11706,11897
11707,28964
11708,28390
11709,27383
11710,11836
11711,12537
11712,10904
11713,28781
11714,21774
11715,22223
11716,9203
11717,29246
11718,6972
11719,28733
11720,16350
11721,25109
11722,13170
11723,7843
11724,29575
11725,12170
11726,21175
11727,21807
11728,8212
11729,10317
11730,714
11731,6625
11732,21455
11733,4752
11734,9722
11735,21969
11736,15366
11737,20931
11738,4827
11739,22761
11740,26708
11741,29660
11742,10623
11743,12289
11744,29985
11745,20266
11746,23520
11747,4829
11748,6756
11749,16445
11750,21614
11751,23402
11752,16675
11753,11475
11754,4502
11755,27872
11756,26043
11757,23225
11758,20026
11759,8865
11760,27350
11761,8869
11762,1479
11763,14921
11764,13755
11765,15264
11766,398
11767,12314
11768,21926
11769,1103
11770,8076
11771,22656
11772,26297
11773,22137
11774,25718
11775,27510
11776,21838
11777,11858
11778,24181
11779,11534
11780,29609
11781,22920
11782,15926
11783,22438
11784,7460
11785,14239
11786,21349
11787,6904
11788,18441
11789,223
11790,28609
11791,10864
11792,2399
11793,8997
11794,28856
11795,21990
11796,8416
11797,27394
11798,23812
11799,28163
11800,12203
11801,24557
11802,18894
11803,13703
11804,3991
11805,26028
11806,25014
11807,21427
11808,9841
11809,1567
11810,21481
11811,3525
11812,24813
11813,18004
11814,27127
11815,23555
11816,6812
11817,20596
11818,2944
11819,20624
11820,4920
11821,6255
11822,795
11823,2633
11824,17159
11825,528
11826,6833
11827,13754
11828,17641
11829,5528
11830,2738
11831,10125
11832,17700
11833,21848
11834,20725
11835,10551
11836,19083
11837,26115
11838,17764
11839,8871
11840,28077
11841,26211
11842,2216
11843,5482
11844,28339
11845,17893
11846,11357
11847,23053
11848,15940
11849,13527
11850,5973
11851,17805
11852,484
11853,29511
11854,11009
11855,14846
11856,16326
11857,22291
11858,4458
11859,24426
11860,10718
11861,20390
11862,26678
11863,8901
11864,4524
11865,29225
11866,10475
11867,23997
11868,26245
11869,20790
11870,28883
11871,15597
11872,4433
11873,5653
11874,27754
11875,12699
11876,28215
11877,26588
11878,11583
11879,5343
11880,12804
11881,7992
11882,3743
11883,6523
11884,3469
11885,1986
11886,16913
11887,8687
11888,18960
11889,27510
11890,12672
11891,10208
11892,23587
11893,1078
11894,16458
11895,23225
11896,13890
11897,16754
11898,21857
11899,26583
11900,9708
11901,19031
11902,25632
11903,25306
11904,26010
11905,9532
11906,25875
11907,1720
11908,13779
11909,26914
11910,24179
11911,21475
11912,25000
11913,20273
11914,21434
11915,24183
11916,27115
11917,25809
11918,6990
11919,6808
11920,7762
11921,17824
11922,22286
11923,23118
11924,16627
11925,23468
11926,15500
11927,23081
11928,28623
11929,28685
11930,8959
11931,9148
11932,14564
11933,20947
11934,25351
11935,28850
11936,21026
11937,19968
11938,6353
11939,23405
11940,23576
11941,5288
11942,5356
11943,8554
11944,23197
11945,17375
11946,26973
11947,20745
11948,17439
11949,27323
11950,26500
11951,14917
11952,2805
11953,23836
11954,26740
11955,23520
11956,12181
11957,14720
11958,178
11959,8394
11960,28542
11961,21142
11962,18506
11963,22973
11964,21051
11965,26108
11966,17285
11967,7601
11968,25826
11969,15826
11970,11733
11971,21563
11972,12950
11973,3460
11974,12382
11975,13594
11976,15119
11977,23760
11978,21589
11979,9943
11980,28774
11981,12468
11982,25001
11983,29163
11984,5077
11985,14132
11986,7786
11987,27724
11988,14897
11989,26273
11990,24332
11991,879
11992,7783
11993,17188
11994,28480
11995,17098
11996,15192
11997,4868
11998,3875
11999,23059
12000,27650
12001,3775
12002,24077
12003,29436
12004,17856
12005,20436
12006,12734
12007,26522
12008,11418
12009,27787
12010,21004
12011,22426
12012,26760
12013,19254
12014,13394
12015,18600
12016,27844
12017,8549
12018,28976
12019,9159
12020,15278
12021,19179
12022,22718
12023,28131
12024,12059
12025,25028
12026,7822
12027,1037
12028,4946
12029,21740
12030,12761
12031,13051
12032,28714
12033,9377
12034,12436
12035,18952
12036,9633
12037,26519
12038,15963
12039,5182
12040,9687
12041,24446
12042,14954
12043,22212
12044,9319
12045,11748
12046,5821
12047,14929
12048,16045
12049,8891
12050,6156
12051,9367
12052,15418
12053,6600
12054,7661
12055,5990
12056,3653
12057,7623
12058,12118
12059,15865
12060,19233
12061,18114
12062,21839
12063,9005
12064,13733
12065,18961
12066,4313
12067,12031
12068,5475
12069,14876
12070,27102
12071,26214
12072,6203
12073,25489
12074,5068
12075,9172
12076,17159
12077,1331
12078,25910
12079,9816
12080,19429
12081,28246
12082,11082
12083,16489
12084,15704
12085,28349
12086,16526
12087,17691
12088,6479
12089,27413
12090,18339
12091,145
12092,1054
12093,23908
12094,24911
12095,29554
12096,14238
12097,21047
12098,6508
12099,3782
12100,3517
12101,12213
12102,234
12103,4629
12104,2881
12105,15253
12106,28923
12107,16669
12108,28087
12109,7464
12110,10238
12111,20350
12112,6565
12113,6951
12114,14445
12115,16516
12116,10791
12117,7150
12118,29526
12119,2142
12120,23079
12121,27699
12122,16958
12123,7227
12124,22957
12125,27377
12126,29087
12127,22273
12128,2643
12129,18743
12130,16532
12131,27947
12132,23299
12133,17323
12134,1738
12135,10018
12136,17865
12137,8090
12138,13394
12139,9201
12140,17468
12141,23489
12142,11267
12143,9449
12144,22481
12145,2538
12146,1542
12147,17750
12148,1964
12149,23050
12150,16691
12151,11431
12152,4567
12153,22252
12154,29208
12155,25664
12156,241
12157,20837
12158,16629
12159,17433
12160,29140
12161,2405
12162,17248
12163,15972
12164,355
12165,25518
12166,28515
12167,28144
12168,844
12169,18897
12170,28664
12171,4882
12172,23440
12173,11754
12174,28645
12175,16041
12176,7066
12177,17887
12178,4824
12179,9521
12180,1531
12181,23089
12182,20174
12183,17285
12184,23843
12185,451
12186,4188
12187,25452
12188,14444
12189,14141
12190,9542
12191,20579
12192,8107
12193,18108
12194,29859
12195,9445
12196,20254
12197,27075
12198,1410
12199,26992
12200,10618
12201,10307
12202,14469
12203,9394
12204,5746
12205,28215
12206,13184
12207,16258
12208,1724
12209,18944
12210,8788
12211,18541
12212,9364
12213,13776
12214,20554
12215,11975
12216,16264
12217,23460
12218,28343
12219,17250
12220,18590
12221,1511
12222,23366
12223,18082
12224,26191
12225,11924
12226,6173
12227,1551
12228,21596
12229,6603
12230,18323
12231,14033
12232,15671
12233,21700
12234,5496
12235,12515
12236,26308
12237,26974
12238,16090
12239,13040
12240,28639
12241,6035
12242,9413
12243,23174
12244,3702
12245,17596
12246,5334
12247,27968
12248,21161
12249,29266
12250,23403
12251,25132
12252,28479
12253,23344
12254,900
12255,8196
12256,14857
12257,7552
12258,15871
12259,17915
12260,16435
12261,7633
12262,11115
12263,12580
12264,5367
12265,249
12266,23105
12267,734
12268,2609
12269,2344
12270,4456
12271,1514
12272,10280
12273,18765
12274,15707
12275,12712
12276,13900
12277,7426
12278,17792
12279,11142
12280,17330
12281,7080
12282,20479
12283,14214
12284,24046
12285,8782
12286,3111
12287,13738
12288,23443
12289,25365
12290,21286
12291,15289
12292,15159
12293,8283
12294,2569
12295,3351
12296,8609
12297,1348
12298,26830
12299,25351
12300,21650
12301,10502
12302,12599
12303,8608
12304,14274
12305,26486
12306,11931
12307,22640
12308,10215
12309,18026
12310,7862
12311,15878
12312,21133
12313,8310
12314,4319
12315,16555
12316,26411
12317,23028
12318,26337
12319,6416
12320,22966
12321,8985
12322,24030
12323,27323
12324,3536
12325,27157
12326,19062
12327,14979
12328,11359
12329,628
12330,15198
12331,13236
12332,25585
12333,13345
12334,3051
12335,24923
12336,25093
12337,21555
12338,11114
12339,11012
12340,476
12341,23901
12342,24518
12343,27325
12344,25483
12345,6200
12346,18786
12347,20578
12348,1653
12349,18628
12350,16872
12351,27036
12352,5544
12353,16448
12354,23951
12355,705
12356,11812
12357,7650
12358,20645
12359,4075
12360,3782
12361,27717
12362,13888
12363,823
12364,19480
12365,14810
12366,3306
12367,13493
12368,8049
12369,16455
12370,20186
12371,22959
12372,27362
12373,11238
12374,2314
12375,24140
12376,15561
12377,6992
12378,20637
12379,341
12380,10038
12381,24843
12382,3970
12383,18892
12384,25179
12385,29972
12386,28735
12387,22863
12388,29415
12389,26097
12390,12014
12391,7715
12392,29134
12393,27953
12394,20533
12395,23682
12396,15704
12397,3571
12398,23057
12399,16210
12400,2815
12401,3974
12402,845
12403,6216
12404,17886
12405,2854
12406,19760
12407,3876
12408,16139
12409,12396
12410,26971
12411,29395
12412,24947
12413,18251
12414,25739
12415,833
12416,22350
12417,26713
12418,22646
12419,19247
12420,25537
12421,17929
12422,3339
12423,25976
12424,1828
12425,12042
12426,15793
12427,15085
12428,1325
12429,20435
12430,2529
12431,15944
12432,19428
12433,22257
12434,15124
12435,27348
12436,3568
12437,9998
12438,4657
12439,6491
12440,20134
12441,3435
12442,22206
12443,23700
12444,4949
12445,8371
12446,5494
12447,21215
12448,14923
12449,15584
12450,11652
12451,18854
12452,6620
12453,2261
12454,23637
12455,21354
12456,5279
12457,13949
12458,29281
12459,8905
12460,3507
12461,22724
12462,7630
12463,20360
12464,29940
12465,19220
12466,2593
12467,4350
12468,8373
12469,14562
12470,22590
12471,1330
12472,12794
12473,16820
12474,24424
12475,13906
12476,13378
12477,21835
12478,26877
12479,29733
12480,25343
12481,17213
12482,11962
12483,18655
12484,28823
12485,14384
12486,5036
12487,14753
12488,13946
12489,986
12490,11818
12491,13217
12492,24382
12493,15862
12494,13279
12495,7174
12496,26267
12497,22735
12498,5527
12499,19635
12500,29447
12501,2592
12502,2756
12503,579
12504,18484
12505,6792
12506,3007
12507,8388
12508,29199
12509,29791
12510,13610
12511,25968
12512,17301
12513,2416
12514,22647
12515,6265
12516,20811
12517,23775
12518,8649
12519,27269
12520,4775
12521,22682
12522,22418
12523,100
12524,19154
12525,28625
12526,28056
12527,186
12528,3419
12529,14224
12530,29910
12531,11732
12532,9596
12533,23409
12534,1027
12535,5195
12536,2006
12537,2621
12538,17498
12539,5880
12540,10345
12541,18604
12542,11031
12543,2938
12544,18959
12545,6682
12546,8231
12547,16762
12548,25287
12549,2602
12550,9292
12551,3784
12552,12985
12553,556
12554,25011
12555,24011
12556,19058
12557,22216
12558,4692
12559,21768
12560,14686
12561,4100
12562,21290
12563,14674
12564,18192
12565,29202
12566,26951
12567,881
12568,6584
12569,7238
12570,15184
12571,2753
12572,11480
12573,20753
12574,5154
12575,27235
12576,7500
12577,4847
12578,12308
12579,29312
12580,7800
12581,19404
12582,28070
12583,519
12584,10564
12585,853
12586,28120
12587,8460
12588,8296
12589,480
12590,4220
12591,19044
12592,7404
12593,5074
12594,7709
12595,24834
12596,26910
12597,12298
12598,22673
12599,22084
12600,17402
12601,10067
12602,6248
12603,14118
12604,3038
12605,12776
12606,14385
12607,16762
12608,458
12609,15559
12610,12452
12611,16879
12612,21695
12613,25764
12614,24062
12615,23549
12616,24823
12617,14292
12618,27258
12619,25975
12620,15537
12621,21973
12622,24320
12623,4614
12624,6254
12625,3457
12626,10289
12627,13025
12628,18645
12629,5144
12630,1711
12631,23078
12632,2292
12633,4702
12634,20740
12635,10353
12636,26312
12637,5365
12638,14401
12639,135
12640,14075
12641,2974
12642,2305
12643,18539
12644,2003
12645,17246
12646,13721
12647,13468
12648,27919
12649,7734
12650,26946
12651,8679
12652,26849
12653,25228
12654,28343
12655,16985
12656,7986
12657,21977
12658,26566
12659,26317
12660,10629
12661,17293
12662,15893
12663,21848
12664,7780
12665,22646
12666,7124
12667,27646
12668,25696
12669,24132
12670,3328
12671,17439
12672,17120
12673,22435
12674,18560
12675,9304
12676,23787
12677,22746
12678,26967
12679,12129
12680,2792
12681,5297
12682,8328
12683,20946
12684,21485
12685,28734
12686,1107
12687,17675
12688,1732
12689,12901
12690,8169
12691,7404
12692,27417
12693,7572
12694,6318
12695,18779
12696,5322
12697,20883
12698,14135
12699,3410
12700,28173
12701,15207
12702,23607
12703,15998
12704,12934
12705,14459
12706,18890
12707,26637
12708,26383
12709,5742
12710,7499
12711,17933
12712,1676
12713,6634
12714,4853
12715,11666
12716,19063
12717,12157
12718,15560
12719,28411
12720,21319
12721,23870
12722,14348
12723,21930
12724,4133
12725,3567
12726,28076
12727,8273
12728,26161
12729,13573
12730,13303
12731,10744
12732,4848
12733,27310
12734,23431
12735,16243
12736,8016
12737,27876
12738,14151
12739,22860
12740,20494
12741,5001
12742,4259
12743,14691
12744,28752
12745,29185
12746,8743
12747,5479
12748,8571
12749,953
12750,5002
12751,28073
12752,18189
12753,26706
12754,11362
12755,4151
12756,27020
12757,2369
12758,19608
12759,13455
12760,25950
12761,11210
12762,25578
12763,3750
12764,10649
12765,2864
12766,491
12767,19184
12768,741
12769,16068
12770,10767
12771,7844
12772,27865
12773,26523
12774,21885
12775,20892
12776,24048
12777,14510
12778,13468
12779,8745
12780,20147
12781,19214
12782,14961
12783,22105
12784,28891
12785,28266
12786,15628
12787,7674
12788,10659
12789,25941
12790,18326
12791,21648
12792,15441
12793,27878
12794,12363
12795,13253
12796,8719
12797,25892
12798,21671
12799,24866
12800,7568
12801,4814
12802,22684
12803,2551
12804,17280
12805,15765
12806,19813
12807,9179
12808,24351
12809,21256
12810,24866
12811,23233
12812,28353
12813,2669
12814,9954
12815,10289
12816,5429
12817,13018
12818,2707
12819,805
12820,4381
12821,17922
12822,9814
12823,16225
12824,26501
12825,13538
12826,21996
12827,7751
12828,8897
12829,15656
12830,13039
12831,18230
12832,9907
12833,29363
12834,15833
12835,8007
12836,29626
12837,25434
12838,23362
12839,12508
12840,16026
12841,15305
12842,5696
12843,29020
12844,25292
12845,10994
12846,29401
12847,19150
12848,10059
12849,14425
12850,11148
12851,27048
12852,14901
12853,29487
12854,17960
12855,10561
12856,25559
12857,16118
12858,24929
12859,1602
12860,1125
12861,24194
12862,18189
12863,20370
12864,7042
12865,4066
12866,13527
12867,967
12868,24383
12869,11682
12870,18854
12871,26733
12872,23825
12873,18552
12874,1414
12875,7559
12876,2572
12877,22094
12878,7919
12879,22389
12880,11339
12881,4585
12882,20275
12883,5676
12884,2891
12885,6039
12886,361
12887,20281
12888,15832
12889,29765
12890,4888
12891,13669
12892,14736
12893,1018
12894,19206
12895,29766
12896,29022
12897,18720
12898,14939
12899,3313
12900,14103
12901,12060
12902,10482
12903,2003
12904,19107
12905,13486
12906,5010
12907,18960
12908,25048
12909,28602
12910,4184
12911,3877
12912,1980
12913,2148
12914,5672
12915,12079
12916,10800
12917,810
12918,11024
12919,16149
12920,6658
12921,12077
12922,23776
12923,28128
12924,12257
12925,5239
12926,14624
12927,26951
12928,24012
12929,25474
12930,17225
12931,3897
12932,6413
12933,5480
12934,27584
12935,2303
12936,5613
12937,17224
12938,29161
12939,17840
12940,23337
12941,1902
12942,18606
12943,26488
12944,4757
12945,14407
12946,4777
12947,25273
12948,17322
12949,1044
12950,28237
12951,4860
12952,17607
12953,10872
12954,16977
12955,298
12956,11367
12957,5923
12958,21169
12959,2992
12960,19213
12961,13686
12962,20638
12963,12508
12964,24030
12965,16970
12966,25858
12967,25374
12968,3207
12969,2356
12970,7490
12971,14693
12972,13823
12973,1528
12974,21554
12975,24626
12976,3083
12977,20058
12978,20379
12979,29785
12980,4945
12981,1416
12982,12970
12983,25307
12984,7858
12985,27544
12986,14124
12987,28309
12988,21489
12989,26547
12990,551
12991,14651
12992,12733
12993,15674
12994,8582
12995,14109
12996,16814
12997,1702
12998,1016
12999,1187
13000,9855
13001,772
13002,20728
13003,15135
13004,19043
13005,11316
13006,17349
13007,13439
13008,29678
13009,9553
13010,8930
13011,1211
13012,26782
13013,16434
13014,29250
13015,14962
13016,11158
13017,7341
13018,13145
13019,4948
13020,23036
13021,18638
13022,25947
13023,1186
13024,4506
13025,10845
13026,10766
13027,28046
13028,7783
13029,29165
13030,22611
13031,20897
13032,13655
13033,19401
13034,4774
13035,27983
13036,16195
13037,283
13038,6730
13039,3347
13040,10996
13041,24489
13042,18174
13043,15755
13044,5326
13045,23509
13046,19326
13047,26338
13048,6302
13049,15895
13050,28073
13051,6553
13052,10801
13053,22837
13054,4824
13055,15893
13056,17278
13057,16056
13058,27591
13059,15176
13060,6194
13061,15019
13062,7277
13063,1895
13064,6944
13065,12908
13066,12795
13067,5932
13068,15043
13069,26807
13070,27405
13071,9115
13072,27998
13073,21101
13074,3030
13075,26728
13076,28296
13077,9744
13078,22114
13079,18663
13080,12032
13081,7220
13082,9142
13083,29065
13084,1177
13085,10069
13086,24942
13087,26390
13088,22008
13089,27515
13090,23083
13091,28151
13092,10754
13093,8121
13094,18924
13095,10059
13096,25929
13097,23617
13098,23236
13099,7267
13100,10340
13101,22327
13102,16575
13103,6119
13104,22528
13105,22665
13106,1384
13107,20516
13108,15737
13109,7721
13110,5263
13111,28547
13112,1447
13113,1450
13114,26166
13115,25978
13116,3455
13117,28167
13118,10064
13119,29017
13120,6137
13121,26484
13122,20742
13123,13620
13124,29204
13125,8854
13126,15987
13127,29021
13128,24731
13129,15277
13130,4597
13131,11706
13132,25147
13133,2547
13134,21805
13135,7189
13136,7486
13137,17193
13138,14288
13139,14576
13140,12882
13141,8677
13142,13579
13143,21128
13144,7510
13145,9382
13146,17274
13147,8021
13148,15563
13149,9319
13150,26062
13151,9703
13152,12319
13153,581
13154,26718
13155,26778
13156,26931
13157,5163
13158,14229
13159,23851
13160,18202
13161,13899
13162,18929
13163,21589
13164,28477
13165,16366
13166,16820
13167,21816
13168,14473
13169,19737
13170,610
13171,12606
13172,2436
13173,8340
13174,17994
13175,16362
13176,13256
13177,17748
13178,13167
13179,7898
13180,22988
13181,13013
13182,8083
13183,25206
13184,4104
13185,19265
13186,22323
13187,25882
13188,8189
13189,15100
13190,24375
13191,3346
13192,11482
13193,8131
13194,1646
13195,6821
13196,6025
13197,26614
13198,419
13199,11764
13200,18639
13201,23890
13202,21442
13203,17315
13204,16241
13205,25006
13206,17784
13207,2496
13208,9138
13209,25766
13210,18531
13211,26509
13212,3308
13213,19917
13214,27663
13215,15044
13216,4118
13217,28909
13218,13419
13219,6812
13220,11349
13221,11854
13222,7233
13223,10055
13224,24582
13225,20198
13226,4234
13227,14593
13228,27890
13229,147
13230,1197
13231,14899
13232,28250
13233,26699
13234,17500
13235,27742
13236,9487
13237,13811
13238,1142
13239,4020
13240,9681
13241,8183
13242,15467
13243,25571
13244,4875
13245,22151
13246,7982
13247,6431
13248,2183
13249,4480
13250,6146
13251,29531
13252,16332
13253,5780
13254,11426
13255,14627
13256,21418
13257,11480
13258,10431
13259,23985
13260,7204
13261,26022
13262,19584
13263,11747
13264,15365
13265,20024
13266,14586
13267,6247
13268,24134
13269,29432
13270,12843
13271,17938
13272,24630
13273,1574
13274,12764
13275,3351
13276,9965
13277,4888
13278,6006
13279,6954
13280,6601
13281,13982
13282,19067
13283,28418
13284,8421
13285,25280
13286,21811
13287,2514
13288,14811
13289,24541
13290,19252
13291,6835
13292,22133
13293,8905
13294,9560
13295,2071
13296,26880
13297,24813
13298,3202
13299,5836
13300,25057
13301,29097
13302,25979
13303,730
13304,3221
13305,10667
13306,28959
13307,2625
13308,19918
13309,16364
13310,15284
13311,4353
13312,2259
13313,718
13314,20615
13315,13539
13316,4504
13317,17051
13318,8426
13319,20637
13320,6397
13321,2337
13322,24437
13323,4496
13324,508
13325,10942
13326,23272
13327,2589
13328,22077
13329,16330
13330,16490
13331,18757
13332,20742
13333,23162
13334,24204
13335,27313
13336,7344
13337,12350
13338,24828
13339,6235
13340,1692
13341,21621
13342,3921
13343,19816
13344,26612
13345,29493
13346,6752
13347,9087
13348,11890
13349,4508
13350,21202
13351,17524
13352,4655
13353,24614
13354,1392
13355,3149
13356,15946
13357,2236
13358,1430
13359,11326
13360,29485
13361,18579
13362,18253
13363,24536
13364,21759
13365,13102
13366,1680
13367,29301
13368,21457
13369,20539
13370,12511
13371,4017
13372,29937
13373,16304
13374,25650
13375,17376
13376,13437
13377,2769
13378,19866
13379,9881
13380,406
13381,22587
13382,26691
13383,27413
13384,24057
13385,8119
13386,8786
13387,29573
13388,21996
13389,6940
13390,2979
13391,23174
13392,14103
13393,7257
13394,5562
13395,8604
13396,3816
13397,16418
13398,12500
13399,4434
13400,23084
13401,12887
13402,22878
13403,25293
13404,11893
13405,26045
13406,7843
13407,16696
13408,8142
13409,6281
13410,16824
13411,21744
13412,2151
13413,22830
13414,8360
13415,29197
13416,24029
13417,19878
13418,13316
13419,9562
13420,4593
13421,23720
13422,20945
13423,2666
13424,23646
13425,8998
13426,14492
13427,13751
13428,23456
13429,22344
13430,28228
13431,28281
13432,26077
13433,15968
13434,15511
13435,1187
13436,28942
13437,12616
13438,107
13439,2198
13440,11868
13441,15017
13442,12028
13443,22393
13444,11376
13445,20877
13446,1097
13447,4967
13448,10557
13449,25758
13450,2407
13451,27710
13452,335
13453,15837
13454,15568
13455,13005
13456,6567
13457,5387
13458,12723
13459,24396
13460,25259
13461,8091
13462,3267
13463,22311
13464,21105
13465,15378
13466,1333
13467,19042
13468,8367
13469,16287
13470,3726
13471,2412
13472,14616
13473,9136
13474,7048
13475,27260
13476,29361
13477,16608
13478,2615
13479,10314
13480,13811
13481,2746
13482,7596
13483,5369
13484,10802
13485,13526
13486,14335
13487,928
13488,5767
13489,13305
13490,19053
13491,992
13492,3519
13493,20024
13494,28537
13495,22137
13496,26807
13497,7831
13498,24546
13499,9788
13500,4672
13501,11064
13502,13110
13503,27529
13504,9667
13505,9693
13506,13812
13507,28245
13508,21354
13509,25759
13510,13433
13511,3834
13512,12323
13513,18276
13514,29255
13515,24137
13516,21063
13517,5831
13518,10656
13519,5507
13520,14106
13521,9209
13522,26534
13523,4431
13524,4462
13525,4895
13526,27754
13527,7932
13528,29496
13529,5441
13530,13725
13531,27857
13532,13157
13533,17559
13534,12956
13535,23794
13536,12609
13537,22659
13538,5815
13539,6599
13540,16281
13541,7255
13542,8150
13543,7706
13544,15140
13545,9269
13546,27343
13547,17766
13548,6005
13549,10011
13550,11011
13551,5177
13552,27074
13553,6690
13554,19721
13555,17385
13556,3329
13557,28919
13558,2115
13559,9806
13560,15962
13561,21730
13562,2529
13563,25011
13564,2096
13565,9286
13566,4352
13567,23608
13568,28719
13569,23216
13570,19145
13571,12253
13572,16450
13573,5499
13574,6633
13575,26798
13576,25427
13577,18163
13578,22200
13579,4490
13580,28895
13581,7066
13582,6727
13583,26756
13584,26575
13585,11772
13586,29513
13587,2731
13588,3918
13589,9415
13590,18452
13591,20699
13592,29895
13593,3987
13594,957
13595,7904
13596,8410
13597,3385
13598,14791
13599,12009
13600,16984
13601,27478
13602,24832
13603,26689
13604,13158
13605,2550
13606,17421
13607,16760
13608,12698
13609,21511
13610,27197
13611,19979
13612,8325
13613,12260
13614,13693
13615,11441
13616,27506
13617,28592
13618,655
13619,18305
13620,27740
13621,16090
13622,690
13623,7712
13624,17603
13625,21072
13626,6287
13627,11362
13628,26776
13629,12984
13630,16884
13631,18890
13632,11773
13633,12530
13634,11277
13635,12221
13636,10795
13637,10579
13638,427
13639,2312
13640,8313
13641,14762
13642,15878
13643,17863
13644,21740
13645,10335
13646,9709
13647,14513
13648,8022
13649,13351
13650,21554
13651,13064
13652,19037
13653,14319
13654,19626
13655,4689
13656,2287
13657,8399
13658,29703
13659,24996
13660,4959
13661,11997
13662,26170
13663,18197
13664,28338
13665,7943
13666,2076
13667,2654
13668,16195
13669,5521
13670,2536
13671,23546
13672,25675
13673,20720
13674,3593
13675,557
13676,28572
13677,4205
13678,29736
13679,8306
13680,23242
13681,16404
13682,1172
13683,10597
13684,8508
13685,26612
13686,25331
13687,25776
13688,21188
13689,28305
13690,24803
13691,10555
13692,25960
13693,6182
13694,21684
13695,1987
13696,9991
13697,28268
13698,28096
13699,11385
13700,13235
13701,12634
13702,11927
13703,18130
13704,9295
13705,29287
13706,1633
13707,20296
13708,16842
13709,8885
13710,9600
13711,6073
13712,22770
13713,26665
13714,16212
13715,7716
13716,26266
13717,19463
13718,14289
13719,345
13720,7756
13721,8137
13722,2733
13723,10220
13724,19006
13725,1449
13726,5829
13727,26116
13728,18234
13729,18802
13730,4609
13731,24448
13732,3634
13733,27634
13734,15168
13735,27896
13736,4997
13737,27306
13738,11217
13739,12388
13740,8052
13741,23535
13742,13963
13743,4300
13744,14652
13745,22318
13746,1508
13747,14309
13748,4865
13749,16795
13750,963
13751,27282
13752,7292
13753,2550
13754,5591
13755,7313
13756,17771
13757,23869
13758,10373
13759,15820
13760,3223
13761,21827
13762,25881
13763,14437
13764,29561
13765,9497
13766,26505
13767,21923
13768,21738
13769,1915
13770,8170
13771,6325
13772,15255
13773,20158
13774,28244
13775,22691
13776,15214
13777,26443
13778,23847
13779,11865
13780,19874
13781,11141
13782,15939
13783,15584
13784,17872
13785,16640
13786,9059
13787,235
13788,12418
13789,20913
13790,14003
13791,25347
13792,27768
13793,633
13794,9707
13795,22149
13796,24216
13797,26618
13798,7899
13799,22078
13800,8088
13801,23990
13802,15351
13803,6806
13804,27039
13805,4046
13806,6770
13807,7135
13808,20566
13809,9798
13810,29235
13811,16412
13812,23546
13813,18707
13814,5233
13815,7425
13816,13910
13817,11179
13818,16754
13819,25074
13820,12515
13821,4903
13822,16421
13823,13940
13824,19831
13825,210
13826,28052
13827,20301
13828,28811
13829,14531
13830,13643
13831,12006
13832,24903
13833,15233
13834,4034
13835,4900
13836,21418
13837,15264
13838,14939
13839,16134
13840,5160
13841,21998
13842,5658
13843,24729
13844,15273
13845,27870
13846,3124
13847,8031
13848,1443
13849,23696
13850,23131
13851,13008
13852,21816
13853,26041
13854,17610
13855,1414
13856,26159
13857,6742
13858,17105
13859,1899
13860,14187
13861,28440
13862,15700
13863,22655
13864,4093
13865,7771
13866,1393
13867,2506
13868,10247
13869,29208
13870,29836
13871,16270
13872,7947
13873,3672
13874,17591
13875,18236
13876,287
13877,2474
13878,7569
13879,24876
13880,12976
13881,28414
13882,12920
13883,29060
13884,20231
13885,2707
13886,20769
13887,9145
13888,3621
13889,18872
13890,19782
13891,19699
13892,17205
13893,13613
13894,13230
13895,16938
13896,25980
13897,10236
13898,19302
13899,13495
13900,19179
13901,25996
13902,25004
13903,21914
13904,8265
13905,27128
13906,11771
13907,22473
13908,19629
13909,12759
13910,21970
13911,9009
13912,10412
13913,19743
13914,7368
13915,18674
13916,6015
13917,9758
13918,25257
13919,19978
13920,2279
13921,9632
13922,19983
13923,7226
13924,22414
13925,1696
13926,4220
13927,18042
13928,23639
13929,14184
13930,25856
13931,27277
13932,14843
13933,29481
13934,29918
13935,11724
13936,24647
13937,13532
13938,27522
13939,15162
13940,15836
13941,9784
13942,10777
13943,10173
13944,17855
13945,15245
13946,11879
13947,4989
13948,25004
13949,2087
13950,26593
13951,6489
13952,28430
13953,15367
13954,27567
13955,2322
13956,28128
13957,4877
13958,29535
13959,28350
13960,22374
13961,21491
13962,21777
13963,19852
13964,20333
13965,12804
13966,6330
13967,16880
13968,21212
13969,19786
13970,26094
13971,9003
13972,13363
13973,6282
13974,2513
13975,29405
13976,16974
13977,17633
13978,14255
13979,12399
13980,7644
13981,26342
13982,254
13983,25404
13984,10761
13985,4481
13986,794
13987,11356
13988,28702
13989,3359
13990,29635
13991,3542
13992,25004
13993,16826
13994,13201
13995,21737
13996,18725
13997,22517
13998,25445
13999,16302
14000,12527
14001,20587
14002,14635
14003,4281
14004,10131
14005,4343
14006,25821
14007,15212
14008,11251
14009,29916
14010,5105
14011,4531
14012,7211
14013,13783
14014,12373
14015,16078
14016,9773
14017,7747
14018,6557
14019,9967
14020,29690
14021,21124
14022,19078
14023,9611
14024,25280
14025,15025
14026,21823
14027,8441
14028,499
14029,6906
14030,6656
14031,5573
14032,24919
14033,1482
14034,6384
14035,8149
14036,14106
14037,25692
14038,11796
14039,3177
14040,11089
14041,14577
14042,14991
14043,1908
14044,8008
14045,4257
14046,11736
14047,20493
14048,16061
14049,27610
14050,5377
14051,17481
14052,5287
14053,3335
14054,21154
14055,25529
14056,9823
14057,13844
14058,10079
14059,17726
14060,7392
14061,1650
14062,12941
14063,21664
14064,8216
14065,22543
14066,14049
14067,5087
14068,9730
14069,1517
14070,17886
14071,4524
14072,21505
14073,20413
14074,26725
14075,11584
14076,17107
14077,10901
14078,15225
14079,23500
14080,11197
14081,12360
14082,24078
14083,16506
14084,11985
14085,3275
14086,21163
14087,14473
14088,4745
14089,22140
14090,10047
14091,5365
14092,29900
14093,385
14094,19524
14095,25488
14096,20270
14097,21405
14098,27756
14099,27714
14100,24896
14101,8538
14102,5194
14103,18089
14104,24477
14105,15792
14106,20008
14107,20799
14108,2661
14109,17150
14110,25539
14111,29849
14112,29993
14113,15718
14114,26588
14115,8832
14116,15712
14117,6753
14118,21620
14119,10716
14120,9378
14121,17180
14122,1407
14123,1230
14124,3018
14125,20305
14126,25187
14127,11354
14128,3865
14129,12884
14130,3092
14131,8566
14132,25809
14133,17330
14134,1423
14135,16710
14136,21277
14137,29213
14138,17910
14139,8432
14140,28690
14141,12045
14142,16659
14143,15971
14144,29678
14145,26501
14146,29059
14147,1033
14148,18661
14149,1777
14150,18350
14151,22855
14152,8930
14153,6450
14154,10858
14155,20631
14156,29633
14157,9351
14158,12632
14159,3610
14160,6534
14161,6584
14162,9913
14163,29555
14164,9069
14165,24887
14166,20974
14167,14170
14168,24293
14169,19528
14170,12901
14171,5692
14172,29764
14173,17586
14174,20599
14175,26578
14176,22933
14177,6192
14178,16488
14179,11968
14180,28859
14181,13677
14182,29059
14183,24856
14184,12614
14185,20346
14186,8452
14187,3652
14188,14519
14189,18881
14190,13019
14191,15241
14192,2552
14193,175
14194,3333
14195,8641
14196,12113
14197,29670
14198,7271
14199,11125
14200,5687
14201,7515
14202,3889
14203,22734
14204,20343
14205,1142
14206,29459
14207,8726
14208,24657
14209,10002
14210,7191
14211,17201
14212,23482
14213,9276
14214,3733
14215,19874
14216,10507
14217,4133
14218,17338
14219,4574
14220,22498
14221,9704
14222,6184
14223,12508
14224,23711
14225,12776
14226,22436
14227,16322
14228,25377
14229,27531
14230,1395
14231,24753
14232,378
14233,4414
14234,8289
14235,19457
14236,423
14237,26607
14238,3154
14239,624
14240,16266
14241,1701
14242,24948
14243,6468
14244,10038
14245,8326
14246,8408
14247,27195
14248,27419
14249,13855
14250,22524
14251,17505
14252,18577
14253,19037
14254,17849
14255,10737
14256,11735
14257,4291
14258,15133
14259,6563
14260,12224
14261,6071
14262,27604
14263,24261
14264,16904
14265,8532
14266,11269
14267,20611
14268,26620
14269,26462
14270,615
14271,7001
14272,17177
14273,16213
14274,8981
14275,17958
14276,18525
14277,25002
14278,28806
14279,17714
14280,26763
14281,12317
14282,9898
14283,18800
14284,12331
14285,17257
14286,4754
14287,16582
14288,6570
14289,13068
14290,17279
14291,12023
14292,20162
14293,14913
14294,8368
14295,7955
14296,12305
14297,4983
14298,13729
14299,20802
14300,27717
14301,5800
14302,28610
14303,15194
14304,3138
14305,10454
14306,23721
14307,24257
14308,11262
14309,883
14310,29104
14311,11282
14312,20242
14313,27764
14314,14471
14315,13158
14316,2764
14317,2980
14318,15054
14319,22656
14320,29538
14321,4949
14322,22735
14323,27321
14324,15193
14325,22640
14326,435
14327,4267
14328,28387
14329,239
14330,29102
14331,28354
14332,6720
14333,26324
14334,3684
14335,3539
14336,18334
14337,27349
14338,21419
14339,9183
14340,9743
14341,2647
14342,12414
14343,5582
14344,14842
14345,1379
14346,15626
14347,8932
14348,9768
14349,25011
14350,19273
14351,919
14352,1160
14353,6002
14354,29247
14355,5088
14356,11471
14357,22580
14358,29739
14359,4861
14360,18845
14361,27952
14362,2099
14363,1372
14364,25684
14365,1617
14366,20935
14367,19703
14368,23931
14369,6124
14370,29497
14371,28186
14372,2119
14373,2875
14374,2420
14375,28965
14376,29926
14377,20493
14378,3515
14379,10877
14380,19603
14381,17004
14382,18036
14383,19198
14384,26930
14385,22750
14386,26350
14387,22828
14388,6159
14389,8471
14390,289
14391,13445
14392,16380
14393,17623
14394,11992
14395,24868
14396,27928
14397,26836
14398,17863
14399,27372
14400,3461
14401,10033
14402,21802
14403,26575
14404,5062
14405,3869
14406,9149
14407,4637
14408,450
14409,19247
14410,20602
14411,7959
14412,26181
14413,16032
14414,24024
14415,28465
14416,25539
14417,16527
14418,24060
14419,9802
14420,13562
14421,4529
14422,4557
14423,9139
14424,13449
14425,6084
14426,29618
14427,14823
14428,28280
14429,4047
14430,28094
14431,15622
14432,11470
14433,12928
14434,16548
14435,11948
14436,20134
14437,23855
14438,22131
14439,16984
14440,17669
14441,24605
14442,13079
14443,11655
14444,4531
14445,10239
14446,26700
14447,18894
14448,28561
14449,3619
14450,23678
14451,28816
14452,17668
14453,17200
14454,9384
14455,7095
14456,1205
14457,16443
14458,1432
14459,14642
14460,27801
14461,2998
14462,15948
14463,8837
14464,2407
14465,6520
14466,4553
14467,9142
14468,28473
14469,15175
14470,22033
14471,29885
14472,16489
14473,25193
14474,14244
14475,22286
14476,25414
14477,11225
14478,14239
14479,24330
14480,8612
14481,29892
14482,2488
14483,18506
14484,27347
14485,26076
14486,21301
14487,15854
14488,3612
14489,7944
14490,1985
14491,19892
14492,6734
14493,20723
14494,23018
14495,2262
14496,11240
14497,26005
14498,18202
14499,29356
14500,26781
14501,13799
14502,24448
14503,20953
14504,11104
14505,1445
14506,5482
14507,24108
14508,29412
14509,18024
14510,15699
14511,1489
14512,14906
14513,13010
14514,7290
14515,25742
14516,3215
14517,16167
14518,14531
14519,20292
14520,27503
14521,6288
14522,22267
14523,15255
14524,16586
14525,28457
14526,19225
14527,10229
14528,11189
14529,4528
14530,24271
14531,19915
14532,18854
14533,11666
14534,25852
14535,3582
14536,4501
14537,27524
14538,29506
14539,12986
14540,10782
14541,25414
14542,12229
14543,12055
14544,18721
14545,8703
14546,23864
14547,9253
14548,19874
14549,22659
14550,5845
14551,1526
14552,16668
14553,29586
14554,19514
14555,12824
14556,27383
14557,10566
14558,20430
14559,14365
14560,18489
14561,4151
14562,27735
14563,23407
14564,3355
14565,25031
14566,20465
14567,12600
14568,17023
14569,7098
14570,8698
14571,7576
14572,28195
14573,5842
14574,23888
14575,10422
14576,11029
14577,29168
14578,9982
14579,14022
14580,129
14581,12631
14582,27098
14583,28432
14584,4156
14585,5225
14586,2226
14587,7754
14588,17263
14589,26301
14590,19159
14591,28210
14592,1995
14593,8500
14594,19622
14595,11788
14596,12870
14597,9926
14598,3021
14599,28325
14600,25889
14601,28167
14602,10778
14603,27438
14604,20172
14605,17879
14606,24254
14607,21567
14608,26874
14609,18152
14610,1381
14611,9447
14612,5035
14613,2134
14614,23839
14615,13612
14616,653
14617,9929
14618,336
14619,21475
14620,1407
14621,26114
14622,27329
14623,26184
14624,13892
14625,12233
14626,22994
14627,27085
14628,24874
14629,25625
14630,13660
14631,29632
14632,19860
14633,2012
14634,14523
14635,13463
14636,29467
14637,11639
14638,17328
14639,27449
14640,14252
14641,3358
14642,9362
14643,21327
14644,17420
14645,24755
14646,16972
14647,6006
14648,22722
14649,7176
14650,21343
14651,22807
14652,2858
14653,4246
14654,26346
14655,1264
14656,20646
14657,9977
14658,1666
14659,16099
14660,24787
14661,8659
14662,28999
14663,3650
14664,26299
14665,10937
14666,16522
14667,8705
14668,12892
14669,17184
14670,5087
14671,10114
14672,12709
14673,29290
14674,2064
14675,20365
14676,14309
14677,23425
14678,16657
14679,18975
14680,5635
14681,21474
14682,20855
14683,2594
14684,29282
14685,741
14686,7892
14687,28621
14688,20532
14689,15256
14690,7965
14691,12359
14692,26911
14693,28325
14694,19733
14695,11004
14696,14874
14697,19340
14698,18650
14699,18739
14700,27641
14701,10105
14702,14145
14703,13065
14704,5994
14705,14807
14706,21769
14707,24951
14708,22150
14709,9721
14710,128
14711,8198
14712,21730
14713,28952
14714,13806
14715,18781
14716,24878
14717,26885
14718,26239
14719,21846
14720,14008
14721,23267
14722,6432
14723,5094
14724,2503
14725,16829
14726,10924
14727,28054
14728,21572
14729,15251
14730,28238
14731,4143
14732,19998
14733,9294
14734,11656
14735,6872
14736,11806
14737,3913
14738,5328
14739,18443
14740,28928
14741,13464
14742,23166
14743,27799
14744,28514
14745,17109
14746,8556
14747,25471
14748,13728
14749,3487
14750,18860
14751,18311
14752,28066
14753,28053
14754,27789
14755,24155
14756,1695
14757,14047
14758,27247
14759,6918
14760,21299
14761,2272
14762,13260
14763,26279
14764,27565
14765,23623
14766,1597
14767,23027
14768,25615
14769,17305
14770,3070
14771,13880
14772,3635
14773,14643
14774,3730
14775,21634
14776,20178
14777,29291
14778,14554
14779,13646
14780,15690
14781,21124
14782,15142
14783,19941
14784,13569
14785,14713
14786,21498
14787,19585
14788,18348
14789,22393
14790,26946
14791,27327
14792,12805
14793,10149
14794,24816
14795,10167
14796,20767
14797,3188
14798,24036
14799,19622
14800,3633
14801,9801
14802,29511
14803,16141
14804,27812
14805,7411
14806,14359
14807,11768
14808,4669
14809,17929
14810,10173
14811,8135
14812,12290
14813,7191
14814,24320
14815,12724
14816,25007
14817,14335
14818,12825
14819,21529
14820,26381
14821,22723
14822,15470
14823,24120
14824,18379
14825,13535
14826,18138
14827,9884
14828,20751
14829,4784
14830,15315
14831,24257
14832,29321
14833,25760
14834,9620
14835,23921
14836,19325
14837,22281
14838,25455
14839,12285
14840,20433
14841,22943
14842,15737
14843,25749
14844,782
14845,23088
14846,1208
14847,24659
14848,29661
14849,22848
14850,27938
14851,29624
14852,29612
14853,6391
14854,12504
14855,29726
14856,28005
14857,17719
14858,6250
14859,14560
14860,26212
14861,12412
14862,14202
14863,6780
14864,22433
14865,3868
14866,19335
14867,10611
14868,8837
14869,20427
14870,12536
14871,12471
14872,3377
14873,7625
14874,22050
14875,16223
14876,6175
14877,8850
14878,24571
14879,22069
14880,23664
14881,1173
14882,23713
14883,29979
14884,13714
14885,24756
14886,11053
14887,13166
14888,13347
14889,19337
14890,17628
14891,23821
14892,2252
14893,3667
14894,7256
14895,21843
14896,10909
14897,25583
14898,3579
14899,960
14900,3155
14901,3822
14902,14405
14903,24843
14904,6443
14905,2425
14906,10708
14907,18683
14908,13067
14909,22377
14910,15784
14911,10251
14912,10794
14913,16436
14914,2351
14915,7496
14916,8272
14917,854
14918,27720
14919,3100
14920,14855
14921,27446
14922,20635
14923,23641
14924,4302
14925,24718
14926,8192
14927,518
14928,26262
14929,26290
14930,145
14931,7919
14932,24164
14933,14188
14934,16101
14935,27132
14936,22757
14937,11708
14938,16025
14939,27723
14940,25075
14941,933
14942,23581
14943,12689
14944,8522
14945,27147
14946,26805
14947,7268
14948,18393
14949,10714
14950,26876
14951,17726
14952,29413
14953,11791
14954,25573
14955,15613
14956,7378
14957,2389
14958,16808
14959,9601
14960,19167
14961,3541
14962,6262
14963,22400
14964,18145
14965,6175
14966,10951
14967,12308
14968,27698
14969,5783
14970,29634
14971,16304
14972,29794
14973,11923
14974,27888
14975,26352
14976,4183
14977,8931
14978,24939
14979,21332
14980,7407
14981,5432
14982,13457
14983,29165
14984,21936
14985,21054
14986,1454
14987,22987
14988,9709
14989,1254
14990,429
14991,542
14992,26906
14993,9401
14994,9901
14995,22043
14996,21173
14997,26445
14998,12282
14999,776
15000,16018
15001,25898
15002,26826
15003,25482
15004,18707
15005,17230
15006,10695
15007,8034
15008,23173
15009,3719
15010,6548
15011,14832
15012,6923
15013,280
15014,25000
15015,28422
15016,5091
15017,19200
15018,1708
15019,23485
15020,29409
15021,20234
15022,1656
15023,9450
15024,10857
15025,15458
15026,867
15027,22316
15028,2297
15029,2384
15030,19100
15031,5390
15032,11770
15033,18401
15034,18889
15035,10635
15036,16340
15037,13596
15038,9291
15039,20862
15040,13739
15041,13023
15042,21877
15043,27051
15044,1242
15045,29734
15046,21023
15047,15547
15048,25303
15049,11486
15050,13008
15051,13225
15052,26937
15053,24423
15054,18492
15055,8315
15056,7539
15057,4610
15058,20235
15059,21171
15060,10560
15061,19685
15062,20843
15063,17775
15064,9776
15065,16677
15066,22682
15067,26432
15068,1112
15069,10455
15070,24750
15071,15309
15072,6866
15073,23485
15074,27571
15075,11245
15076,18613
15077,13288
15078,6258
15079,433
15080,25068
15081,6825
15082,23546
15083,1417
15084,15108
15085,10132
15086,13867
15087,10341
15088,13478
15089,23381
15090,10811
15091,26864
15092,22377
15093,23696
15094,11418
15095,22156
15096,29373
15097,10908
15098,21002
15099,20113
15100,5287
15101,1660
15102,3198
15103,5756
15104,8334
15105,22281
15106,17508
15107,16211
15108,4132
15109,22707
15110,4158
15111,24240
15112,24642
15113,17768
15114,25840
15115,14311
15116,8986
15117,26204
15118,10458
15119,24382
15120,23221
15121,18548
15122,28931
15123,5033
15124,2210
15125,25328
15126,19462
15127,19585
15128,26410
15129,19436
15130,7227
15131,1174
15132,9912
15133,26531
15134,11282
15135,9453
15136,19210
15137,19869
15138,28808
15139,21841
15140,24097
15141,14327
15142,10909
15143,1392
15144,20988
15145,2519
15146,18531
15147,29797
15148,5545
15149,25328
15150,7821
15151,942
15152,18231
15153,16144
15154,27813
15155,29043
15156,25591
15157,21517
15158,9562
15159,12100
15160,4970
15161,9750
15162,21290
15163,3174
15164,27690
15165,27461
15166,6638
15167,18679
15168,2427
15169,10246
15170,8747
15171,25666
15172,4611
15173,27257
15174,16583
15175,4450
15176,6502
15177,3932
15178,22630
15179,23191
15180,6040
15181,7101
15182,28051
15183,22917
15184,2990
15185,19589
15186,19145
15187,10958
15188,8599
15189,27382
15190,6452
15191,13445
15192,14018
15193,4044
15194,1247
15195,12378
15196,6357
15197,7538
15198,18251
15199,9224
15200,14984
15201,20834
15202,15904
15203,13855
15204,13292
15205,21483
15206,13107
15207,16331
15208,25502
15209,21835
15210,19307
15211,25835
15212,5806
15213,20342
15214,16403
15215,247
15216,29085
15217,17296
15218,7108
15219,23246
15220,25296
15221,17990
15222,21598
15223,2862
15224,20033
15225,1685
15226,23587
15227,23801
15228,3308
15229,20142
15230,11300
15231,14776
15232,12676
15233,12732
15234,28662
15235,2411
15236,12305
15237,23209
15238,18429
15239,28790
15240,5961
15241,5342
15242,8838
15243,26814
15244,23313
15245,3847
15246,16173
15247,7230
15248,27628
15249,13593
15250,10719
15251,2350
15252,17406
15253,8367
15254,9428
15255,21386
15256,27249
15257,20682
15258,966
15259,7599
15260,22571
15261,21060
15262,2484
15263,23961
15264,27289
15265,17126
15266,17608
15267,8989
15268,13134
15269,26316
15270,12712
15271,9713
15272,21744
15273,1413
15274,20232
15275,8545
15276,11946
15277,10560
15278,18437
15279,1068
15280,9398
15281,19505
15282,22342
15283,20586
15284,10766
15285,3529
15286,6316
15287,1110
15288,20592
15289,4517
15290,10468
15291,25398
15292,28961
15293,17442
15294,14921
15295,28001
15296,26236
15297,10832
15298,29227
15299,12494
15300,5679
15301,11845
15302,844
15303,6676
15304,11450
15305,17205
15306,20818
15307,28302
15308,1576
15309,3031
15310,13419
15311,8045
15312,22546
15313,21846
15314,22927
15315,24421
15316,16037
15317,4358
15318,17955
15319,26507
15320,5991
15321,9923
15322,7567
15323,5567
15324,22413
15325,4494
15326,11650
15327,26660
15328,25594
15329,1319
15330,22984
15331,25363
15332,11656
15333,11553
15334,26727
15335,5537
15336,4524
15337,22279
15338,12263
15339,28181
15340,13634
15341,29286
15342,24060
15343,29728
15344,27276
15345,19340
15346,10917
15347,29374
15348,11226
15349,15789
15350,23490
15351,13898
15352,22761
15353,5850
15354,2242
15355,11046
15356,4634
15357,2293
15358,293
15359,16020
15360,28828
15361,14661
15362,14472
15363,1482
15364,787
15365,29535
15366,19069
15367,1138
15368,27335
15369,4996
15370,25806
15371,23884
15372,12436
15373,25002
15374,6135
15375,13114
15376,19558
15377,4039
15378,11450
15379,3274
15380,17690
15381,491
15382,19946
15383,9692
15384,20075
15385,21524
15386,14764
15387,25306
15388,16226
15389,6063
15390,804
15391,27649
15392,176
15393,2763
15394,18214
15395,6481
15396,3142
15397,11328
15398,19060
15399,4090
15400,24126
15401,320
15402,27242
15403,29475
15404,12766
15405,2597
15406,24209
15407,3897
15408,9769
15409,10573
15410,11854
15411,21218
15412,25874
15413,26082
15414,15583
15415,4496
15416,6138
15417,19769
15418,4817
15419,19141
15420,1074
15421,7553
15422,5972
15423,12605
15424,10782
15425,15210
15426,23237
15427,2811
15428,9716
15429,28298
15430,15000
15431,23113
15432,26113
15433,13959
15434,28003
15435,4145
15436,8335
15437,17836
15438,8589
15439,15364
15440,18595
15441,14165
15442,15740
15443,19934
15444,28839
15445,26341
15446,28936
15447,19522
15448,23996
15449,14570
15450,6622
15451,8823
15452,1757
15453,11214
15454,6854
15455,12422
15456,2440
15457,1714
15458,13063
15459,16543
15460,8508
15461,24624
15462,22847
15463,23887
15464,28908
15465,20774
15466,24820
15467,27673
15468,29482
15469,2857
15470,5085
15471,3586
15472,7758
15473,25532
15474,18848
15475,3752
15476,24478
15477,21193
15478,19303
15479,29542
15480,13399
15481,6824
15482,4224
15483,9160
15484,18691
15485,26301
15486,13721
15487,26145
15488,14240
15489,13517
15490,24733
15491,16721
15492,29344
15493,28687
15494,24001
15495,2583
15496,21999
15497,13793
15498,12236
15499,14271
15500,17090
15501,2124
15502,18885
15503,4440
15504,14607
15505,18547
15506,7038
15507,19513
15508,12567
15509,29067
15510,4279
15511,4521
15512,19954
15513,20072
15514,16466
15515,1220
15516,22200
15517,29874
15518,18083
15519,29319
15520,26836
15521,7102
15522,18207
15523,10856
15524,10811
15525,16087
15526,12265
15527,11209
15528,7100
15529,14739
15530,3569
15531,28174
15532,7721
15533,18053
15534,9453
15535,19743
15536,7164
15537,29841
15538,24033
15539,8078
15540,24505
15541,23266
15542,8105
15543,26900
15544,26744
15545,15210
15546,5998
15547,25028
15548,24812
15549,11118
15550,21695
15551,20526
15552,6364
15553,20813
15554,11890
15555,26873
15556,23628
15557,8801
15558,20593
15559,28879
15560,16782
15561,15281
15562,11641
15563,3419
15564,2393
15565,27306
15566,27876
15567,8064
15568,15201
15569,14212
15570,12793
15571,2778
15572,12551
15573,4278
15574,749
15575,13509
15576,17240
15577,22149
15578,19190
15579,3310
15580,9625
15581,25222
15582,15564
15583,2902
15584,7347
15585,1224
15586,21786
15587,28803
15588,27205
15589,11685
15590,13872
15591,23772
15592,12431
15593,2631
15594,16129
15595,585
15596,11128
15597,14165
15598,14601
15599,14976
15600,2618
15601,12776
15602,440
15603,17845
15604,15293
15605,9203
15606,246
15607,8633
15608,25321
15609,4915
15610,7862
15611,16736
15612,28325
15613,29394
15614,27625
15615,17091
15616,22126
15617,1815
15618,28045
15619,10875
15620,7485
15621,19696
15622,16745
15623,27134
15624,8870
15625,4660
15626,3840
15627,25024
15628,1043
15629,21252
15630,1346
15631,17620
15632,5318
15633,17023
15634,15422
15635,21149
15636,9228
15637,20019
15638,28450
15639,9682
15640,24358
15641,25283
15642,17635
15643,3968
15644,20854
15645,12151
15646,29788
15647,423
15648,3281
15649,20643
15650,28791
15651,26169
15652,3611
15653,4227
15654,24156
15655,21268
15656,12856
15657,16230
15658,12851
15659,3711
15660,19717
15661,19465
15662,3204
15663,24188
15664,28537
15665,10668
15666,9730
15667,27373
15668,7484
15669,19501
15670,13782
15671,15922
15672,11715
15673,24841
15674,11646
15675,6547
15676,13853
15677,29399
15678,12632
15679,4093
15680,14018
15681,29111
15682,5023
15683,26667
15684,9574
15685,7246
15686,7081
15687,18708
15688,2540
15689,14001
15690,18075
15691,15403
15692,12482
15693,18860
15694,21824
15695,16337
15696,3546
15697,14453
15698,11665
15699,1317
15700,1885
15701,20990
15702,8809
15703,2929
15704,454
15705,29181
15706,7690
15707,3143
15708,4912
15709,25455
15710,16714
15711,4455
15712,22326
15713,5455
15714,1042
15715,18724
15716,24327
15717,4669
15718,19418
15719,13855
15720,25539
15721,7031
15722,12930
15723,16053
15724,27926
15725,10869
15726,7045
15727,425
15728,2100
15729,23565
15730,20888
15731,1577
15732,16926
15733,12530
15734,13476
15735,9521
15736,4092
15737,18737
15738,7162
15739,5029
15740,18931
15741,13477
15742,20855
15743,3368
15744,21726
15745,8221
15746,2380
15747,20085
15748,17379
15749,18928
15750,21540
15751,19493
15752,686
15753,8111
15754,20220
15755,2631
15756,10508
15757,15061
15758,9576
15759,415
15760,11207
15761,22588
15762,28217
15763,29842
15764,14714
15765,4446
15766,18164
15767,21671
15768,21140
15769,11763
15770,5646
15771,1233
15772,22574
15773,5906
15774,8872
15775,870
15776,10800
15777,13133
15778,4376
15779,24024
15780,7651
15781,12568
15782,25007
15783,18771
15784,4727
15785,28614
15786,17288
15787,6306
15788,13840
15789,4743
15790,4894
15791,6609
15792,306
15793,25026
15794,6220
15795,22564
15796,16685
15797,18154
15798,3777
15799,24135
15800,11409
15801,6843
15802,22609
15803,925
15804,4287
15805,10325
15806,3663
15807,18244
15808,4697
15809,25834
15810,18195
15811,28161
15812,28826
15813,7112
15814,10057
15815,12038
15816,24632
15817,9655
15818,19062
15819,5625
15820,6731
15821,7267
15822,9321
15823,5901
15824,16988
15825,18459
15826,28841
15827,29355
15828,23778
15829,1851
15830,23598
15831,4763
15832,7887
15833,285
15834,19578
15835,17366
15836,27249
15837,6668
15838,22915
15839,1230
15840,27719
15841,6922
15842,2642
15843,19563
15844,4824
15845,3159
15846,25710
15847,9083
15848,13945
15849,591
15850,4668
15851,21984
15852,29845
15853,19452
15854,10752
15855,8378
15856,8742
15857,21043
15858,11349
15859,25890
15860,28961
15861,9213
15862,20801
15863,2264
15864,2980
15865,17058
15866,670
15867,22483
15868,9315
15869,17189
15870,12127
15871,12302
15872,17443
15873,14460
15874,6193
15875,9278
15876,20771
15877,12846
15878,9652
15879,27775
15880,3268
15881,24154
15882,15316
15883,1176
15884,25191
15885,19763
15886,12739
15887,23417
15888,3426
15889,1232
15890,3379
15891,20861
15892,29218
15893,13928
15894,6019
15895,7009
15896,2944
15897,1337
15898,17397
15899,14917
15900,22784
15901,10550
15902,29748
15903,17421
15904,23609
15905,22904
15906,8880
15907,9874
15908,9258
15909,3142
15910,15517
15911,10950
15912,28382
15913,9554
15914,9257
15915,12970
15916,3531
15917,23837
15918,12645
15919,10872
15920,19251
15921,12930
15922,28788
15923,12112
15924,10551
15925,4064
15926,19641
15927,16511
15928,12729
15929,29096
15930,12685
15931,2142
15932,29279
15933,17384
15934,502
15935,4270
15936,8060
15937,20979
15938,437
15939,13787
15940,15463
15941,25238
15942,27927
15943,21287
15944,20610
15945,12532
15946,3626
15947,20260
15948,29365
15949,22725
15950,1369
15951,21157
15952,21391
15953,15401
15954,28073
15955,4315
15956,22993
15957,8624
15958,6658
15959,27516
15960,7165
15961,18565
15962,7450
15963,18245
15964,920
15965,18428
15966,2254
15967,1121
15968,16736
15969,14681
15970,25149
15971,16778
15972,13103
15973,13998
15974,4274
15975,18219
15976,20238
15977,8022
15978,15277
15979,12359
15980,13488
15981,26779
15982,21417
15983,11261
15984,13263
15985,24055
15986,22015
15987,5273
15988,24238
15989,18774
15990,6596
15991,739
15992,22794
15993,13853
15994,15956
15995,17084
15996,7797
15997,7201
15998,8411
15999,7713
16000,22864
16001,20353
16002,21222
16003,20652
16004,17214
16005,28970
16006,28630
16007,12880
16008,22257
16009,13208
16010,11843
16011,7306
16012,23295
16013,11296
16014,17827
16015,2223
16016,11301
16017,27610
16018,4231
16019,11910
16020,9180
16021,9214
16022,3021
16023,25891
16024,15148
16025,28599
16026,10619
16027,1549
16028,7793
16029,15044
16030,9976
16031,25154
16032,4879
16033,10943
16034,7099
16035,27679
16036,4198
16037,4092
16038,6225
16039,25427
16040,3226
16041,11966
16042,5884
16043,4710
16044,18340
16045,8095
16046,20038
16047,12669
16048,19278
16049,271
16050,22574
16051,3313
16052,28442
16053,19676
16054,14866
16055,18177
16056,14505
16057,10152
16058,13961
16059,16981
16060,10747
16061,20671
16062,2316
16063,5364
16064,8613
16065,13310
16066,18695
16067,20122
16068,9893
16069,23399
16070,14751
16071,20707
16072,2416
16073,1649
16074,15989
16075,323
16076,18955
16077,12982
16078,29102
16079,15633
16080,5781
16081,26729
16082,23705
16083,20948
16084,7089
16085,5447
16086,27978
16087,11194
16088,13061
16089,29225
16090,15915
16091,5651
16092,11221
16093,18448
16094,22327
16095,23565
16096,29574
16097,12074
16098,5839
16099,218
16100,28024
16101,204
16102,3889
16103,6101
16104,23056
16105,12053
16106,16965
16107,25415
16108,22987
16109,27742
16110,754
16111,28435
16112,5536
16113,21777
16114,4556
16115,13148
16116,23542
16117,28092
16118,27258
16119,25047
16120,26233
16121,864
16122,18368
16123,18881
16124,24901
16125,16508
16126,22839
16127,21826
16128,12898
16129,15897
16130,26775
16131,15930
16132,28818
16133,17565
16134,27425
16135,19387
16136,2391
16137,10559
16138,3460
16139,14141
16140,22307
16141,21749
16142,25273
16143,19892
16144,8783
16145,4410
16146,8501
16147,24647
16148,2480
16149,19672
16150,15553
16151,7526
16152,3386
16153,6815
16154,13359
16155,8460
16156,18643
16157,21393
16158,14656
16159,19576
16160,3471
16161,2500
16162,21600
16163,15045
16164,18052
16165,16097
16166,3593
16167,5780
16168,1319
16169,21039
16170,22911
16171,13445
16172,20827
16173,25191
16174,19740
16175,14805
16176,4529
16177,1396
16178,729
16179,16737
16180,26846
16181,6366
16182,1304
16183,2482
16184,13653
16185,18531
16186,12999
16187,16457
16188,14530
16189,12901
16190,13810
16191,10836
16192,10506
16193,3573
16194,20122
16195,7733
16196,16329
16197,17600
16198,29639
16199,8119
16200,16169
16201,13425
16202,14538
16203,11945
16204,14489
16205,27517
16206,22786
16207,23279
16208,26848
16209,17307
16210,23078
16211,3567
16212,2737
16213,25623
16214,20875
16215,10188
16216,13382
16217,17309
16218,22806
16219,27624
16220,2711
16221,15952
16222,26246
16223,16887
16224,27630
16225,12948
16226,17074
16227,8407
16228,10636
16229,12801
16230,23152
16231,28331
16232,19684
16233,18823
16234,9127
16235,19080
16236,16619
16237,19545
16238,17999
16239,10353
16240,7263
16241,23464
16242,23448
16243,29641
16244,18796
16245,3866
16246,26639
16247,18461
16248,19616
16249,17593
16250,15210
16251,2937
16252,2261
16253,26734
16254,8686
16255,27138
16256,21644
16257,28220
16258,153
16259,1047
16260,16771
16261,1430
16262,10388
16263,26538
16264,10844
16265,28414
16266,21267
16267,21938
16268,8272
16269,21236
16270,9718
16271,13852
16272,19402
16273,21285
16274,12882
16275,1084
16276,20131
16277,1546
16278,15280
16279,5377
16280,13826
16281,2734
16282,24503
16283,18965
16284,25559
16285,10249
16286,9232
16287,8619
16288,27045
16289,27109
16290,12353
16291,6840
16292,4897
16293,14399
16294,1098
16295,11973
16296,26772
16297,2317
16298,23174
16299,3234
16300,17078
16301,26181
16302,1373
16303,25816
16304,9823
16305,9933
16306,13736
16307,4995
16308,4394
16309,24911
16310,10252
16311,17443
16312,11739
16313,3161
16314,20472
16315,22713
16316,27473
16317,27275
16318,20340
16319,8258
16320,11564
16321,25448
16322,11563
16323,29254
16324,1040
16325,14585
16326,12795
16327,18250
16328,15378
16329,5687
16330,1468
16331,14724
16332,3156
16333,25753
16334,20762
16335,9742
16336,3259
16337,25037
16338,15478
16339,7052
16340,1176
16341,19809
16342,21967
16343,23856
16344,19561
16345,6569
16346,19375
16347,8302
16348,22820
16349,12137
16350,22186
16351,7009
16352,17365
16353,28505
16354,4281
16355,23919
16356,29139
16357,26823
16358,8333
16359,5776
16360,28510
16361,4153
16362,374
16363,15159
16364,28440
16365,5202
16366,13997
16367,8078
16368,14626
16369,1976
16370,6021
16371,25952
16372,12115
16373,11571
16374,18115
16375,12817
16376,18997
16377,8159
16378,23304
16379,14772
16380,21949
16381,21376
16382,820
16383,29043
16384,23333
16385,28378
16386,13691
16387,23632
16388,5958
16389,28587
16390,4238
16391,28862
16392,24854
16393,23274
16394,5713
16395,2749
16396,1072
16397,7867
16398,7489
16399,26989
16400,8705
16401,28290
16402,14651
16403,24920
16404,18071
16405,9457
16406,10468
16407,21528
16408,23915
16409,26749
16410,29213
16411,27585
16412,28688
16413,6676
16414,16324
16415,17693
16416,16741
16417,14656
16418,9565
16419,7155
16420,20871
16421,26848
16422,16212
16423,5569
16424,4993
16425,8189
16426,22839
16427,25163
16428,22015
16429,3031
16430,7538
16431,11382
16432,9917
16433,11193
16434,28640
16435,5075
16436,13275
16437,24712
16438,4130
16439,18828
16440,26250
16441,20547
16442,29208
16443,18498
16444,13961
16445,25600
16446,11435
16447,13277
16448,18575
16449,27296
16450,19174
16451,15317
16452,9523
16453,1987
16454,3232
16455,15858
16456,24334
16457,1129
16458,27580
16459,1916
16460,4110
16461,28957
16462,7200
16463,18130
16464,26029
16465,25648
16466,655
16467,6259
16468,16923
16469,17108
16470,11915
16471,17854
16472,11292
16473,27597
16474,21880
16475,28834
16476,26198
16477,7464
16478,10211
16479,15752
16480,211
16481,10604
16482,24174
16483,18735
16484,17731
16485,23211
16486,18393
16487,23162
16488,17284
16489,24085
16490,6072
16491,16463
16492,11183
16493,1516
16494,19629
16495,12368
16496,28838
16497,21408
16498,7814
16499,916
16500,20499
16501,19497
16502,16566
16503,1390
16504,23841
16505,5849
16506,10245
16507,9005
16508,9389
16509,1086
16510,17688
16511,15207
16512,24030
16513,8244
16514,1338
16515,26176
16516,21096
16517,25268
16518,12667
16519,14800
16520,12898
16521,6226
16522,28089
16523,1735
16524,18579
16525,3780
16526,18567
16527,5992
16528,13362
16529,18060
16530,19493
16531,15191
16532,22537
16533,1784
16534,18415
16535,5450
16536,23037
16537,20742
16538,23417
16539,2375
16540,4566
16541,29668
16542,9393
16543,6621
16544,18785
16545,7691
16546,15037
16547,4630
16548,4977
16549,14634
16550,16191
16551,15132
16552,2057
16553,18276
16554,1268
16555,24858
16556,28283
16557,904
16558,21991
16559,19871
16560,11379
16561,9556
16562,24308
16563,17923
16564,19903
16565,21986
16566,16155
16567,2822
16568,13126
16569,4363
16570,12019
16571,4711
16572,5622
16573,9744
16574,13155
16575,8188
16576,21166
16577,16524
16578,5530
16579,26612
16580,7080
16581,10450
16582,27475
16583,23666
16584,12958
16585,19147
16586,24622
16587,27218
16588,11168
16589,17387
16590,1342
16591,18201
16592,20804
16593,14536
16594,11298
16595,7782
16596,21889
16597,22093
16598,19474
16599,828
16600,5775
16601,17118
16602,21032
16603,24001
16604,1271
16605,9446
16606,26110
16607,21164
16608,10834
16609,12622
16610,10081
16611,8268
16612,28567
16613,20429
16614,123
16615,2013
16616,3376
16617,26969
16618,5745
16619,9227
16620,21305
16621,23133
16622,5758
16623,6300
16624,29162
16625,18910
16626,22497
16627,21848
16628,9274
16629,20587
16630,22120
16631,21420
16632,22565
16633,15724
16634,17713
16635,23734
16636,6075
16637,1411
16638,20309
16639,560
16640,22604
16641,22658
16642,11912
16643,21344
16644,14909
16645,10135
16646,1303
16647,10162
16648,13353
16649,26497
16650,4056
16651,16073
16652,5936
16653,17673
16654,23689
16655,26113
16656,5889
16657,24115
16658,24907
16659,13582
16660,19906
16661,2147
16662,13733
16663,25384
16664,11732
16665,15514
16666,28256
16667,24136
16668,26287
16669,26677
16670,20782
16671,20574
16672,25886
16673,16561
16674,29265
16675,1604
16676,13722
16677,27611
16678,12419
16679,16879
16680,4534
16681,3664
16682,18726
16683,3938
16684,23255
16685,25772
16686,7805
16687,18229
16688,5012
16689,24793
16690,19624
16691,13736
16692,18299
16693,13411
16694,4736
16695,10884
16696,22837
16697,27877
16698,4046
16699,6931
16700,16659
16701,29588
16702,22729
16703,23109
16704,9933
16705,13074
16706,1096
16707,12636
16708,7166
16709,19557
16710,13521
16711,8074
16712,2927
16713,5124
16714,17881
16715,15232
16716,14435
16717,12033
16718,9724
16719,24207
16720,18608
16721,15486
16722,27028
16723,24546
16724,9816
16725,16668
16726,25972
16727,7888
16728,14039
16729,19116
16730,12131
16731,17507
16732,1414
16733,778
16734,19085
16735,17325
16736,212
16737,26963
16738,11135
16739,11312
16740,16424
16741,9641
16742,846
16743,10013
16744,24039
16745,13864
16746,15769
16747,22596
16748,20850
16749,17514
16750,19164
16751,28437
16752,4050
16753,26577
16754,23736
16755,29084
16756,22781
16757,2062
16758,22785
16759,12433
16760,16373
16761,22325
16762,12311
16763,4079
16764,28715
16765,10528
16766,15624
16767,1361
16768,28006
16769,18851
16770,9841
16771,23559
16772,5654
16773,19782
16774,16557
16775,8847
16776,10023
16777,21381
16778,16720
16779,26808
16780,4812
16781,9468
16782,14750
16783,14407
16784,6699
16785,23306
16786,17241
16787,9640
16788,10652
16789,7713
16790,1012
16791,22133
16792,15806
16793,25102
16794,26405
16795,6495
16796,6874
16797,21346
16798,8175
16799,25809
16800,5974
16801,1807
16802,17483
16803,9546
16804,21169
16805,10549
16806,24028
16807,24818
16808,8143
16809,12418
16810,29355
16811,7990
16812,13776
16813,996
16814,6377
16815,6185
16816,6409
16817,4807
16818,13096
16819,16048
16820,13146
16821,26375
16822,24674
16823,23892
16824,15137
16825,24613
16826,8499
16827,16528
16828,26970
16829,28953
16830,10310
16831,17995
16832,696
16833,22920
16834,13502
16835,12788
16836,5388
16837,13304
16838,8472
16839,13497
16840,17533
16841,22674
16842,2754
16843,16218
16844,25827
16845,15468
16846,11257
16847,10088
16848,10221
16849,28264
16850,21280
16851,13821
16852,1905
16853,17754
16854,9020
16855,15844
16856,11625
16857,20963
16858,6777
16859,11990
16860,10415
16861,9357
16862,3457
16863,29048
16864,2378
16865,16065
16866,14614
16867,18805
16868,18875
16869,15928
16870,10809
16871,9000
16872,19801
16873,7141
16874,22499
16875,3786
16876,23629
16877,12360
16878,12875
16879,17832
16880,17436
16881,18666
16882,14412
16883,14600
16884,14516
16885,11071
16886,5672
16887,625
16888,2688
16889,23267
16890,16945
16891,20672
16892,15263
16893,26315
16894,19861
16895,29680
16896,24545
16897,24376
16898,9900
16899,19845
16900,22101
16901,8934
16902,5916
16903,11765
16904,21131
16905,3094
16906,24392
16907,29379
16908,16469
16909,14595
16910,13207
16911,25934
16912,12674
16913,9814
16914,3675
16915,22999
16916,27313
16917,13687
16918,15841
16919,3387
16920,16069
16921,12032
16922,21147
16923,28257
16924,12027
16925,13881
16926,26580
16927,7574
16928,4520
16929,27286
16930,7902
16931,17492
16932,5796
16933,5805
16934,12582
16935,11119
16936,19785
16937,5798
16938,29734
16939,13772
16940,23147
16941,28951
16942,14177
16943,28304
16944,17127
16945,3038
16946,27799
16947,26282
16948,19867
16949,25167
16950,2079
16951,20176
16952,18184
16953,998
16954,2902
16955,3218
16956,28671
16957,18265
16958,5549
16959,6549
16960,19895
16961,18757
16962,9140
16963,27417
16964,18935
16965,4430
16966,26705
16967,3739
16968,1238
16969,22975
16970,4225
16971,27280
16972,25723
16973,8569
16974,25706
16975,18066
16976,15617
16977,10425
16978,6759
16979,20876
16980,19001
16981,16864
16982,17633
16983,17747
16984,9069
16985,11104
16986,25790
16987,22418
16988,6029
16989,26437
16990,10910
16991,22474
16992,11694
16993,13297
16994,16434
16995,29157
16996,8949
16997,15050
16998,17438
16999,5722
17000,4482
17001,2674
17002,22654
17003,13392
17004,157
17005,22279
17006,29945
17007,21360
17008,12413
17009,8401
17010,28794
17011,25762
17012,7687
17013,18280
17014,29776
17015,19806
17016,12073
17017,9157
17018,2431
17019,3724
17020,22867
17021,3134
17022,4542
17023,15732
17024,29282
17025,13345
17026,22083
17027,948
17028,8387
17029,3270
17030,4435
17031,8071
17032,9768
17033,14397
17034,28777
17035,6333
17036,17802
17037,26503
17038,8736
17039,25993
17040,1479
17041,17723
17042,3365
17043,8534
17044,9595
17045,13863
17046,8028
17047,15467
17048,12822
17049,22788
17050,9147
17051,5020
17052,19254
17053,10968
17054,11179
17055,14469
17056,20118
17057,7090
17058,6156
17059,23804
17060,6346
17061,26769
17062,12701
17063,19512
17064,21460
17065,916
17066,9949
17067,12900
17068,11737
17069,15062
17070,15417
17071,6573
17072,17533
17073,26718
17074,1608
17075,15098
17076,18095
17077,8231
17078,14657
17079,16242
17080,25622
17081,2192
17082,1795
17083,5494
17084,10918
17085,15218
17086,820
17087,20670
17088,23496
17089,20041
17090,6871
17091,1322
17092,20386
17093,4024
17094,24800
17095,15514
17096,3211
17097,14493
17098,25534
17099,11889
17100,20343
17101,24452
17102,25933
17103,13537
17104,26256
17105,29905
17106,24913
17107,349
17108,1668
17109,6235
17110,8041
17111,28795
17112,25449
17113,638
17114,13478
17115,28452
17116,25155
17117,2638
17118,3518
17119,7954
17120,26707
17121,28987
17122,9090
17123,19574
17124,22792
17125,22625
17126,16473
17127,27674
17128,29432
17129,23102
17130,17154
17131,4662
17132,9159
17133,22986
17134,10313
17135,7034
17136,729
17137,24044
17138,27300
17139,28202
17140,16685
17141,10010
17142,9093
17143,14686
17144,18971
17145,21737
17146,5287
17147,9981
17148,2680
17149,22627
17150,5885
17151,28450
17152,18891
17153,10861
17154,24434
17155,6163
17156,20066
17157,13455
17158,17753
17159,4325
17160,10131
17161,10661
17162,4641
17163,15854
17164,611
17165,8476
17166,11196
17167,18258
17168,12562
17169,21951
17170,21577
17171,5223
17172,20872
17173,19097
17174,7212
17175,14785
17176,14097
17177,13496
17178,27057
17179,18080
17180,17915
17181,23008
17182,19971
17183,21237
17184,19239
17185,27934
17186,6211
17187,3236
17188,3971
17189,17938
17190,13546
17191,27728
17192,8729
17193,109
17194,6001
17195,6347
17196,11050
17197,21553
17198,21564
17199,27994
17200,14770
17201,885
17202,19100
17203,21387
17204,9471
17205,28077
17206,1866
17207,1334
17208,15434
17209,28935
17210,12192
17211,16194
17212,8587
17213,6633
17214,20314
17215,29280
17216,5231
17217,5143
17218,8037
17219,14079
17220,16699
17221,23802
17222,11854
17223,1772
17224,16650
17225,14328
17226,21194
17227,1907
17228,25138
17229,26175
17230,26304
17231,24934
17232,8160
17233,1078
17234,24475
17235,19370
17236,7738
17237,23134
17238,22371
17239,12382
17240,20579
17241,27044
17242,5325
17243,7268
17244,3632
17245,15839
17246,29904
17247,9124
17248,2710
17249,15509
17250,14750
17251,28178
17252,12682
17253,16519
17254,6046
17255,14539
17256,3320
17257,2176
17258,28652
17259,10199
17260,24193
17261,9861
17262,17382
17263,14666
17264,29128
17265,24837
17266,11486
17267,916
17268,14335
17269,22222
17270,11102
17271,173
17272,584
17273,12060
17274,13574
17275,16958
17276,15857
17277,14424
17278,20413
17279,6674
17280,28612
17281,12684
17282,27371
17283,26680
17284,26477
17285,21231
17286,16212
17287,27604
17288,13608
17289,4827
17290,533
17291,16065
17292,1947
17293,18219
17294,8570
17295,23916
17296,13727
17297,22031
17298,8034
17299,10842
17300,22503
17301,13681
17302,10249
17303,13961
17304,24533
17305,9257
17306,18839
17307,20952
17308,4059
17309,12813
17310,26243
17311,27326
17312,22409
17313,16153
17314,10348
17315,24009
17316,953
17317,9928
17318,16959
17319,17711
17320,10723
17321,17883
17322,2420
17323,7392
17324,1551
17325,13365
17326,29598
17327,23040
17328,11040
17329,3836
17330,525
17331,5332
17332,13761
17333,1875
17334,22319
17335,20385
17336,12718
17337,360
17338,4614
17339,9993
17340,15359
17341,5739
17342,28593
17343,21581
17344,5886
17345,15920
17346,29129
17347,25767
17348,3576
17349,1631
17350,15865
17351,21811
17352,16875
17353,13483
17354,19201
17355,1398
17356,17595
17357,28374
17358,9549
17359,28630
17360,14764
17361,2603
17362,11575
17363,8144
17364,9063
17365,2674
17366,17828
17367,26876
17368,21112
17369,21515
17370,3982
17371,11635
17372,19289
17373,4417
17374,8241
17375,8552
17376,14262
17377,24603
17378,23678
17379,19016
17380,8584
17381,21583
17382,11220
17383,20715
17384,5336
17385,22102
17386,25704
17387,15669
17388,24379
17389,28768
17390,17543
17391,27715
17392,16175
17393,12144
17394,9996
17395,26724
17396,16173
17397,26262
17398,29334
17399,15383
17400,17899
17401,29812
17402,26260
17403,19010
17404,1954
17405,17795
17406,5574
17407,1448
17408,26027
17409,4470
17410,6336
17411,25920
17412,23274
17413,22942
17414,615
17415,29286
17416,485
17417,9133
17418,672
17419,8546
17420,20338
17421,8049
17422,15416
17423,15257
17424,11416
17425,26287
17426,11669
17427,29596
17428,13131
17429,19598
17430,9452
17431,6956
17432,7274
17433,4453
17434,7231
17435,8038
17436,204
17437,2388
17438,1858
17439,24828
17440,5903
17441,17097
17442,9320
17443,19643
17444,26567
17445,27357
17446,7175
17447,11945
17448,2544
17449,4041
17450,19644
17451,4048
17452,21563
17453,5288
17454,19713
17455,17068
17456,29201
17457,24000
17458,425
17459,21617
17460,5564
17461,7076
17462,22014
17463,7340
17464,27150
17465,26357
17466,19126
17467,23160
17468,12728
17469,21644
17470,12131
17471,833
17472,18323
17473,7203
17474,17171
17475,16342
17476,17938
17477,16804
17478,18117
17479,29651
17480,2034
17481,15534
17482,23069
17483,4275
17484,12674
17485,27354
17486,17850
17487,1891
17488,6328
17489,14799
17490,16815
17491,17482
17492,27816
17493,4855
17494,5113
17495,22096
17496,20832
17497,2305
17498,14717
17499,27195
17500,15340
17501,11955
17502,10165
17503,2064
17504,11339
17505,24622
17506,24414
17507,22276
17508,24268
17509,22426
17510,10316
17511,11956
17512,24243
17513,26949
17514,23250
17515,1231
17516,14261
17517,26841
17518,27249
17519,22680
17520,13639
17521,9143
17522,3774
17523,27052
17524,29739
17525,9462
17526,5996
17527,6746
17528,2699
17529,4249
17530,18969
17531,492
17532,24241
17533,17327
17534,24565
17535,4583
17536,21589
17537,27995
17538,3226
17539,14975
17540,1029
17541,8225
17542,25730
17543,23297
17544,24602
17545,15744
17546,12428
17547,6485
17548,8775
17549,11716
17550,10342
17551,29760
17552,11595
17553,26662
17554,25160
17555,4740
17556,12560
17557,4627
17558,12847
17559,13439
17560,4255
17561,27014
17562,4611
17563,11951
17564,21483
17565,21783
17566,11341
17567,2186
17568,14288
17569,1286
17570,29229
17571,20675
17572,8470
17573,8095
17574,14356
17575,15837
17576,15261
17577,22983
17578,8786
17579,27775
17580,1417
17581,1061
17582,24951
17583,4477
17584,19160
17585,18355
17586,9577
17587,27400
17588,22810
17589,29518
17590,5377
17591,12506
17592,15173
17593,22101
17594,29010
17595,4746
17596,4448
17597,27916
17598,27959
17599,28770
17600,8649
17601,8716
17602,9108
17603,12022
17604,14770
17605,12196
17606,26128
17607,6382
17608,21194
17609,27770
17610,8956
17611,10068
17612,20312
17613,19646
17614,1536
17615,12548
17616,18924
17617,11189
17618,14618
17619,11258
17620,23726
17621,9807
17622,14333
17623,2144
17624,22143
17625,28573
17626,23919
17627,15607
17628,10137
17629,10774
17630,19844
17631,21030
17632,25832
17633,3797
17634,6584
17635,6780
17636,4048
17637,26845
17638,18890
17639,3920
17640,25258
17641,10184
17642,29030
17643,20290
17644,19442
17645,13033
17646,21907
17647,10215
17648,10264
17649,7524
17650,14062
17651,24917
17652,12721
17653,1124
17654,23423
17655,4670
17656,28751
17657,7923
17658,14037
17659,14321
17660,12123
17661,15191
17662,14569
17663,27890
17664,6893
17665,23196
17666,13299
17667,12287
17668,8813
17669,20442
17670,1740
17671,27440
17672,26812
17673,9535
17674,21483
17675,11614
17676,140
17677,20355
17678,23882
17679,22976
17680,24246
17681,5408
17682,8950
17683,7982
17684,25668
17685,29380
17686,19359
17687,24614
17688,1153
17689,18335
17690,8511
17691,5257
17692,12632
17693,23389
17694,7550
17695,17295
17696,4438
17697,16284
17698,9737
17699,16068
17700,27610
17701,28088
17702,8725
17703,3689
17704,19363
17705,22976
17706,28195
17707,15920
17708,9336
17709,22064
17710,19892
17711,3096
17712,13057
17713,14392
17714,26509
17715,9123
17716,15777
17717,17752
17718,5646
17719,22788
17720,16387
17721,28926
17722,6680
17723,7934
17724,18709
17725,15651
17726,25050
17727,7145
17728,245
17729,1095
17730,6479
17731,25729
17732,29539
17733,4032
17734,18124
17735,12243
17736,1158
17737,16367
17738,19859
17739,15381
17740,8197
17741,6524
17742,11994
17743,13432
17744,5547
17745,11748
17746,2574
17747,19983
17748,12161
17749,27829
17750,27512
17751,15452
17752,17635
17753,21405
17754,25241
17755,10635
17756,19885
17757,17022
17758,27695
17759,28184
17760,11440
17761,28021
17762,4933
17763,20206
17764,14537
17765,1661
17766,21041
17767,24050
17768,1606
17769,14019
17770,27536
17771,26096
17772,5767
17773,3727
17774,25489
17775,14079
17776,18678
17777,26305
17778,7648
17779,26313
17780,14949
17781,12429
17782,2349
17783,29155
17784,14379
17785,24444
17786,26424
17787,18956
17788,8833
17789,16624
17790,20953
17791,21732
17792,25855
17793,19946
17794,17225
17795,9879
17796,11632
17797,1433
17798,7123
17799,11132
17800,6596
17801,481
17802,26389
17803,11454
17804,21909
17805,22069
17806,19381
17807,15216
17808,7665
17809,13657
17810,21937
17811,19354
17812,3449
17813,29917
17814,8477
17815,307
17816,15011
17817,7401
17818,501
17819,2264
17820,4965
17821,14713
17822,23011
17823,859
17824,27857
17825,28697
17826,12509
17827,16869
17828,22377
17829,24574
17830,10285
17831,16735
17832,24649
17833,25491
17834,13307
17835,4851
17836,8098
17837,13164
17838,10178
17839,14845
17840,26371
17841,10929
17842,5156
17843,15431
17844,22129
17845,26021
17846,22350
17847,19052
17848,5450
17849,24649
17850,2736
17851,9688
17852,20896
17853,19966
17854,23739
17855,14269
17856,21561
17857,4284
17858,9866
17859,1976
17860,17586
17861,24976
17862,10626
17863,7692
17864,21338
17865,5731
17866,4159
17867,2816
17868,2971
17869,18416
17870,6565
17871,8521
17872,15829
17873,21818
17874,18571
17875,10051
17876,19673
17877,4276
17878,24730
17879,18163
17880,26654
17881,4602
17882,20613
17883,23086
17884,5141
17885,774
17886,25833
17887,25147
17888,19994
17889,24548
17890,8782
17891,728
17892,3414
17893,22761
17894,1984
17895,24942
17896,19886
17897,25176
17898,26179
17899,15812
17900,9370
17901,1810
17902,23619
17903,12896
17904,1272
17905,11534
17906,16999
17907,2921
17908,1529
17909,16805
17910,19444
17911,25697
17912,4846
17913,24114
17914,23160
17915,27765
17916,23017
17917,14319
17918,21201
17919,16938
17920,28200
17921,22071
17922,1731
17923,18764
17924,1718
17925,12880
17926,14780
17927,2248
17928,17039
17929,17066
17930,10385
17931,1653
17932,15741
17933,1092
17934,1781
17935,28036
17936,19826
17937,12541
17938,27829
17939,9705
17940,5097
17941,22349
17942,28782
17943,19488
17944,17084
17945,19900
17946,5630
17947,9688
17948,11042
17949,6109
17950,29216
17951,2674
17952,1584
17953,18025
17954,4006
17955,2557
17956,19073
17957,3464
17958,1842
17959,4411
17960,16971
17961,25468
17962,3688
17963,22686
17964,10722
17965,16683
17966,14533
17967,4042
17968,7634
17969,26154
17970,27406
17971,21495
17972,17707
17973,23374
17974,20617
17975,27847
17976,7068
17977,25171
17978,28751
17979,1136
17980,10622
17981,27103
17982,14775
17983,11025
17984,28730
17985,13685
17986,21581
17987,11578
17988,5474
17989,14499
17990,20106
17991,15240
17992,3349
17993,4555
17994,25784
17995,21447
17996,17895
17997,21799
17998,19684
17999,3490
18000,17419
18001,26584
18002,16547
18003,4703
18004,16405
18005,25355
18006,6958
18007,4916
18008,16228
18009,19001
18010,22577
18011,28792
18012,28924
18013,8360
18014,12831
18015,23847
18016,27863
18017,8178
18018,16312
18019,12969
18020,1010
18021,5828
18022,25071
18023,10734
18024,26210
18025,1347
18026,26331
18027,17219
18028,1086
18029,1679
18030,22576
18031,25387
18032,3903
18033,13898
18034,4392
18035,29156
18036,6874
18037,22569
18038,27623
18039,23258
18040,28146
18041,3200
18042,28825
18043,5313
18044,20396
18045,14052
18046,2479
18047,13349
18048,13404
18049,10935
18050,5155
18051,14950
18052,11229
18053,28642
18054,24226
18055,18815
18056,12898
18057,2463
18058,3744
18059,21576
18060,16443
18061,25464
18062,26351
18063,11526
18064,868
18065,15968
18066,26228
18067,15731
18068,10233
18069,9330
18070,884
18071,3062
18072,3761
18073,15229
18074,22439
18075,25284
18076,4552
18077,23168
18078,18499
18079,22846
18080,2635
18081,9658
18082,9909
18083,19903
18084,10093
18085,2893
18086,11995
18087,17994
18088,7033
18089,23864
18090,14404
18091,20589
18092,29430
18093,5015
18094,21374
18095,9570
18096,9304
18097,28762
18098,25548
18099,19189
18100,29077
18101,15646
18102,13758
18103,10129
18104,28899
18105,7611
18106,24139
18107,6182
18108,14224
18109,5351
18110,17822
18111,1718
18112,25674
18113,16187
18114,6711
18115,19055
18116,22943
18117,15168
18118,7608
18119,2129
18120,12558
18121,6442
18122,12969
18123,5564
18124,18564
18125,21884
18126,11916
18127,29104
18128,7039
18129,16712
18130,2263
18131,28250
18132,8861
18133,13932
18134,16893
18135,18061
18136,5886
18137,17561
18138,23053
18139,23579
18140,28038
18141,20061
18142,20245
18143,10936
18144,17525
18145,8108
18146,5709
18147,15287
18148,18785
18149,1287
18150,8598
18151,28832
18152,28592
18153,22824
18154,21714
18155,11508
18156,12066
18157,18897
18158,19200
18159,28265
18160,28352
18161,24732
18162,20728
18163,638
18164,24808
18165,12068
18166,1003
18167,21336
18168,5220
18169,13441
18170,9967
18171,20593
18172,14662
18173,11236
18174,594
18175,7039
18176,23006
18177,26432
18178,14938
18179,807
18180,16790
18181,24275
18182,14681
18183,24439
18184,9060
18185,25118
18186,5998
18187,19019
18188,19558
18189,12852
18190,21838
18191,28711
18192,13975
18193,3226
18194,17038
18195,8163
18196,1311
18197,29607
18198,12817
18199,13608
18200,16891
18201,10839
18202,26694
18203,21482
18204,17830
18205,2469
18206,9932
18207,17396
18208,16113
18209,1146
18210,3179
18211,26858
18212,24912
18213,19859
18214,3236
18215,16056
18216,27797
18217,3466
18218,27344
18219,5739
18220,9716
18221,15294
18222,2433
18223,22411
18224,21745
18225,22539
18226,23370
18227,2982
18228,18071
18229,6438
18230,22131
18231,22724
18232,5664
18233,5574
18234,3976
18235,7554
18236,9144
18237,21747
18238,4172
18239,26118
18240,26848
18241,17641
18242,22339
18243,16509
18244,23347
18245,2254
18246,16859
18247,18993
18248,26345
18249,28068
18250,5421
18251,17846
18252,17484
18253,16788
18254,24378
18255,15908
18256,29836
18257,8389
18258,9247
18259,6912
18260,2890
18261,19905
18262,16470
18263,19408
18264,10240
18265,10114
18266,21746
18267,22886
18268,6855
18269,27517
18270,17060
18271,17935
18272,28731
18273,12100
18274,6522
18275,27031
18276,10911
18277,8449
18278,26387
18279,6296
18280,21348
18281,8448
18282,28024
18283,3607
18284,18288
18285,24346
18286,19094
18287,15980
18288,2742
18289,2223
18290,8119
18291,18008
18292,6753
18293,15123
18294,1544
18295,9151
18296,2745
18297,23137
18298,1368
18299,3125
18300,20648
18301,28613
18302,10601
18303,23111
18304,1455
18305,26647
18306,27192
18307,4900
18308,23877
18309,20017
18310,1457
18311,23247
18312,1809
18313,15454
18314,20769
18315,21701
18316,16561
18317,16071
18318,10122
18319,10077
18320,24013
18321,18659
18322,17534
18323,19238
18324,17335
18325,3778
18326,204
18327,18694
18328,14918
18329,25067
18330,16848
18331,25526
18332,3713
18333,2966
18334,18081
18335,9093
18336,16075
18337,19026
18338,4905
18339,28537
18340,28883
18341,28667
18342,22761
18343,7550
18344,7290
18345,12602
18346,16035
18347,3172
18348,9900
18349,11020
18350,24603
18351,5509
18352,10349
18353,10757
18354,3521
18355,29470
18356,10687
18357,13229
18358,23254
18359,18303
18360,23332
18361,26094
18362,9048
18363,28952
18364,10035
18365,12108
18366,5835
18367,4308
18368,14062
18369,12676
18370,29829
18371,27558
18372,8135
18373,18629
18374,2713
18375,8577
18376,18498
18377,8046
18378,28444
18379,7400
18380,19264
18381,15435
18382,14760
18383,4347
18384,29951
18385,9586
18386,6306
18387,4577
18388,29477
18389,2181
18390,27515
18391,27338
18392,25684
18393,7259
18394,5949
18395,25161
18396,3973
18397,9479
18398,26925
18399,20968
18400,21324
18401,26060
18402,2958
18403,16347
18404,15203
18405,20544
18406,5405
18407,29901
18408,29191
18409,5928
18410,20824
18411,24950
18412,26426
18413,5704
18414,26321
18415,4801
18416,28997
18417,13696
18418,20751
18419,18857
18420,27666
18421,24621
18422,3877
18423,23635
18424,5230
18425,17508
18426,15415
18427,6882
18428,9768
18429,16226
18430,3159
18431,26801
18432,16293
18433,1873
18434,21558
18435,29683
18436,20913
18437,17914
18438,28823
18439,25481
18440,10767
18441,5648
18442,9673
18443,8669
18444,7663
18445,21402
18446,28654
18447,27756
18448,11827
18449,16582
18450,29288
18451,21307
18452,7566
18453,22166
18454,9454
18455,10824
18456,23158
18457,27125
18458,22685
18459,29739
18460,25399
18461,10127
18462,26205
18463,6853
18464,16669
18465,27840
18466,9814
18467,16399
18468,20809
18469,23249
18470,18463
18471,11532
18472,24814
18473,17167
18474,4678
18475,22670
18476,11068
18477,22439
18478,10863
18479,23319
18480,14054
18481,12328
18482,26646
18483,29687
18484,16212
18485,9162
18486,8702
18487,13681
18488,2058
18489,27241
18490,6322
18491,16002
18492,24641
18493,2492
18494,18071
18495,4011
18496,502
18497,2864
18498,27065
18499,4646
18500,20353
18501,10051
18502,23714
18503,15012
18504,12910
18505,21665
18506,6113
18507,1809
18508,265
18509,16951
18510,26312
18511,19102
18512,19821
18513,4387
18514,6884
18515,6124
18516,1164
18517,6626
18518,6961
18519,27567
18520,22283
18521,721
18522,721
18523,10180
18524,18668
18525,15947
18526,26261
18527,24899
18528,23816
18529,16539
18530,4925
18531,17382
18532,19181
18533,13051
18534,25175
18535,4862
18536,5972
18537,28057
18538,8481
18539,11748
18540,2261
18541,7743
18542,9272
18543,10457
18544,21032
18545,6372
18546,8733
18547,9770
18548,3767
18549,5805
18550,281
18551,11343
18552,21883
18553,25565
18554,27269
18555,2244
18556,7906
18557,24378
18558,13801
18559,12851
18560,15203
18561,20556
18562,16477
18563,23646
18564,1993
18565,1217
18566,23096
18567,7946
18568,27127
18569,22166
18570,12499
18571,3863
18572,18375
18573,10115
18574,7364
18575,19686
18576,9275
18577,15882
18578,19543
18579,4343
18580,17408
18581,23938
18582,14569
18583,4996
18584,10797
18585,17470
18586,13302
18587,17948
18588,19263
18589,20778
18590,4733
18591,10445
18592,7904
18593,4959
18594,26088
18595,17838
18596,27170
18597,5091
18598,29520
18599,10447
18600,13041
18601,2333
18602,9176
18603,23030
18604,5447
18605,19405
18606,19542
18607,22442
18608,15629
18609,221
18610,4109
18611,734
18612,17884
18613,7197
18614,10993
18615,10537
18616,8004
18617,29743
18618,3829
18619,23184
18620,6087
18621,21895
18622,23997
18623,11576
18624,25828
18625,24417
18626,5370
18627,4352
18628,20286
18629,7469
18630,18184
18631,27165
18632,2396
18633,4497
18634,24986
18635,14812
18636,24034
18637,13873
18638,12972
18639,29856
18640,7858
18641,29753
18642,19605
18643,26981
18644,16953
18645,2384
18646,29841
18647,22690
18648,17601
18649,12928
18650,17051
18651,27964
18652,17958
18653,14092
18654,8614
18655,2053
18656,7030
18657,5499
18658,24640
18659,23136
18660,11601
18661,8360
18662,8362
18663,18175
18664,14896
18665,17851
18666,27549
18667,13162
18668,13670
18669,12446
18670,7293
18671,26623
18672,895
18673,9004
18674,10432
18675,17766
18676,23520
18677,21462
18678,9043
18679,4726
18680,3597
18681,17845
18682,9015
18683,21916
18684,19844
18685,25303
18686,5328
18687,27480
18688,11810
18689,898
18690,10550
18691,12998
18692,3990
18693,9326
18694,19235
18695,28917
18696,13444
18697,16606
18698,26469
18699,9300
18700,29660
18701,14202
18702,2411
18703,28793
18704,4980
18705,4725
18706,5465
18707,25989
18708,24868
18709,28059
18710,2678
18711,17468
18712,18539
18713,3427
18714,28554
18715,10892
18716,20109
18717,28298
18718,18306
18719,19537
18720,17775
18721,20616
18722,5340
18723,5197
18724,24103
18725,3882
18726,21476
18727,7170
18728,26304
18729,1162
18730,4076
18731,11402
18732,23051
18733,9438
18734,15485
18735,20499
18736,17230
18737,20980
18738,15028
18739,27434
18740,7935
18741,9863
18742,26542
18743,4723
18744,13311
18745,12439
18746,5144
18747,12481
18748,28249
18749,10299
18750,13688
18751,23577
18752,13219
18753,20581
18754,13426
18755,8363
18756,12659
18757,23856
18758,29421
18759,12474
18760,2633
18761,17204
18762,27196
18763,8464
18764,2470
18765,5804
18766,12570
18767,26746
18768,10886
18769,25872
18770,11850
18771,16727
18772,15215
18773,3191
18774,20982
18775,12138
18776,23891
18777,18418
18778,21076
18779,5207
18780,11071
18781,963
18782,27907
18783,17979
18784,14374
18785,27469
18786,3977
18787,11911
18788,28756
18789,6997
18790,24456
18791,20206
18792,23070
18793,16836
18794,3995
18795,28143
18796,25286
18797,25834
18798,27945
18799,7763
18800,11324
18801,26875
18802,16020
18803,29296
18804,25492
18805,1123
18806,7421
18807,5199
18808,24681
18809,27394
18810,7504
18811,9714
18812,1245
18813,25971
18814,10023
18815,9011
18816,20003
18817,21272
18818,16602
18819,8648
18820,4474
18821,20816
18822,4697
18823,5978
18824,2622
18825,880
18826,10044
18827,8165
18828,20829
18829,20590
18830,6005
18831,16513
18832,29915
18833,21182
18834,23449
18835,10357
18836,18926
18837,24971
18838,9974
18839,17846
18840,11170
18841,5149
18842,29185
18843,16917
18844,4529
18845,5005
18846,8446
18847,1253
18848,4227
18849,28785
18850,15103
18851,20696
18852,15378
18853,14238
18854,17592
18855,20977
18856,22748
18857,13855
18858,687
18859,27896
18860,23836
18861,19982
18862,5988
18863,25520
18864,29411
18865,22118
18866,24804
18867,1015
18868,6667
18869,25227
18870,5950
18871,4995
18872,20346
18873,2119
18874,726
18875,11771
18876,27431
18877,9687
18878,9447
18879,2101
18880,19106
18881,12844
18882,5929
18883,20960
18884,13130
18885,3066
18886,6053
18887,9204
18888,7266
18889,5762
18890,3039
18891,5133
18892,2209
18893,2610
18894,427
18895,13711
18896,28087
18897,970
18898,10106
18899,7940
18900,29791
18901,21030
18902,7694
18903,25727
18904,15107
18905,4765
18906,24236
18907,3134
18908,20045
18909,6678
18910,6847
18911,631
18912,17068
18913,29810
18914,21369
18915,27335
18916,10552
18917,8857
18918,21544
18919,7917
18920,22752
18921,17155
18922,3847
18923,22912
18924,28790
18925,18255
18926,11479
18927,14636
18928,9139
18929,15361
18930,17474
18931,10351
18932,24143
18933,11174
18934,10230
18935,26109
18936,22324
18937,1220
18938,1956
18939,12110
18940,15835
18941,24294
18942,6391
18943,8187
18944,8025
18945,20233
18946,7244
18947,18575
18948,24588
18949,15425
18950,9221
18951,11401
18952,3758
18953,18768
18954,14649
18955,25352
18956,18819
18957,26173
18958,25051
18959,10224
18960,19873
18961,14666
18962,17234
18963,16387
18964,2992
18965,23745
18966,15654
18967,28114
18968,18613
18969,26276
18970,19754
18971,16428
18972,28138
18973,27415
18974,28732
18975,29272
18976,1228
18977,19016
18978,12823
18979,11322
18980,26334
18981,1366
18982,8285
18983,2659
18984,13446
18985,4046
18986,23918
18987,17025
18988,6147
18989,21131
18990,3214
18991,19977
18992,10430
18993,5255
18994,17399
18995,1103
18996,10938
18997,11075
18998,23282
18999,27692
19000,21211
19001,24551
19002,3943
19003,3436
19004,29373
19005,7531
19006,8300
19007,7006
19008,10887
19009,14914
19010,12287
19011,16302
19012,14324
19013,18597
19014,11411
19015,13377
19016,21929
19017,16710
19018,829
19019,10138
19020,12522
19021,26453
19022,14961
19023,9977
19024,4572
19025,10419
19026,4833
19027,13378
19028,11060
19029,8010
19030,29267
19031,11428
19032,6173
19033,7582
19034,23117
19035,22430
19036,28523
19037,11141
19038,4117
19039,15745
19040,20524
19041,1385
19042,14233
19043,24218
19044,7811
19045,21691
19046,20045
19047,28750
19048,7097
19049,11511
19050,18092
19051,5627
19052,9796
19053,11198
19054,7226
19055,26262
19056,8886
19057,23985
19058,23458
19059,7368
19060,29123
19061,4005
19062,28878
19063,20099
19064,5736
19065,14229
19066,20034
19067,6983
19068,22988
19069,7219
19070,19202
19071,26969
19072,14281
19073,9798
19074,16563
19075,9749
19076,13231
19077,25963
19078,11703
19079,24999
19080,5587
19081,2231
19082,21833
19083,13557
19084,8104
19085,16351
19086,2060
19087,17599
19088,9254
19089,9175
19090,25742
19091,18858
19092,22651
19093,15651
19094,1843
19095,13941
19096,23445
19097,15103
19098,12912
19099,17473
19100,29087
19101,26423
19102,7259
19103,6733
19104,15952
19105,6278
19106,29982
19107,5536
19108,17152
19109,12395
19110,10125
19111,11505
19112,11873
19113,13652
19114,12883
19115,3961
19116,20675
19117,24393
19118,12613
19119,19890
19120,16055
19121,15138
19122,5596
19123,14130
19124,23595
19125,2605
19126,18120
19127,23018
19128,28201
19129,15374
19130,18538
19131,26600
19132,27637
19133,5657
19134,964
19135,4255
19136,16190
19137,16048
19138,20618
19139,10091
19140,10852
19141,3040
19142,22001
19143,5102
19144,1060
19145,21193
19146,14627
19147,18761
19148,2102
19149,21796
19150,28437
19151,24021
19152,11882
19153,1051
19154,22873
19155,12064
19156,5438
19157,28126
19158,22658
19159,12058
19160,22291
19161,4867
19162,8344
19163,4927
19164,9505
19165,2411
19166,19201
19167,27849
19168,7121
19169,11630
19170,28630
19171,18116
19172,20792
19173,23713
19174,1146
19175,17289
19176,6522
19177,12236
19178,24051
19179,16660
19180,12647
19181,3046
19182,3008
19183,19286
19184,16804
19185,4964
19186,11864
19187,13135
19188,19311
19189,26221
19190,11247
19191,6311
19192,23856
19193,13306
19194,2478
19195,18129
19196,7345
19197,22374
19198,28528
19199,1264
19200,19420
19201,918
19202,3887
19203,6567
19204,4651
19205,12889
19206,28679
19207,20039
19208,24460
19209,13326
19210,28038
19211,10141
19212,11506
19213,20945
19214,6269
19215,6539
19216,21545
19217,9370
19218,6989
19219,22827
19220,28506
19221,9201
19222,6548
19223,28175
19224,15194
19225,5105
19226,3376
19227,3200
19228,27746
19229,10738
19230,19326
19231,29131
19232,19686
19233,9561
19234,18371
19235,25917
19236,6877
19237,27417
19238,25083
19239,25982
19240,22226
19241,20999
19242,15441
19243,11388
19244,9630
19245,14456
19246,21909
19247,10754
19248,11329
19249,25808
19250,23834
19251,4433
19252,18009
19253,19970
19254,24823
19255,8955
19256,22170
19257,24760
19258,22765
19259,27644
19260,624
19261,12168
19262,29993
19263,18965
19264,176
19265,2526
19266,27649
19267,18003
19268,18776
19269,8464
19270,22974
19271,21062
19272,2038
19273,7186
19274,20265
19275,24939
19276,4731
19277,16736
19278,19987
19279,13929
19280,22360
19281,15463
19282,23072
19283,4250
19284,25572
19285,4732
19286,26331
19287,19690
19288,21420
19289,17408
19290,5752
19291,17148
19292,16299
19293,9465
19294,21986
19295,7147
19296,18629
19297,21548
19298,25874
19299,5280
19300,5603
19301,2267
19302,15747
19303,21609
19304,20030
19305,734
19306,11316
19307,29463
19308,7961
19309,9791
19310,1431
19311,20005
19312,23525
19313,20483
19314,20757
19315,21806
19316,25267
19317,11429
19318,15671
19319,29715
19320,9926
19321,3652
19322,16588
19323,11457
19324,14433
19325,24812
19326,6897
19327,6033
19328,18369
19329,18216
19330,12000
19331,6315
19332,11070
19333,4415
19334,27259
19335,1767
19336,26634
19337,682
19338,17338
19339,22629
19340,8204
19341,29337
19342,6382
19343,2225
19344,23057
19345,7851
19346,1756
19347,13729
19348,17753
19349,8370
19350,29737
19351,15025
19352,1161
19353,29908
19354,28018
19355,17030
19356,24489
19357,5698
19358,28437
19359,26728
19360,10756
19361,23995
19362,531
19363,19726
19364,28209
19365,17505
19366,9977
19367,3902
19368,27661
19369,15411
19370,19815
19371,9156
19372,27882
19373,14650
19374,18422
19375,22337
19376,19909
19377,9271
19378,6243
19379,24713
19380,11633
19381,13050
19382,10488
19383,21703
19384,2774
19385,10593
19386,8794
19387,21532
19388,21038
19389,13831
19390,17182
19391,13580
19392,4146
19393,14816
19394,21891
19395,8588
19396,16354
19397,4529
19398,26054
19399,20803
19400,2069
19401,20379
19402,3125
19403,19775
19404,14594
19405,15831
19406,13832
19407,1617
19408,2385
19409,28081
19410,11386
19411,24764
19412,2176
19413,20811
19414,13310
19415,10005
19416,12538
19417,19937
19418,22648
19419,10709
19420,16719
19421,1749
19422,17719
19423,23653
19424,12538
19425,5021
19426,22831
19427,21658
19428,7521
19429,418
19430,13048
19431,2686
19432,8128
19433,29320
19434,15759
19435,22514
19436,24515
19437,28114
19438,10262
19439,2744
19440,10636
19441,6135
19442,2495
19443,18609
19444,23841
19445,27742
19446,19823
19447,12895
19448,23733
19449,19398
19450,7947
19451,19088
19452,28163
19453,2179
19454,2041
19455,22878
19456,15697
19457,20454
19458,19105
19459,21629
19460,1867
19461,29754
19462,19538
19463,22506
19464,4814
19465,17485
19466,25854
19467,22948
19468,8381
19469,9935
19470,25757
19471,2740
19472,5143
19473,15254
19474,3826
19475,21188
19476,25897
19477,19690
19478,29001
19479,9256
19480,17736
19481,18334
19482,2084
19483,7850
19484,11604
19485,2139
19486,24293
19487,5596
19488,1440
19489,5324
19490,27627
19491,25370
19492,3821
19493,24270
19494,9766
19495,9914
19496,4982
19497,28017
19498,770
19499,18726
19500,8007
19501,23142
19502,15629
19503,26738
19504,25091
19505,8838
19506,11845
19507,5733
19508,7640
19509,120
19510,7140
19511,7517
19512,5504
19513,13908
19514,29494
19515,8206
19516,17453
19517,13179
19518,27493
19519,15274
19520,7220
19521,6116
19522,19007
19523,26043
19524,4912
19525,13623
19526,26620
19527,16079
19528,4535
19529,9788
19530,7090
19531,4448
19532,26149
19533,18283
19534,1621
19535,17103
19536,11994
19537,25966
19538,9400
19539,26089
19540,23125
19541,7538
19542,26841
19543,10566
19544,7926
19545,5428
19546,17825
19547,6485
19548,20382
19549,13629
19550,26553
19551,19252
19552,8479
19553,14043
19554,598
19555,11444
19556,25712
19557,4220
19558,7092
19559,17493
19560,9249
19561,23365
19562,15320
19563,9038
19564,6503
19565,27825
19566,14839
19567,10828
19568,23007
19569,9818
19570,29807
19571,21658
19572,26532
19573,17856
19574,29586
19575,11587
19576,202
19577,10610
19578,18717
19579,3279
19580,16807
19581,3125
19582,4136
19583,22868
19584,11244
19585,17451
19586,17631
19587,7498
19588,24036
19589,18330
19590,14704
19591,3230
19592,15042
19593,7828
19594,25564
19595,8111
19596,22253
19597,7025
19598,26444
19599,20700
19600,24729
19601,13725
19602,25167
19603,25852
19604,16084
19605,23905
19606,19268
19607,28887
19608,958
19609,16038
19610,19151
19611,11759
19612,13347
19613,15850
19614,4827
19615,21670
19616,28221
19617,16246
19618,24177
19619,23975
19620,20056
19621,29666
19622,13587
19623,2872
19624,3180
19625,26246
19626,28184
19627,17553
19628,10679
19629,28013
19630,14346
19631,4225
19632,1979
19633,20173
19634,22589
19635,13322
19636,29410
19637,18773
19638,8800
19639,15206
19640,21965
19641,3347
19642,22092
19643,26111
19644,21730
19645,28106
19646,29798
19647,8142
19648,15353
19649,10475
19650,2210
19651,26818
19652,4817
19653,14299
19654,14695
19655,25197
19656,12261
19657,20676
19658,17971
19659,6806
19660,12965
19661,5687
19662,24986
19663,17520
19664,7685
19665,23457
19666,6089
19667,29445
19668,5559
19669,3963
19670,16337
19671,260
19672,16382
19673,24505
19674,15378
19675,23195
19676,2270
19677,7620
19678,20818
19679,21182
19680,5243
19681,21387
19682,6822
19683,8509
19684,16817
19685,24875
19686,10864
19687,20118
19688,28598
19689,12169
19690,5885
19691,27198
19692,513
19693,28554
19694,752
19695,16873
19696,19242
19697,25900
19698,27696
19699,18631
19700,260
19701,9741
19702,12205
19703,28025
19704,12610
19705,24188
19706,22026
19707,9296
19708,4895
19709,19658
19710,2498
19711,4531
19712,28131
19713,21439
19714,29187
19715,2129
19716,13372
19717,29484
19718,13426
19719,10993
19720,10840
19721,19817
19722,16871
19723,8828
19724,2851
19725,23545
19726,24276
19727,17498
19728,16518
19729,21919
19730,4828
19731,19131
19732,770
19733,11116
19734,28781
19735,2989
19736,12487
19737,7173
19738,18284
19739,26323
19740,25966
19741,3566
19742,12028
19743,21505
19744,4686
19745,28348
19746,29489
19747,13860
19748,25836
19749,11403
19750,16394
19751,15373
19752,21192
19753,4172
19754,6468
19755,28280
19756,27652
19757,13436
19758,24104
19759,8164
19760,28367
19761,1144
19762,6002
19763,25159
19764,19509
19765,24184
19766,15613
19767,18461
19768,12635
19769,26289
19770,20632
19771,25848
19772,23170
19773,17334
19774,17581
19775,446
19776,25719
19777,20257
19778,27980
19779,11347
19780,27773
19781,1943
19782,25072
19783,8960
19784,3213
19785,23238
19786,23033
19787,8444
19788,27485
19789,11587
19790,22461
19791,291
19792,7231
19793,9063
19794,21070
19795,13105
19796,26221
19797,16054
19798,3325
19799,4878
19800,1001
19801,12943
19802,19955
19803,10540
19804,16996
19805,23185
19806,1063
19807,22379
19808,6314
19809,18335
19810,15615
19811,28871
19812,25877
19813,18524
19814,2584
19815,16942
19816,4879
19817,3533
19818,13934
19819,23441
19820,21439
19821,27099
19822,14832
19823,13452
19824,10135
19825,13896
19826,13887
19827,14749
19828,9537
19829,6978
19830,2217
19831,20594
19832,3124
19833,17203
19834,28269
19835,20673
19836,8381
19837,8951
19838,13768
19839,7137
19840,21377
19841,11553
19842,13818
19843,2398
19844,29354
19845,17632
19846,15745
19847,27689
19848,296
19849,11035
19850,5211
19851,26202
19852,3640
19853,4360
19854,7426
19855,327
19856,25534
19857,8435
19858,17825
19859,12478
19860,26818
19861,10517
19862,11120
19863,24172
19864,25541
19865,18851
19866,13467
19867,25227
19868,21143
19869,13714
19870,13452
19871,18850
19872,1993
19873,26325
19874,26873
19875,4044
19876,18412
19877,18340
19878,15521
19879,8020
19880,14078
19881,4645
19882,6166
19883,15612
19884,26846
19885,28158
19886,28594
19887,12599
19888,21339
19889,18209
19890,24227
19891,18430
19892,15548
19893,12550
19894,1886
19895,9993
19896,20575
19897,5250
19898,18536
19899,27752
19900,3075
19901,28367
19902,7064
19903,18803
19904,18276
19905,29249
19906,6102
19907,22663
19908,4781
19909,8579
19910,27957
19911,12536
19912,16152
19913,22478
19914,6033
19915,28746
19916,26761
19917,22991
19918,4190
19919,22055
19920,17722
19921,13720
19922,17802
19923,23747
19924,11668
19925,21080
19926,2751
19927,14344
19928,19143
19929,27447
19930,28389
19931,28458
19932,3855
19933,8518
19934,19125
19935,13813
19936,4647
19937,2512
19938,7440
19939,26146
19940,22684
19941,16742
19942,9513
19943,10654
19944,13912
19945,6263
19946,18322
19947,1320
19948,6940
19949,14452
19950,617
19951,12828
19952,23394
19953,3976
19954,8131
19955,8802
19956,20750
19957,248
19958,16443
19959,3475
19960,6314
19961,21914
19962,23516
19963,18339
19964,9069
19965,11910
19966,15075
19967,28478
19968,7275
19969,18058
19970,23323
19971,20539
19972,4249
19973,14827
19974,9277
19975,17552
19976,19177
19977,9826
19978,16783
19979,7833
19980,10243
19981,15439
19982,19733
19983,25816
19984,16118
19985,27072
19986,23158
19987,8879
19988,8521
19989,26134
19990,12974
19991,3937
19992,17028
19993,22710
19994,26951
19995,29150
19996,6571
19997,100
19998,10575
19999,23830
20000,17149
20001,23361
20002,23437
20003,9455
20004,8855
20005,18722
20006,26503
20007,28252
20008,29759
20009,26046
20010,14951
20011,6735
20012,465
20013,2366
20014,4805
20015,2642
20016,9167
20017,16168
20018,24162
20019,20350
20020,29282
20021,12016
20022,4423
20023,8963
20024,21511
20025,5337
20026,4603
20027,27877
20028,24783
20029,8454
20030,14919
20031,13436
20032,4387
20033,10517
20034,4855
20035,19102
20036,15171
20037,26058
20038,24363
20039,16196
20040,19495
20041,2986
20042,11869
20043,20663
20044,10622
20045,15083
20046,17259
20047,22668
20048,17697
20049,20141
20050,9289
20051,2977
20052,18808
20053,7187
20054,25876
20055,8053
20056,20659
20057,29477
20058,18258
20059,3836
20060,745
20061,5456
20062,9495
20063,8810
20064,23508
20065,26059
20066,2567
20067,8377
20068,11071
20069,14559
20070,16727
20071,9788
20072,14839
20073,16384
20074,17017
20075,16267
20076,15703
20077,18999
20078,26860
20079,26458
20080,12478
20081,16458
20082,9862
20083,4537
20084,302
20085,9487
20086,23958
20087,22149
20088,22010
20089,6969
20090,26014
20091,11316
20092,20532
20093,13810
20094,12303
20095,13966
20096,16495
20097,7657
20098,17702
20099,6958
20100,3393
20101,11399
20102,15554
20103,18056
20104,9378
20105,11560
20106,28996
20107,23970
20108,5577
20109,10827
20110,13186
20111,21838
20112,21081
20113,8832
20114,12797
20115,18562
20116,7868
20117,2410
20118,13385
20119,10320
20120,5366
20121,2701
20122,19980
20123,18322
20124,6061
20125,25044
20126,12198
20127,13765
20128,7307
20129,20763
20130,3073
20131,319
20132,26125
20133,10902
20134,1626
20135,24035
20136,8308
20137,821
20138,2391
20139,23612
20140,22212
20141,14314
20142,400
20143,1550
20144,17371
20145,6612
20146,14670
20147,25995
20148,12964
20149,11198
20150,27468
20151,15169
20152,18757
20153,7577
20154,25572
20155,27680
20156,26895
20157,24954
20158,17506
20159,21111
20160,27989
20161,22178
20162,2909
20163,3753
20164,6904
20165,6616
20166,8132
20167,26817
20168,26473
20169,3764
20170,16311
20171,17773
20172,29692
20173,3194
20174,28469
20175,20478
20176,28507
20177,9441
20178,10637
20179,1651
20180,6976
20181,16398
20182,13434
20183,4982
20184,18168
20185,11866
20186,15644
20187,8483
20188,25600
20189,26335
20190,8899
20191,13454
20192,11527
20193,14428
20194,7154
20195,21426
20196,6150
20197,6058
20198,24932
20199,24412
20200,25754
20201,24692
20202,2159
20203,16306
20204,10784
20205,17012
20206,24047
20207,16041
20208,11093
20209,10889
20210,7279
20211,20782
20212,15934
20213,12484
20214,18595
20215,17709
20216,24101
20217,10119
20218,16573
20219,465
20220,20679
20221,23425
20222,27916
20223,6371
20224,887
20225,28314
20226,8012
20227,8782
20228,1236
20229,11979
20230,2334
20231,24434
20232,4328
20233,12900
20234,3775
20235,27528
20236,8688
20237,29280
20238,24824
20239,12954
20240,13479
20241,27372
20242,22618
20243,13950
20244,20058
20245,3240
20246,7369
20247,16370
20248,12263
20249,3833
20250,8355
20251,15522
20252,10455
20253,26995
20254,15703
20255,25942
20256,14708
20257,16083
20258,10796
20259,5737
20260,5378
20261,8382
20262,28168
20263,3077
20264,28038
20265,16961
20266,23275
20267,8678
20268,27140
20269,7731
20270,13186
20271,19857
20272,10017
20273,5300
20274,19470
20275,6511
20276,22097
20277,19902
20278,10005
20279,26703
20280,23682
20281,10030
20282,11190
20283,27925
20284,26303
20285,18381
20286,4694
20287,8782
20288,21824
20289,17759
20290,16735
20291,1665
20292,16389
20293,3764
20294,14695
20295,25135
20296,12575
20297,29098
20298,3708
20299,8197
20300,12102
20301,14564
20302,24622
20303,19568
20304,3845
20305,3904
20306,21408
20307,1015
20308,11907
20309,22208
20310,23944
20311,28206
20312,1522
20313,20217
20314,6614
20315,914
20316,6359
20317,1922
20318,21552
20319,16060
20320,13340
20321,9249
20322,22357
20323,20522
20324,28980
20325,12197
20326,28000
20327,7391
20328,2829
20329,172
20330,2252
20331,25182
20332,6660
20333,22597
20334,17698
20335,17090
20336,20297
20337,20123
20338,15428
20339,115
20340,1727
20341,17034
20342,21363
20343,6105
20344,14042
20345,21436
20346,26493
20347,17140
20348,6624
20349,12748
20350,22150
20351,24038
20352,13177
20353,3255
20354,15870
20355,22135
20356,17712
20357,1951
20358,4572
20359,11073
20360,20463
20361,4678
20362,29462
20363,8757
20364,1562
20365,16349
20366,21395
20367,6481
20368,9419
20369,24976
20370,29781
20371,3234
20372,13134
20373,12095
20374,1388
20375,27757
20376,24370
20377,9975
20378,4697
20379,934
20380,28302
20381,24190
20382,2463
20383,12964
20384,4456
20385,6670
20386,27539
20387,7379
20388,8171
20389,13873
20390,8268
20391,13583
20392,15884
20393,27869
20394,9092
20395,21012
20396,24549
20397,6248
20398,23234
20399,28282
20400,9925
20401,27024
20402,13238
20403,17053
20404,14183
20405,6320
20406,12969
20407,28928
20408,21180
20409,29953
20410,25559
20411,9025
20412,20339
20413,19366
20414,13332
20415,27552
20416,20661
20417,4265
20418,26596
20419,14267
20420,17121
20421,23086
20422,2115
20423,25332
20424,22305
20425,25445
20426,21683
20427,28634
20428,22517
20429,28575
20430,12923
20431,4387
20432,22591
20433,7880
20434,20992
20435,15677
20436,4967
20437,26013
20438,13044
20439,2223
20440,6293
20441,22215
20442,5432
20443,19088
20444,7039
20445,3509
20446,17100
20447,1265
20448,2802
20449,14777
20450,3460
20451,13844
20452,24552
20453,23227
20454,10783
20455,23551
20456,17306
20457,21449
20458,18754
20459,18045
20460,24066
20461,7129
20462,3278
20463,18968
20464,12266
20465,5329
20466,22703
20467,12320
20468,23187
20469,28384
20470,26367
20471,17952
20472,6259
20473,1763
20474,13767
20475,2939
20476,5363
20477,21906
20478,9258
20479,12295
20480,14303
20481,2758
20482,16438
20483,5795
20484,16861
20485,22249
20486,27040
20487,27479
20488,2617
20489,2016
20490,11045
20491,19856
20492,17714
20493,11108
20494,8267
20495,738
20496,10400
20497,16731
20498,16255
20499,17227
20500,22017
20501,21335
20502,29962
20503,5748
20504,3987
20505,11765
20506,13563
20507,27022
20508,14195
20509,13786
20510,16369
20511,10362
20512,25816
20513,29475
20514,5375
20515,23073
20516,8358
20517,16888
20518,714
20519,28932
20520,9877
20521,29740
20522,28869
20523,22739
20524,24121
20525,29090
20526,9411
20527,27033
20528,28878
20529,3778
20530,13930
20531,11967
20532,995
20533,16155
20534,2763
20535,29899
20536,16124
20537,27598
20538,3262
20539,23424
20540,4972
20541,1058
20542,3143
20543,24905
20544,1650
20545,3587
20546,16988
20547,24778
20548,19336
20549,18151
20550,14979
20551,29250
20552,17241
20553,12578
20554,13305
20555,21219
20556,3877
20557,11526
20558,17099
20559,8565
20560,26781
20561,3510
20562,7647
20563,27631
20564,3485
20565,15174
20566,856
20567,3619
20568,23524
20569,4666
20570,3966
20571,12631
20572,13161
20573,16657
20574,21910
20575,16789
20576,16499
20577,5542
20578,21094
20579,28599
20580,23027
20581,28782
20582,17128
20583,25358
20584,4499
20585,8793
20586,21201
20587,9820
20588,7097
20589,19054
20590,24222
20591,19556
20592,7217
20593,13261
20594,17299
20595,16639
20596,6589
20597,18752
20598,3085
20599,3611
20600,17092
20601,10359
20602,21321
20603,8777
20604,14591
20605,23000
20606,24201
20607,19352
20608,13684
20609,17207
20610,1645
20611,3529
20612,12146
20613,2930
20614,21907
20615,15596
20616,16229
20617,13755
20618,14120
20619,22995
20620,29461
20621,20400
20622,9457
20623,29330
20624,16675
20625,26176
20626,15763
20627,29220
20628,20786
20629,26909
20630,16273
20631,19768
20632,23354
20633,3135
20634,7742
20635,27664
20636,7981
20637,14318
20638,1912
20639,23537
20640,7035
20641,15432
20642,12848
20643,13488
20644,4640
20645,21459
20646,22145
20647,13806
20648,9666
20649,14715
20650,3613
20651,19216
20652,23964
20653,22506
20654,4180
20655,5732
20656,25780
20657,5393
20658,17695
20659,21575
20660,9008
20661,20413
20662,265
20663,17809
20664,21817
20665,2089
20666,21203
20667,26049
20668,1731
20669,23750
20670,7023
20671,3583
20672,7641
20673,11800
20674,17376
20675,15544
20676,18813
20677,4168
20678,28877
20679,28623
20680,24969
20681,8052
20682,18476
20683,12761
20684,14123
20685,11388
20686,21545
20687,4642
20688,29528
20689,7507
20690,4279
20691,13256
20692,6886
20693,6469
20694,23413
20695,6883
20696,11931
20697,7265
20698,13558
20699,18699
20700,6774
20701,18202
20702,2893
20703,4306
20704,7901
20705,19714
20706,11996
20707,17386
20708,19350
20709,4140
20710,16959
20711,2923
20712,3901
20713,29802
20714,13887
20715,7059
20716,12933
20717,6456
20718,6793
20719,2803
20720,17784
20721,19036
20722,17245
20723,21882
20724,12338
20725,15020
20726,6188
20727,17798
20728,28238
20729,1936
20730,16597
20731,17630
20732,6290
20733,20899
20734,13528
20735,15004
20736,24664
20737,16260
20738,4530
20739,723
20740,10276
20741,10840
20742,28724
20743,2072
20744,20747
20745,18489
20746,9202
20747,9009
20748,9471
20749,27756
20750,29842
20751,1582
20752,6907
20753,22527
20754,28551
20755,23661
20756,4278
20757,19641
20758,24066
20759,14519
20760,26400
20761,21497
20762,21714
20763,6655
20764,24840
20765,14250
20766,8550
20767,1160
20768,1634
20769,7378
20770,18915
20771,15411
20772,12664
20773,17340
20774,4133
20775,15901
20776,21032
20777,1591
20778,10501
20779,17822
20780,27018
20781,23613
20782,18899
20783,16687
20784,20811
20785,29445
20786,10186
20787,1329
20788,16548
20789,25744
20790,12613
20791,687
20792,28636
20793,20431
20794,14988
20795,17021
20796,2797
20797,10830
20798,5582
20799,26760
20800,20825
20801,3229
20802,8581
20803,2257
20804,4340
20805,8002
20806,8878
20807,4953
20808,15921
20809,1909
20810,12675
20811,16223
20812,6540
20813,28595
20814,18083
20815,26369
20816,7981
20817,28397
20818,22811
20819,25814
20820,10744
20821,15877
20822,5834
20823,22581
20824,28535
20825,11156
20826,1747
20827,845
20828,14193
20829,22879
20830,19419
20831,21281
20832,20667
20833,29647
20834,12294
20835,8681
20836,3568
20837,2541
20838,26740
20839,27926
20840,5426
20841,15404
20842,17374
20843,19548
20844,10450
20845,3741
20846,14131
20847,6273
20848,28819
20849,19831
20850,19098
20851,28753
20852,16449
20853,13025
20854,10671
20855,2195
20856,13458
20857,26138
20858,18852
20859,18909
20860,7827
20861,20368
20862,7981
20863,22654
20864,29028
20865,9105
20866,23440
20867,6643
20868,24091
20869,23728
20870,18669
20871,21611
20872,11535
20873,24588
20874,15648
20875,22704
20876,17683
20877,2498
20878,28638
20879,24366
20880,10540
20881,19621
20882,18756
20883,5968
20884,27888
20885,26666
20886,16144
20887,2735
20888,6733
20889,5779
20890,2430
20891,12557
20892,10445
20893,26618
20894,15099
20895,14341
20896,852
20897,2296
20898,13290
20899,2979
20900,23042
20901,11733
20902,6299
20903,23366
20904,2021
20905,10936
20906,4142
20907,26225
20908,155
20909,5629
20910,20071
20911,10563
20912,9427
20913,3683
20914,11159
20915,15048
20916,169
20917,15464
20918,9292
20919,14362
20920,18419
20921,19087
20922,7327
20923,7264
20924,17545
20925,8097
20926,21031
20927,15717
20928,23537
20929,14030
20930,18207
20931,8316
20932,28819
20933,9847
20934,20335
20935,9952
20936,13174
20937,28498
20938,14642
20939,12236
20940,15061
20941,26915
20942,21188
20943,13085
20944,14202
20945,5071
20946,19036
20947,24604
20948,13530
20949,2259
20950,2945
20951,23679
20952,2172
20953,2397
20954,764
20955,27608
20956,8247
20957,27112
20958,12982
20959,9460
20960,25877
20961,29801
20962,16563
20963,2965
20964,28580
20965,21697
20966,22960
20967,8029
20968,17836
20969,18669
20970,18815
20971,3216
20972,27568
20973,4321
20974,4420
20975,29297
20976,12995
20977,5802
20978,13942
20979,17390
20980,15524
20981,1520
20982,21650
20983,16392
20984,26751
20985,23117
20986,1886
20987,8965
20988,2098
20989,9961
20990,22077
20991,6868
20992,879
20993,9374
20994,25858
20995,14190
20996,16877
20997,29199
20998,15575
20999,23685
21000,8553
21001,29573
21002,14005
21003,27941
21004,14501
21005,14348
21006,3640
21007,1690
21008,11839
21009,5006
21010,8154
21011,1799
21012,947
21013,16310
21014,21248
21015,12376
21016,17445
21017,3054
21018,20827
21019,27977
21020,27150
21021,5181
21022,2756
21023,15551
21024,29148
21025,6981
21026,17188
21027,3328
21028,20765
21029,23834
21030,8401
21031,13057
21032,3365
21033,24896
21034,29250
21035,5839
21036,16941
21037,11873
21038,242
21039,14910
21040,25127
21041,12706
21042,29621
21043,10473
21044,22367
21045,18060
21046,15527
21047,7305
21048,29111
21049,202
21050,22594
21051,5900
21052,13038
21053,1490
21054,18340
21055,13054
21056,19789
21057,5335
21058,3031
21059,27010
21060,19250
21061,4048
21062,14678
21063,19496
21064,13911
21065,17162
21066,17156
21067,4559
21068,9568
21069,19144
21070,7066
21071,14787
21072,29770
21073,13555
21074,16428
21075,29946
21076,29096
21077,6708
21078,3409
21079,8918
21080,13046
21081,1006
21082,16472
21083,29472
21084,11779
21085,16277
21086,13717
21087,5651
21088,22767
21089,22539
21090,27378
21091,4369
21092,14204
21093,7566
21094,3132
21095,26068
21096,28950
21097,17369
21098,25445
21099,5590
21100,7429
21101,514
21102,17207
21103,20883
21104,16374
21105,9003
21106,15667
21107,4179
21108,23786
21109,18511
21110,29962
21111,21185
21112,9587
21113,15585
21114,12601
21115,13626
21116,2907
21117,17946
21118,1165
21119,13775
21120,12703
21121,5831
21122,18556
21123,1306
21124,10054
21125,4624
21126,16315
21127,23939
21128,3080
21129,8461
21130,19252
21131,29593
21132,4896
21133,635
21134,23439
21135,162
21136,15590
21137,20710
21138,25289
21139,24159
21140,24635
21141,22320
21142,9698
21143,23576
21144,19963
21145,978
21146,9718
21147,12788
21148,7877
21149,28296
21150,28577
21151,3943
21152,7998
21153,5302
21154,13462
21155,14826
21156,29534
21157,9718
21158,1803
21159,5669
21160,11345
21161,11782
21162,27520
21163,1386
21164,16322
21165,16478
21166,29431
21167,24017
21168,12204
21169,12764
21170,2657
21171,10396
21172,10056
21173,28184
21174,7423
21175,15289
21176,27062
21177,5375
21178,19417
21179,21451
21180,24055
21181,6148
21182,18994
21183,2807
21184,14018
21185,3745
21186,29991
21187,23568
21188,24812
21189,26781
21190,12572
21191,8415
21192,25643
21193,26565
21194,17507
21195,28314
21196,25153
21197,11572
21198,13523
21199,1041
21200,11836
21201,19384
21202,13827
21203,23872
21204,9144
21205,6392
21206,12400
21207,29808
21208,29317
21209,14984
21210,1031
21211,25990
21212,8185
21213,19562
21214,16573
21215,19025
21216,16681
21217,7525
21218,21583
21219,28363
21220,17012
21221,12502
21222,18492
21223,16871
21224,16158
21225,24199
21226,12025
21227,11654
21228,6788
21229,13362
21230,28831
21231,20482
21232,2906
21233,22891
21234,26363
21235,16974
21236,20273
21237,29101
21238,22452
21239,27170
21240,10146
21241,20182
21242,3357
21243,16803
21244,17465
21245,5272
21246,3735
21247,19429
21248,26162
21249,8355
21250,4190
21251,16034
21252,5901
21253,22635
21254,9931
21255,6856
21256,16549
21257,10827
21258,24121
21259,7539
21260,2413
21261,26647
21262,16232
21263,19587
21264,3763
21265,28871
21266,15717
21267,12370
21268,15952
21269,25598
21270,29918
21271,13890
21272,21193
21273,15221
21274,26501
21275,12584
21276,10027
21277,3741
21278,24801
21279,13007
21280,19495
21281,3704
21282,29821
21283,13133
21284,28917
21285,17863
21286,7407
21287,15255
21288,16838
21289,29220
21290,12287
21291,14585
21292,14368
21293,6807
21294,7139
21295,3807
21296,28018
21297,18693
21298,6624
21299,22535
21300,3610
21301,20859
21302,26326
21303,9127
21304,6538
21305,25789
21306,8511
21307,29291
21308,8976
21309,24652
21310,7470
21311,6952
21312,29497
21313,19616
21314,15695
21315,23940
21316,21513
21317,18004
21318,22616
21319,26907
21320,23970
21321,6925
21322,28953
21323,1840
21324,6839
21325,29903
21326,18116
21327,18269
21328,13206
21329,7328
21330,6857
21331,27252
21332,5611
21333,12324
21334,27991
21335,28039
21336,26597
21337,2297
21338,14823
21339,14163
21340,11959
21341,8240
21342,26450
21343,12969
21344,18686
21345,8342
21346,12469
21347,5392
21348,13756
21349,26219
21350,21326
21351,17173
21352,24814
21353,9561
21354,2875
21355,28833
21356,29508
21357,11764
21358,16674
21359,2921
21360,29204
21361,2682
21362,13501
21363,4135
21364,5145
21365,18354
21366,8386
21367,6640
21368,5250
21369,6624
21370,21812
21371,10062
21372,23168
21373,8164
21374,2943
21375,1584
21376,7304
21377,17146
21378,7903
21379,14764
21380,7609
21381,23986
21382,27190
21383,12060
21384,23733
21385,2473
21386,243
21387,25721
21388,13491
21389,25101
21390,19498
21391,28419
21392,7106
21393,24394
21394,18135
21395,12669
21396,9219
21397,9413
21398,26335
21399,19653
21400,8867
21401,5805
21402,19957
21403,16627
21404,7659
21405,28531
21406,8786
21407,6974
21408,7806
21409,23941
21410,14619
21411,9371
21412,6967
21413,19545
21414,20592
21415,16699
21416,617
21417,5058
21418,2610
21419,19322
21420,17239
21421,18957
21422,18385
21423,12461
21424,14451
21425,20232
21426,12157
21427,7149
21428,12650
21429,25219
21430,18634
21431,25821
21432,10146
21433,20351
21434,15479
21435,10657
21436,9011
21437,22326
21438,24828
21439,17233
21440,4900
21441,16004
21442,6407
21443,26609
21444,29187
21445,8720
21446,15213
21447,22308
21448,29581
21449,20786
21450,6659
21451,20907
21452,13032
21453,29447
21454,10413
21455,21792
21456,1691
21457,11233
21458,24252
21459,6435
21460,13830
21461,10284
21462,7245
21463,13789
21464,4203
21465,11724
21466,14475
21467,16348
21468,4484
21469,6516
21470,24456
21471,17550
21472,7364
21473,8461
21474,13722
21475,24813
21476,13669
21477,5098
21478,16404
21479,5766
21480,19923
21481,9260
21482,27336
21483,23592
21484,28969
21485,12783
21486,27563
21487,19259
21488,24947
21489,8277
21490,22936
21491,4767
21492,25089
21493,5608
21494,27099
21495,9601
21496,26536
21497,7795
21498,23835
21499,3714
21500,21759
21501,28617
21502,17245
21503,25800
21504,3634
21505,3826
21506,7081
21507,26910
21508,22747
21509,10294
21510,23100
21511,25492
21512,29035
21513,29938
21514,11565
21515,22072
21516,19529
21517,15294
21518,21579
21519,8151
21520,11886
21521,2849
21522,27326
21523,24276
21524,20005
21525,27834
21526,18425
21527,15004
21528,9396
21529,20420
21530,4941
21531,29936
21532,4351
21533,28574
21534,162
21535,15558
21536,11349
21537,19370
21538,13067
21539,13750
21540,2574
21541,3253
21542,9273
21543,17913
21544,8656
21545,3028
21546,11034
21547,12264
21548,2476
21549,21998
21550,14290
21551,14769
21552,13264
21553,23122
21554,23005
21555,26750
21556,27216
21557,19188
21558,23031
21559,13286
21560,15377
21561,20982
21562,5704
21563,14707
21564,7324
21565,8793
21566,10249
21567,7592
21568,5552
21569,26633
21570,19318
21571,18444
21572,4756
21573,11521
21574,17193
21575,28076
21576,8670
21577,10577
21578,17989
21579,18901
21580,5109
21581,28968
21582,29548
21583,1766
21584,20215
21585,20294
21586,10637
21587,24992
21588,24666
21589,17898
21590,24387
21591,7898
21592,13577
21593,2926
21594,10905
21595,10917
21596,12538
21597,28551
21598,22126
21599,9574
21600,350
21601,24953
21602,29147
21603,22868
21604,11638
21605,8485
21606,26312
21607,14920
21608,27792
21609,11160
21610,22190
21611,3768
21612,14115
21613,21475
21614,6171
21615,7440
21616,25953
21617,21192
21618,26872
21619,22986
21620,7666
21621,11873
21622,3977
21623,16116
21624,16827
21625,15182
21626,23157
21627,3494
21628,1568
21629,5924
21630,26752
21631,24428
21632,28497
21633,28105
21634,25803
21635,20686
21636,19337
21637,26207
21638,12515
21639,28893
21640,6308
21641,20129
21642,2891
21643,7970
21644,24792
21645,20033
21646,7675
21647,23509
21648,18030
21649,12900
21650,29524
21651,1198
21652,27000
21653,12947
21654,861
21655,8955
21656,17454
21657,27513
21658,1409
21659,21939
21660,23611
21661,353
21662,26888
21663,28832
21664,10377
21665,8166
21666,18996
21667,29721
21668,1593
21669,14459
21670,20382
21671,24225
21672,26354
21673,23583
21674,15260
21675,17605
21676,12526
21677,1394
21678,20962
21679,602
21680,17648
21681,7241
21682,26906
21683,24758
21684,18200
21685,27257
21686,24290
21687,7375
21688,3531
21689,18924
21690,3268
21691,12651
21692,8197
21693,18270
21694,3351
21695,22581
21696,24050
21697,6845
21698,23563
21699,26798
21700,4087
21701,19606
21702,7696
21703,10169
21704,24608
21705,14063
21706,29781
21707,27849
21708,6078
21709,9068
21710,29000
21711,11674
21712,4117
21713,20166
21714,5814
21715,26894
21716,10431
21717,12455
21718,3573
21719,18445
21720,27476
21721,23129
21722,10613
21723,5897
21724,7761
21725,7949
21726,23701
21727,1355
21728,2444
21729,506
21730,7498
21731,5093
21732,17792
21733,21115
21734,4442
21735,1905
21736,6281
21737,22336
21738,996
21739,21554
21740,14472
21741,26619
21742,28475
21743,29631
21744,26420
21745,2430
21746,4278
21747,13487
21748,11624
21749,16217
21750,5019
21751,15912
21752,21729
21753,24300
21754,10797
21755,5285
21756,23156
21757,16097
21758,17842
21759,3444
21760,29620
21761,26649
21762,8055
21763,2378
21764,18758
21765,29110
21766,9208
21767,3141
21768,27301
21769,22370
21770,13128
21771,7597
21772,7294
21773,26422
21774,12969
21775,10547
21776,19822
21777,16745
21778,23976
21779,20417
21780,14331
21781,9579
21782,28510
21783,10030
21784,2189
21785,8034
21786,11392
21787,4867
21788,21057
21789,7754
21790,29744
21791,4274
21792,25620
21793,14344
21794,25332
21795,29576
21796,5829
21797,4474
21798,5145
21799,29896
21800,13419
21801,22498
21802,14887
21803,24738
21804,26075
21805,14802
21806,29238
21807,16022
21808,19120
21809,19145
21810,15312
21811,10938
21812,12007
21813,22761
21814,24303
21815,24698
21816,7467
21817,15520
21818,4889
21819,29998
21820,5215
21821,16011
21822,1313
21823,27591
21824,29607
21825,22888
21826,6587
21827,28685
21828,17399
21829,12310
21830,1353
21831,13506
21832,14758
21833,16664
21834,6905
21835,19525
21836,7015
21837,16467
21838,3735
21839,4576
21840,14504
21841,16502
21842,1570
21843,8090
21844,6472
21845,25673
21846,11240
21847,6475
21848,10050
21849,6220
21850,8471
21851,5909
21852,16069
21853,5437
21854,25273
21855,11917
21856,19341
21857,7913
21858,9849
21859,12535
21860,6284
21861,1984
21862,6832
21863,18429
21864,8418
21865,23245
21866,7550
21867,18467
21868,23175
21869,17664
21870,6386
21871,16527
21872,14731
21873,27575
21874,8112
21875,14219
21876,26744
21877,17374
21878,3997
21879,28246
21880,27365
21881,11512
21882,4337
21883,6441
21884,19084
21885,12043
21886,11620
21887,22982
21888,3299
21889,7852
21890,15169
21891,197
21892,26643
21893,21566
21894,12647
21895,27316
21896,11876
21897,10982
21898,16145
21899,14579
21900,26504
21901,21387
21902,25626
21903,10759
21904,2578
21905,12059
21906,3375
21907,25753
21908,11098
21909,16545
21910,7258
21911,20891
21912,22511
21913,7573
21914,6741
21915,28339
21916,25882
21917,27959
21918,7883
21919,2617
21920,25845
21921,13333
21922,16270
21923,18115
21924,9143
21925,19320
21926,15318
21927,8548
21928,8939
21929,9281
21930,24135
21931,5396
21932,29400
21933,14038
21934,8816
21935,7192
21936,852
21937,4120
21938,18884
21939,5094
21940,14591
21941,17935
21942,20378
21943,5320
21944,23112
21945,23006
21946,744
21947,2464
21948,12456
21949,8003
21950,3335
21951,448
21952,14824
21953,24743
21954,422
21955,19674
21956,10550
21957,7795
21958,29458
21959,5120
21960,21387
21961,1233
21962,16030
21963,958
21964,19093
21965,24226
21966,8617
21967,14268
21968,24104
21969,3204
21970,26175
21971,13556
21972,16501
21973,10189
21974,6637
21975,5222
21976,10507
21977,17213
21978,11367
21979,15156
21980,27368
21981,25879
21982,7146
21983,15601
21984,28833
21985,3102
21986,5187
21987,12628
21988,8762
21989,18928
21990,11720
21991,12171
21992,20830
21993,19750
21994,10632
21995,14453
21996,22767
21997,11540
21998,21071
21999,23375
22000,16182
22001,29869
22002,15316
22003,27263
22004,9305
22005,16614
22006,23995
22007,22778
22008,295
22009,11314
22010,14316
22011,13198
22012,29196
22013,27899
22014,16202
22015,20947
22016,17230
22017,26706
22018,17580
22019,17047
22020,15457
22021,1662
22022,9277
22023,12900
22024,14996
22025,3149
22026,29867
22027,489
22028,21188
22029,15864
22030,26751
22031,25238
22032,11594
22033,9529
22034,5807
22035,9957
22036,6096
22037,16146
22038,15223
22039,2704
22040,25809
22041,21073
22042,23860
22043,3905
22044,22339
22045,18386
22046,25210
22047,4157
22048,4228
22049,7142
22050,22740
22051,16534
22052,15993
22053,14639
22054,6538
22055,10398
22056,28990
22057,26822
22058,12212
22059,4449
22060,22037
22061,19893
22062,27312
22063,23500
22064,14203
22065,10964
22066,10383
22067,18840
22068,10016
22069,19187
22070,629
22071,24825
22072,3847
22073,16176
22074,11512
22075,7276
22076,3090
22077,19665
22078,4294
22079,22550
22080,20160
22081,28465
22082,26918
22083,18381
22084,12607
22085,17954
22086,8415
22087,13027
22088,6939
22089,9208
22090,17988
22091,9754
22092,23936
22093,2404
22094,2085
22095,9929
22096,21654
22097,27483
22098,2018
22099,8848
22100,27411
22101,5552
22102,28134
22103,3429
22104,18749
22105,17360
22106,17877
22107,148
22108,26565
22109,3953
22110,9315
22111,9487
22112,21746
22113,4836
22114,256
22115,23000
22116,3435
22117,26415
22118,19229
22119,10981
22120,20870
22121,17330
22122,8522
22123,13900
22124,17398
22125,21348
22126,2283
22127,18454
22128,24739
22129,14820
22130,29672
22131,17553
22132,5088
22133,10118
22134,14173
22135,10134
22136,19550
22137,2460
22138,18831
22139,22832
22140,28280
22141,6877
22142,20665
22143,7663
22144,5485
22145,2247
22146,24004
22147,956
22148,14020
22149,20842
22150,12497
22151,26471
22152,29553
22153,25777
22154,12270
22155,26009
22156,11114
22157,11115
22158,736
22159,29474
22160,18733
22161,9541
22162,29298
22163,7682
22164,25632
22165,15231
22166,28779
22167,23865
22168,22956
22169,13073
22170,27558
22171,23939
22172,10624
22173,14402
22174,26535
22175,24663
22176,11706
22177,5079
22178,10546
22179,4367
22180,19587
22181,5398
22182,26780
22183,20007
22184,16217
22185,2283
22186,17167
22187,15217
22188,2189
22189,2268
22190,19937
22191,21509
22192,22627
22193,19053
22194,9130
22195,1535
22196,29692
22197,6136
22198,19410
22199,12561
22200,20970
22201,9250
22202,29633
22203,27723
22204,6191
22205,20053
22206,14380
22207,5185
22208,1557
22209,8765
22210,9229
22211,2696
22212,22538
22213,27451
22214,1915
22215,19607
22216,11285
22217,23220
22218,14170
22219,23252
22220,12458
22221,16587
22222,4445
22223,10269
22224,7869
22225,7199
22226,9100
22227,11610
22228,9086
22229,27661
22230,4782
22231,7486
22232,5405
22233,8211
22234,17844
22235,22363
22236,23355
22237,19467
22238,26757
22239,3047
22240,15456
22241,19576
22242,19832
22243,2117
22244,25130
22245,6928
22246,11762
22247,23819
22248,14118
22249,3711
22250,1591
22251,28113
22252,3068
22253,11338
22254,11169
22255,13619
22256,18921
22257,12809
22258,20650
22259,16952
22260,11708
22261,24706
22262,15787
22263,8416
22264,3780
22265,23345
22266,2667
22267,8803
22268,2154
22269,7134
22270,18496
22271,17218
22272,3116
22273,22155
22274,21849
22275,13006
22276,27229
22277,3628
22278,10921
22279,15854
22280,28492
22281,18008
22282,17426
22283,2079
22284,12354
22285,2824
22286,26908
22287,16719
22288,11642
22289,4697
22290,24863
22291,4657
22292,17622
22293,19818
22294,7799
22295,16980
22296,24020
22297,17796
22298,22645
22299,11121
22300,5113
22301,12521
22302,28932
22303,21453
22304,17540
22305,23166
22306,7108
22307,1014
22308,21087
22309,2869
22310,13806
22311,28219
22312,13738
22313,9803
22314,20324
22315,23620
22316,7612
22317,29541
22318,2162
22319,14748
22320,13203
22321,14569
22322,16823
22323,11269
22324,19327
22325,22863
22326,12458
22327,20920
22328,26510
22329,29429
22330,850
22331,4961
22332,9600
22333,29999
22334,7397
22335,24801
22336,13381
22337,15973
22338,8745
22339,3749
22340,18780
22341,12599
22342,13920
22343,17185
22344,12440
22345,14957
22346,20915
22347,5483
22348,29307
22349,1235
22350,2849
22351,29019
22352,2386
22353,3586
22354,5833
22355,25277
22356,16980
22357,1682
22358,15661
22359,25183
22360,22819
22361,1705
22362,24990
22363,12442
22364,18453
22365,2835
22366,8601
22367,8890
22368,24428
22369,193
22370,29118
22371,15912
22372,2961
22373,28328
22374,4582
22375,24474
22376,29798
22377,6220
22378,18158
22379,16747
22380,1622
22381,7869
22382,17103
22383,22578
22384,16442
22385,2602
22386,11792
22387,3021
22388,7945
22389,28287
22390,22103
22391,9876
22392,18685
22393,28658
22394,8865
22395,16446
22396,4404
22397,10033
22398,21718
22399,27197
22400,15951
22401,15659
22402,29168
22403,5193
22404,14105
22405,284
22406,2407
22407,12654
22408,29633
22409,16301
22410,29875
22411,11666
22412,22242
22413,29671
22414,4718
22415,21562
22416,8885
22417,26675
22418,7285
22419,29722
22420,16846
22421,13514
22422,23931
22423,25200
22424,24731
22425,18300
22426,3226
22427,3925
22428,1074
22429,1314
22430,4889
22431,6847
22432,21620
22433,3584
22434,22435
22435,26288
22436,19130
22437,14557
22438,18125
22439,9039
22440,7677
22441,2902
22442,18266
22443,15004
22444,16955
22445,11172
22446,26882
22447,26615
22448,25711
22449,29336
22450,10426
22451,5364
22452,21613
22453,5162
22454,26574
22455,29094
22456,29021
22457,27595
22458,21116
22459,12050
22460,1568
22461,1148
22462,14278
22463,17869
22464,11107
22465,16759
22466,26739
22467,29090
22468,3697
22469,975
22470,23983
22471,25252
22472,988
22473,28369
22474,22457
22475,6297
22476,10753
22477,14698
22478,6867
22479,14608
22480,1704
22481,5357
22482,1822
22483,22851
22484,16211
22485,2267
22486,5192
22487,933
22488,8275
22489,8357
22490,23537
22491,21236
22492,29180
22493,23064
22494,29370
22495,5686
22496,19271
22497,20593
22498,26458
22499,9600
22500,14787
22501,14069
22502,7055
22503,2930
22504,17795
22505,15164
22506,3149
22507,24897
22508,2230
22509,6967
22510,681
22511,5505
22512,17969
22513,29339
22514,7094
22515,22002
22516,19953
22517,13315
22518,2514
22519,11270
22520,22042
22521,12204
22522,2781
22523,19987
22524,106
22525,24552
22526,10323
22527,24557
22528,19080
22529,28367
22530,8238
22531,13623
22532,28482
22533,11014
22534,26527
22535,14586
22536,25124
22537,3031
22538,17951
22539,4763
22540,3812
22541,29784
22542,2160
22543,17056
22544,21461
22545,25618
22546,12044
22547,18267
22548,6915
22549,24452
22550,24925
22551,5792
22552,12899
22553,790
22554,21239
22555,8840
22556,21599
22557,7119
22558,14598
22559,7081
22560,14790
22561,28278
22562,19067
22563,10932
22564,6119
22565,20984
22566,10493
22567,7159
22568,1832
22569,26231
22570,5528
22571,2340
22572,27431
22573,25648
22574,1391
22575,17888
22576,9475
22577,10632
22578,17798
22579,7805
22580,28758
22581,3534
22582,8171
22583,19607
22584,7569
22585,23846
22586,13198
22587,15604
22588,12277
22589,27386
22590,18601
22591,13774
22592,23557
22593,22489
22594,25117
22595,1672
22596,24925
22597,25652
22598,14449
22599,12976
22600,12166
22601,14012
22602,25734
22603,19083
22604,16086
22605,19252
22606,11100
22607,5038
22608,25024
22609,29137
22610,23696
22611,1855
22612,29980
22613,29865
22614,22243
22615,25397
22616,24192
22617,11789
22618,13113
22619,3060
22620,12142
22621,4436
22622,15220
22623,28346
22624,10790
22625,18227
22626,4913
22627,16985
22628,2794
22629,18887
22630,8451
22631,10489
22632,7627
22633,11932
22634,16259
22635,21835
22636,14991
22637,29386
22638,25404
22639,10510
22640,21967
22641,17924
22642,8236
22643,21910
22644,16051
22645,15707
22646,17287
22647,19048
22648,8640
22649,11358
22650,6816
22651,5120
22652,24195
22653,28432
22654,28574
22655,24674
22656,23549
22657,17521
22658,19330
22659,27456
22660,14551
22661,20077
22662,29870
22663,24250
22664,22510
22665,29977
22666,15026
22667,6216
22668,27753
22669,10882
22670,16074
22671,29550
22672,20286
22673,23731
22674,13042
22675,25484
22676,925
22677,25245
22678,18122
22679,22600
22680,4538
22681,3541
22682,18697
22683,6917
22684,17597
22685,24848
22686,343
22687,24875
22688,15243
22689,3877
22690,449
22691,11605
22692,12502
22693,24653
22694,20315
22695,13486
22696,19704
22697,2376
22698,4813
22699,19659
22700,21104
22701,24217
22702,5224
22703,8071
22704,17483
22705,14264
22706,7988
22707,25092
22708,7248
22709,4035
22710,9984
22711,23450
22712,4272
22713,24575
22714,17826
22715,3771
22716,21909
22717,11134
22718,26895
22719,13718
22720,15411
22721,5738
22722,29977
22723,29293
22724,27565
22725,13603
22726,21944
22727,15183
22728,25062
22729,6708
22730,28756
22731,28087
22732,15433
22733,7847
22734,14843
22735,26683
22736,1954
22737,7138
22738,20975
22739,17404
22740,13411
22741,15240
22742,22800
22743,714
22744,17970
22745,29861
22746,9495
22747,14255
22748,9635
22749,25035
22750,12142
22751,21356
22752,11755
22753,19223
22754,20196
22755,11100
22756,21143
22757,12886
22758,10377
22759,4323
22760,14373
22761,20149
22762,21275
22763,14209
22764,407
22765,12831
22766,19991
22767,2304
22768,5268
22769,10524
22770,28224
22771,13583
22772,23510
22773,3642
22774,3962
22775,23249
22776,29795
22777,2388
22778,17048
22779,9585
22780,25295
22781,26060
22782,14461
22783,24037
22784,6726
22785,6698
22786,25861
22787,5280
22788,25833
22789,23807
22790,18580
22791,19316
22792,1880
22793,29985
22794,29315
22795,4219
22796,12426
22797,27682
22798,11507
22799,11546
22800,27592
22801,21439
22802,19743
22803,1940
22804,22369
22805,3176
22806,10538
22807,14348
22808,28669
22809,13950
22810,25345
22811,770
22812,4437
22813,25336
22814,27953
22815,6281
22816,13080
22817,29464
22818,5450
22819,11500
22820,14726
22821,24002
22822,3131
22823,15739
22824,7042
22825,20125
22826,24537
22827,13631
22828,701
22829,14486
22830,26892
22831,14308
22832,23221
22833,8117
22834,2041
22835,956
22836,29668
22837,2489
22838,10882
22839,23743
22840,12414
22841,7660
22842,20064
22843,14451
22844,5249
22845,10179
22846,3205
22847,9430
22848,4394
22849,6203
22850,6429
22851,15793
22852,27046
22853,22115
22854,3002
22855,7607
22856,1168
22857,20954
22858,23871
22859,18950
22860,29076
22861,24637
22862,3771
22863,10893
22864,14139
22865,8243
22866,15767
22867,25140
22868,28750
22869,26759
22870,28410
22871,23434
22872,5624
22873,15283
22874,10105
22875,25230
22876,23934
22877,1115
22878,7784
22879,2945
22880,12140
22881,9597
22882,10643
22883,7158
22884,9299
22885,29113
22886,24930
22887,10311
22888,18187
22889,18148
22890,553
22891,9962
22892,15210
22893,11187
22894,16607
22895,7397
22896,470
22897,28854
22898,14613
22899,27322
22900,21844
22901,14702
22902,7107
22903,2013
22904,22844
22905,13462
22906,23781
22907,22211
22908,14743
22909,8809
22910,14298
22911,4908
22912,12731
22913,11983
22914,20613
22915,9170
22916,16919
22917,19626
22918,27404
22919,20097
22920,7253
22921,12133
22922,14172
22923,14525
22924,26530
22925,6303
22926,25989
22927,13670
22928,18360
22929,17215
22930,8631
22931,19771
22932,19639
22933,17608
22934,18189
22935,15661
22936,22687
22937,13577
22938,20902
22939,28139
22940,29252
22941,22296
22942,8540
22943,17407
22944,11828
22945,27454
22946,10269
22947,21053
22948,10856
22949,2272
22950,14145
22951,163
22952,9043
22953,13307
22954,1331
22955,13184
22956,26397
22957,3442
22958,18796
22959,21095
22960,22902
22961,23068
22962,19840
22963,21223
22964,6172
22965,2493
22966,9226
22967,2076
22968,7590
22969,10117
22970,10672
22971,19111
22972,3479
22973,29224
22974,18842
22975,2556
22976,16838
22977,9312
22978,1482
22979,15043
22980,19413
22981,22571
22982,12419
22983,17475
22984,25709
22985,25547
22986,20409
22987,11630
22988,22289
22989,11130
22990,7248
22991,14965
22992,6586
22993,13224
22994,27793
22995,23942
22996,17506
22997,23740
22998,18621
22999,11537
23000,22479
23001,23431
23002,13868
23003,22715
23004,10142
23005,29557
23006,20095
23007,24068
23008,16075
23009,16017
23010,11638
23011,24543
23012,6705
23013,26852
23014,9951
23015,8760
23016,6786
23017,14019
23018,19182
23019,4414
23020,7303
23021,7344
23022,16710
23023,23931
23024,26720
23025,311
23026,28464
23027,28790
23028,10289
23029,23863
23030,20262
23031,28759
23032,24634
23033,3288
23034,20420
23035,331
23036,23825
23037,27249
23038,21071
23039,21725
23040,15294
23041,16117
23042,588
23043,21812
23044,14180
23045,20963
23046,22083
23047,27326
23048,5647
23049,7577
23050,8943
23051,27684
23052,6265
23053,9454
23054,24831
23055,28548
23056,4133
23057,29023
23058,13174
23059,14059
23060,1261
23061,9351
23062,28394
23063,14995
23064,7418
23065,22008
23066,12455
23067,1967
23068,4850
23069,19020
23070,9143
23071,16807
23072,12663
23073,11964
23074,1100
23075,26431
23076,17403
23077,4389
23078,10042
23079,7941
23080,12208
23081,14927
23082,4303
23083,26973
23084,1920
23085,5012
23086,570
23087,9294
23088,9186
23089,16039
23090,14579
23091,12572
23092,7997
23093,13064
23094,10604
23095,8112
23096,26459
23097,29029
23098,24503
23099,15893
23100,13906
23101,7974
23102,19771
23103,17369
23104,3677
23105,10394
23106,9633
23107,17648
23108,10265
23109,14426
23110,9791
23111,10328
23112,8100
23113,28935
23114,13698
23115,27639
23116,816
23117,29331
23118,9920
23119,26074
23120,21413
23121,25027
23122,9976
23123,22411
23124,23247
23125,23798
23126,26169
23127,13914
23128,23920
23129,4203
23130,29395
23131,20959
23132,29774
23133,7909
23134,5018
23135,15052
23136,25799
23137,16922
23138,7499
23139,8354
23140,5454
23141,27207
23142,22684
23143,28537
23144,27773
23145,15214
23146,6890
23147,15312
23148,14124
23149,2567
23150,10789
23151,7151
23152,18158
23153,3362
23154,21347
23155,8227
23156,8004
23157,10982
23158,19251
23159,26771
23160,4804
23161,12950
23162,15475
23163,4102
23164,16899
23165,8806
23166,1814
23167,2696
23168,25334
23169,22905
23170,21888
23171,16570
23172,13000
23173,14823
23174,14055
23175,23763
23176,24926
23177,28400
23178,9049
23179,22478
23180,10815
23181,18717
23182,26077
23183,18727
23184,24461
23185,16926
23186,16563
23187,18292
23188,22706
23189,7425
23190,26179
23191,17985
23192,29213
23193,21576
23194,19848
23195,998
23196,9397
23197,4151
23198,8667
23199,3408
23200,16620
23201,24005
23202,3404
23203,8184
23204,16323
23205,8597
23206,28771
23207,1636
23208,27383
23209,9303
23210,13126
23211,16565
23212,14314
23213,24081
23214,25164
23215,5196
23216,9887
23217,16335
23218,11860
23219,24273
23220,29714
23221,2905
23222,4993
23223,309
23224,10614
23225,16503
23226,21840
23227,699
23228,21809
23229,14725
23230,233
23231,16151
23232,16416
23233,16322
23234,1374
23235,24226
23236,14801
23237,11295
23238,14695
23239,15595
23240,12298
23241,18240
23242,4255
23243,2389
23244,29085
23245,2985
23246,29852
23247,25585
23248,6588
23249,7099
23250,13761
23251,24995
23252,4705
23253,27003
23254,6853
23255,1568
23256,4484
23257,16233
23258,25760
23259,10164
23260,9629
23261,20372
23262,5217
23263,9166
23264,10708
23265,28605
23266,9597
23267,5798
23268,24311
23269,6916
23270,15418
23271,22653
23272,5431
23273,1138
23274,27422
23275,29382
23276,25969
23277,22653
23278,24178
23279,4247
23280,14092
23281,14494
23282,4535
23283,10703
23284,10157
23285,8458
23286,577
23287,22616
23288,14896
23289,13344
23290,2429
23291,13913
23292,3909
23293,15490
23294,27341
23295,1097
23296,22160
23297,18456
23298,18328
23299,8091
23300,3236
23301,6352
23302,20857
23303,28572
23304,15762
23305,2309
23306,18163
23307,11707
23308,10494
23309,20901
23310,18895
23311,167
23312,15277
23313,19992
23314,20765
23315,22850
23316,17017
23317,4028
23318,11493
23319,7189
23320,13914
23321,23262
23322,11636
23323,9574
23324,1345
23325,18736
23326,27930
23327,24149
23328,5682
23329,3154
23330,13022
23331,13009
23332,27931
23333,25134
23334,8407
23335,4746
23336,6164
23337,20791
23338,1233
23339,1135
23340,1397
23341,1731
23342,895
23343,18132
23344,7135
23345,3977
23346,26450
23347,28609
23348,10891
23349,19248
23350,8023
23351,4920
23352,18047
23353,17037
23354,6562
23355,26031
23356,1704
23357,6390
23358,6197
23359,27214
23360,29303
23361,11658
23362,13857
23363,20041
23364,27512
23365,10903
23366,12794
23367,28305
23368,12978
23369,13641
23370,15748
23371,22606
23372,26021
23373,11269
23374,2622
23375,5408
23376,26135
23377,16865
23378,23181
23379,27124
23380,3871
23381,6729
23382,4996
23383,5465
23384,13452
23385,27204
23386,7031
23387,17919
23388,24418
23389,13550
23390,5631
23391,20714
23392,26465
23393,15791
23394,23069
23395,4425
23396,546
23397,18854
23398,21205
23399,21398
23400,29665
23401,11890
23402,16145
23403,24858
23404,4624
23405,3113
23406,1587
23407,5674
23408,9798
23409,21356
23410,10607
23411,20362
23412,7980
23413,9658
23414,24538
23415,5524
23416,14341
23417,13211
23418,4055
23419,27810
23420,25597
23421,7545
23422,6963
23423,21192
23424,24042
23425,16838
23426,17464
23427,27417
23428,21882
23429,11395
23430,18980
23431,21309
23432,7559
23433,2171
23434,11404
23435,25755
23436,10062
23437,23203
23438,23091
23439,19416
23440,16731
23441,26661
23442,12387
23443,6343
23444,20076
23445,28156
23446,13474
23447,11044
23448,4645
23449,15465
23450,8426
23451,26232
23452,15695
23453,20537
23454,23404
23455,25501
23456,23346
23457,9064
23458,9518
23459,5421
23460,23440
23461,27861
23462,8983
23463,2831
23464,8891
23465,20214
23466,28577
23467,11030
23468,10791
23469,23323
23470,23644
23471,3136
23472,17609
23473,10789
23474,27045
23475,2564
23476,27330
23477,20487
23478,18892
23479,3720
23480,10504
23481,14227
23482,16119
23483,9970
23484,1771
23485,26896
23486,537
23487,17574
23488,975
23489,28206
23490,21679
23491,13861
23492,21329
23493,27262
23494,2033
23495,8636
23496,2188
23497,7740
23498,24308
23499,17077
23500,25656
23501,15376
23502,16947
23503,10878
23504,16163
23505,2688
23506,7711
23507,20179
23508,6007
23509,19227
23510,28750
23511,340
23512,23271
23513,10682
23514,9312
23515,3851
23516,2444
23517,16321
23518,462
23519,18805
23520,12546
23521,27301
23522,26762
23523,5089
23524,14341
23525,5349
23526,22426
23527,10534
23528,3924
23529,4832
23530,26425
23531,14810
23532,12590
23533,15949
23534,9841
23535,11671
23536,10974
23537,20301
23538,20441
23539,16833
23540,15008
23541,9596
23542,8663
23543,15582
23544,17587
23545,4324
23546,20156
23547,9012
23548,22769
23549,1384
23550,5297
23551,15290
23552,14963
23553,12723
23554,20233
23555,25654
23556,3913
23557,12922
23558,17051
23559,28212
23560,19996
23561,29992
23562,390
23563,15829
23564,18741
23565,21127
23566,911
23567,12917
23568,14989
23569,18153
23570,11541
23571,4457
23572,27830
23573,25293
23574,28623
23575,2345
23576,15519
23577,26129
23578,24902
23579,5791
23580,14742
23581,1308
23582,2103
23583,9125
23584,4451
23585,3811
23586,3862
23587,23250
23588,22744
23589,4232
23590,12435
23591,20036
23592,1386
23593,18654
23594,24196
23595,656
23596,12267
23597,9398
23598,23219
23599,4321
23600,18382
23601,12119
23602,23029
23603,5869
23604,8190
23605,25810
23606,26970
23607,24811
23608,16290
23609,20353
23610,15835
23611,5807
23612,2619
23613,7450
23614,12825
23615,25445
23616,3168
23617,21745
23618,3617
23619,17047
23620,20490
23621,6355
23622,25771
23623,24169
23624,1189
23625,337
23626,19020
23627,29979
23628,26435
23629,6563
23630,2264
23631,15802
23632,1738
23633,23535
23634,24925
23635,20940
23636,18068
23637,6554
23638,19093
23639,12494
23640,24790
23641,16426
23642,4186
23643,13547
23644,11821
23645,12164
23646,5274
23647,10502
23648,27453
23649,6855
23650,888
23651,22215
23652,9711
23653,13317
23654,7943
23655,9331
23656,14119
23657,24559
23658,2892
23659,7408
23660,21332
23661,22600
23662,18956
23663,7724
23664,20773
23665,16292
23666,19093
23667,29204
23668,3065
23669,16274
23670,28386
23671,23911
23672,566
23673,2307
23674,11182
23675,25334
23676,14557
23677,13134
23678,7331
23679,10844
23680,6058
23681,27547
23682,3499
23683,20649
23684,25213
23685,27085
23686,16256
23687,18959
23688,25657
23689,7460
23690,22563
23691,21076
23692,9402
23693,27264
23694,24885
23695,29881
23696,12641
23697,8294
23698,1050
23699,21128
23700,12765
23701,18336
23702,11229
23703,2868
23704,4035
23705,28717
23706,27138
23707,11793
23708,5398
23709,23960
23710,29862
23711,2385
23712,4352
23713,22269
23714,10085
23715,17668
23716,29153
23717,27372
23718,24592
23719,1766
23720,10685
23721,17008
23722,27908
23723,19960
23724,26132
23725,4645
23726,5875
23727,10648
23728,1895
23729,18959
23730,17235
23731,29214
23732,7093
23733,29667
23734,26489
23735,21771
23736,14325
23737,6642
23738,10018
23739,28292
23740,9359
23741,9784
23742,22762
23743,9315
23744,19041
23745,3411
23746,13363
23747,18474
23748,3646
23749,19132
23750,12172
23751,8812
23752,13842
23753,9104
23754,2620
23755,3318
23756,27886
23757,28578
23758,25774
23759,15741
23760,24009
23761,10073
23762,23428
23763,6598
23764,20152
23765,18967
23766,2527
23767,28621
23768,12177
23769,20972
23770,9146
23771,13644
23772,4335
23773,20716
23774,27864
23775,1472
23776,11798
23777,17727
23778,29379
23779,13200
23780,8819
23781,28089
23782,3563
23783,19902
23784,22025
23785,26097
23786,9736
23787,9606
23788,6650
23789,12355
23790,21018
23791,22145
23792,12721
23793,1205
23794,27497
23795,11249
23796,2347
23797,13458
23798,925
23799,10380
23800,10026
23801,12822
23802,17509
23803,4892
23804,25487
23805,3275
23806,14756
23807,17716
23808,1161
23809,9275
23810,19492
23811,4577
23812,15636
23813,20936
23814,20196
23815,2151
23816,1563
23817,28488
23818,27734
23819,20371
23820,11116
23821,23168
23822,27361
23823,22888
23824,16127
23825,2710
23826,25657
23827,27429
23828,25420
23829,26834
23830,29952
23831,5651
23832,11555
23833,12645
23834,2198
23835,4973
23836,15596
23837,6369
23838,15156
23839,5916
23840,16130
23841,14467
23842,11534
23843,27934
23844,6786
23845,3230
23846,26682
23847,19892
23848,10341
23849,25692
23850,19552
23851,740
23852,12742
23853,9137
23854,17786
23855,9669
23856,1696
23857,29802
23858,28317
23859,13515
23860,5713
23861,1913
23862,25086
23863,20765
23864,6053
23865,17876
23866,4498
23867,15649
23868,16917
23869,1308
23870,19875
23871,6717
23872,12280
23873,17175
23874,17942
23875,13569
23876,29390
23877,16884
23878,26747
23879,19826
23880,1301
23881,16318
23882,29227
23883,21080
23884,18431
23885,10915
23886,2256
23887,4027
23888,4051
23889,27573
23890,7029
23891,26907
23892,5830
23893,7494
23894,3893
23895,22730
23896,14953
23897,17444
23898,26207
23899,123
23900,29207
23901,1921
23902,12058
23903,8223
23904,18571
23905,14025
23906,11841
23907,23763
23908,6574
23909,16895
23910,21876
23911,18855
23912,22089
23913,7896
23914,14774
23915,14628
23916,11945
23917,11661
23918,8718
23919,335
23920,7971
23921,24533
23922,22091
23923,11802
23924,27321
23925,20924
23926,2937
23927,5868
23928,25902
23929,7906
23930,9928
23931,17016
23932,6364
23933,436
23934,29162
23935,28128
23936,27953
23937,2709
23938,23146
23939,9922
23940,3833
23941,26805
23942,24179
23943,7641
23944,27680
23945,24103
23946,13273
23947,19663
23948,25998
23949,23169
23950,11233
23951,18931
23952,15562
23953,516
23954,17476
23955,4435
23956,7837
23957,29933
23958,1403
23959,11761
23960,18027
23961,26788
23962,19215
23963,14501
23964,20300
23965,12722
23966,12393
23967,23787
23968,26596
23969,5393
23970,26103
23971,16055
23972,26437
23973,22192
23974,19278
23975,15126
23976,15554
23977,22179
23978,1308
23979,7977
23980,5270
23981,11238
23982,15252
23983,23474
23984,9113
23985,14034
23986,8503
23987,5201
23988,17637
23989,18752
23990,19487
23991,710
23992,14665
23993,16604
23994,15958
23995,14737
23996,4215
23997,12747
23998,13462
23999,13944
24000,28580
24001,23094
24002,27781
24003,26675
24004,29942
24005,4164
24006,27904
24007,12752
24008,1155
24009,16847
24010,10563
24011,26680
24012,206
24013,13164
24014,28854
24015,6380
24016,649
24017,20773
24018,28437
24019,13082
24020,1909
24021,20451
24022,7906
24023,20562
24024,23346
24025,17660
24026,22488
24027,21425
24028,2620
24029,4338
24030,20404
24031,12809
24032,12835
24033,5590
24034,5819
24035,29853
24036,5415
24037,14333
24038,8855
24039,796
24040,14343
24041,13028
24042,6992
24043,5384
24044,6213
24045,26522
24046,10071
24047,23112
24048,17599
24049,11013
24050,8176
24051,9190
24052,12557
24053,25020
24054,8457
24055,19638
24056,3218
24057,7199
24058,23280
24059,12741
24060,11028
24061,22219
24062,23606
24063,26425
24064,28653
24065,17170
24066,15842
24067,8820
24068,24288
24069,24812
24070,4414
24071,14466
24072,28780
24073,28039
24074,21817
24075,1464
24076,6849
24077,16722
24078,7430
24079,28010
24080,13518
24081,3997
24082,22280
24083,25950
24084,514
24085,23179
24086,9541
24087,10516
24088,1651
24089,17988
24090,27194
24091,4910
24092,19829
24093,685
24094,15987
24095,23514
24096,20651
24097,205
24098,16739
24099,29446
24100,19072
24101,12622
24102,9415
24103,13329
24104,13420
24105,6343
24106,5387
24107,3090
24108,29825
24109,5568
24110,16758
24111,29094
24112,9919
24113,22253
24114,9222
24115,9141
24116,12952
24117,28564
24118,25999
24119,11046
24120,24915
24121,6221
24122,17358
24123,10405
24124,24414
24125,10145
24126,21216
24127,17540
24128,9231
24129,26034
24130,10843
24131,22624
24132,27132
24133,1393
24134,24445
24135,22191
24136,21320
24137,2195
24138,28846
24139,7923
24140,11376
24141,13571
24142,27386
24143,1237
24144,7655
24145,17010
24146,27131
24147,4476
24148,12248
24149,17158
24150,4343
24151,12903
24152,27914
24153,4482
24154,19547
24155,25780
24156,28931
24157,6104
24158,3578
24159,16146
24160,5626
24161,4797
24162,8883
24163,27617
24164,24648
24165,1366
24166,21707
24167,16730
24168,4491
24169,23590
24170,15410
24171,13799
24172,21511
24173,2827
24174,13803
24175,26578
24176,25736
24177,13024
24178,29602
24179,526
24180,15147
24181,22069
24182,25485
24183,29214
24184,373
24185,3020
24186,3174
24187,27667
24188,27039
24189,20452
24190,20901
24191,18653
24192,15894
24193,21055
24194,22176
24195,16772
24196,8239
24197,6359
24198,14427
24199,27504
24200,3580
24201,530
24202,8130
24203,15101
24204,2998
24205,19166
24206,4925
24207,10088
24208,15165
24209,13787
24210,12582
24211,6416
24212,17992
24213,14181
24214,15836
24215,21767
24216,20519
24217,16287
24218,12220
24219,25779
24220,13385
24221,15176
24222,11806
24223,27258
24224,7673
24225,6391
24226,6757
24227,5204
24228,22791
24229,16438
24230,12931
24231,24824
24232,902
24233,15374
24234,23087
24235,16071
24236,15945
24237,23262
24238,27669
24239,2972
24240,28487
24241,29593
24242,9200
24243,16402
24244,9879
24245,28545
24246,29058
24247,3754
24248,12254
24249,5717
24250,20391
24251,20708
24252,5877
24253,4835
24254,13355
24255,17369
24256,205
24257,13347
24258,6585
24259,12911
24260,25848
24261,13375
24262,7099
24263,5705
24264,29404
24265,27945
24266,15018
24267,28035
24268,11649
24269,3059
24270,1121
24271,29760
24272,22804
24273,17051
24274,27075
24275,27961
24276,23855
24277,26456
24278,10203
24279,7769
24280,27817
24281,687
24282,18146
24283,8417
24284,9920
24285,26052
24286,19591
24287,13143
24288,14393
24289,27085
24290,15394
24291,22712
24292,16769
24293,6052
24294,29161
24295,13323
24296,2576
24297,16169
24298,8739
24299,3676
24300,18449
24301,12200
24302,4419
24303,24108
24304,217
24305,25942
24306,15359
24307,1025
24308,26001
24309,9299
24310,25696
24311,20876
24312,24184
24313,6482
24314,11804
24315,28656
24316,11351
24317,11419
24318,17593
24319,7518
24320,2514
24321,8877
24322,21327
24323,19806
24324,20403
24325,1037
24326,27585
24327,16622
24328,5050
24329,5551
24330,8608
24331,16967
24332,23938
24333,4992
24334,2495
24335,5521
24336,22955
24337,27545
24338,1356
24339,28213
24340,11343
24341,23521
24342,16810
24343,5904
24344,26986
24345,15738
24346,3647
24347,10840
24348,1735
24349,9594
24350,23795
24351,3165
24352,26439
24353,16369
24354,21260
24355,14333
24356,19696
24357,19882
24358,23537
24359,11765
24360,24236
24361,23443
24362,11932
24363,19927
24364,24856
24365,20250
24366,19740
24367,15083
24368,29211
24369,1856
24370,4850
24371,22483
24372,13258
24373,28559
24374,9918
24375,5754
24376,16775
24377,21348
24378,23474
24379,13305
24380,12504
24381,259
24382,23360
24383,16773
24384,13102
24385,17336
24386,24330
24387,2896
24388,2185
24389,5944
24390,4641
24391,10036
24392,10901
24393,18313
24394,26030
24395,929
24396,26111
24397,17042
24398,19883
24399,4874
24400,23065
24401,7056
24402,20431
24403,23332
24404,16659
24405,11607
24406,309
24407,28083
24408,12230
24409,28685
24410,24837
24411,7175
24412,29021
24413,2083
24414,27901
24415,12515
24416,20175
24417,28320
24418,18297
24419,29254
24420,14686
24421,22379
24422,7676
24423,23364
24424,15492
24425,24354
24426,26278
24427,22622
24428,6704
24429,24365
24430,3654
24431,24885
24432,5803
24433,6749
24434,5321
24435,7492
24436,595
24437,10824
24438,15740
24439,26592
24440,28841
24441,16906
24442,21908
24443,2034
24444,27556
24445,29668
24446,4931
24447,20140
24448,14031
24449,24783
24450,26348
24451,13031
24452,19269
24453,26235
24454,29993
24455,9214
24456,9611
24457,3100
24458,26272
24459,17451
24460,8640
24461,23087
24462,17851
24463,24014
24464,17320
24465,28569
24466,6701
24467,28458
24468,26557
24469,8082
24470,12272
24471,28249
24472,5486
24473,27149
24474,26692
24475,11757
24476,25127
24477,2318
24478,159
24479,22801
24480,15210
24481,9840
24482,18903
24483,15258
24484,28579
24485,27493
24486,7014
24487,13252
24488,7165
24489,27458
24490,2224
24491,24352
24492,755
24493,13795
24494,3977
24495,15898
24496,10789
24497,12548
24498,13428
24499,9351
24500,2939
24501,21654
24502,7348
24503,12654
24504,25037
24505,1958
24506,16120
24507,21863
24508,11476
24509,2529
24510,5892
24511,22008
24512,25897
24513,14822
24514,11029
24515,28377
24516,27055
24517,28366
24518,26927
24519,22690
24520,16512
24521,21404
24522,25175
24523,16404
24524,20482
24525,24534
24526,16551
24527,26779
24528,19253
24529,17299
24530,18393
24531,25594
24532,5113
24533,18501
24534,26662
24535,6246
24536,1656
24537,3661
24538,6213
24539,8136
24540,16683
24541,12093
24542,4955
24543,28948
24544,24623
24545,2354
24546,23475
24547,16469
24548,17542
24549,15113
24550,15912
24551,29290
24552,2003
24553,12697
24554,12555
24555,16353
24556,20779
24557,9211
24558,25112
24559,2951
24560,26227
24561,28998
24562,10221
24563,26834
24564,16598
24565,15240
24566,20912
24567,20976
24568,19381
24569,15862
24570,23654
24571,6800
24572,4971
24573,20586
24574,7447
24575,1352
24576,12644
24577,2154
24578,17843
24579,26504
24580,21070
24581,13334
24582,3279
24583,15143
24584,24243
24585,13481
24586,19589
24587,20364
24588,5142
24589,28043
24590,8748
24591,25196
24592,29617
24593,21606
24594,27051
24595,8349
24596,7855
24597,444
24598,15372
24599,25171
24600,22024
24601,29046
24602,18597
24603,20207
24604,19978
24605,29998
24606,15577
24607,885
24608,787
24609,1760
24610,2545
24611,29268
24612,19503
24613,9971
24614,19801
24615,27668
24616,1121
24617,12090
24618,1530
24619,19565
24620,4089
24621,13938
24622,11980
24623,10251
24624,18837
24625,28315
24626,16034
24627,16128
24628,11555
24629,28004
24630,11559
24631,12343
24632,13728
24633,20492
24634,21646
24635,18947
24636,18711
24637,10763
24638,8631
24639,12360
24640,21419
24641,7084
24642,9097
24643,19548
24644,4518
24645,29068
24646,13972
24647,11103
24648,11779
24649,15566
24650,29327
24651,8517
24652,4344
24653,2989
24654,6166
24655,1792
24656,18497
24657,14580
24658,3809
24659,12755
24660,887
24661,7925
24662,8652
24663,27550
24664,11161
24665,13289
24666,26503
24667,25303
24668,907
24669,12351
24670,22935
24671,3352
24672,22232
24673,10848
24674,2393
24675,25346
24676,1978
24677,16743
24678,18622
24679,24838
24680,14603
24681,13323
24682,11512
24683,26611
24684,26981
24685,21258
24686,7681
24687,26328
24688,12806
24689,15826
24690,4742
24691,29310
24692,12369
24693,26598
24694,24121
24695,20127
24696,26862
24697,19062
24698,10161
24699,8028
24700,22834
24701,8767
24702,24472
24703,2703
24704,26393
24705,2590
24706,11283
24707,2340
24708,5360
24709,4439
24710,8991
24711,22373
24712,14379
24713,25456
24714,2495
24715,4098
24716,1840
24717,510
24718,25190
24719,13158
24720,1930
24721,4112
24722,19527
24723,12136
24724,17891
24725,21528
24726,2443
24727,29123
24728,27095
24729,14748
24730,9797
24731,12030
24732,19549
24733,18165
24734,26550
24735,13042
24736,26898
24737,29866
24738,16601
24739,3588
24740,5432
24741,27706
24742,14048
24743,23427
24744,3154
24745,13572
24746,11833
24747,14870
24748,10374
24749,16049
24750,13641
24751,28499
24752,17252
24753,842
24754,20335
24755,19058
24756,3993
24757,20346
24758,23924
24759,2247
24760,1703
24761,23250
24762,24817
24763,11920
24764,13154
24765,15827
24766,5547
24767,23804
24768,26520
24769,7428
24770,15778
24771,23945
24772,7479
24773,7050
24774,22877
24775,15119
24776,11430
24777,21108
24778,29896
24779,21611
24780,23620
24781,21981
24782,21128
24783,23950
24784,1791
24785,18844
24786,20001
24787,19430
24788,7259
24789,18751
24790,1598
24791,23977
24792,920
24793,18751
24794,20477
24795,2404
24796,11630
24797,3491
24798,9729
24799,4080
24800,28655
24801,12978
24802,25882
24803,16928
24804,8439
24805,8228
24806,27970
24807,18400
24808,11939
24809,9509
24810,15707
24811,2449
24812,331
24813,5079
24814,27555
24815,3380
24816,26607
24817,5990
24818,17165
24819,15617
24820,4952
24821,9531
24822,27213
24823,28088
24824,11534
24825,1797
24826,21504
24827,16669
24828,3267
24829,4719
24830,6189
24831,18384
24832,19043
24833,20619
24834,19591
24835,6413
24836,22402
24837,7891
24838,5748
24839,9624
24840,27484
24841,16373
24842,6557
24843,4677
24844,29368
24845,6625
24846,5983
24847,29808
24848,19149
24849,23453
24850,26084
24851,4047
24852,20993
24853,8818
24854,1174
24855,10616
24856,17942
24857,28740
24858,8420
24859,10496
24860,24757
24861,11273
24862,25322
24863,14413
24864,12739
24865,17396
24866,23922
24867,23618
24868,23764
24869,7406
24870,1370
24871,16699
24872,21776
24873,14167
24874,24945
24875,13828
24876,17930
24877,22065
24878,14560
24879,29669
24880,9448
24881,11945
24882,24079
24883,19420
24884,3632
24885,26188
24886,21475
24887,6772
24888,21182
24889,24569
24890,26107
24891,3446
24892,924
24893,2035
24894,22401
24895,120
24896,3382
24897,16734
24898,20782
24899,3331
24900,16904
24901,6727
24902,10912
24903,13260
24904,14692
24905,10431
24906,24237
24907,16654
24908,6688
24909,13926
24910,21768
24911,10373
24912,29107
24913,24224
24914,9556
24915,20973
24916,26753
24917,21254
24918,15128
24919,6094
24920,16141
24921,8556
24922,3996
24923,8063
24924,10042
24925,9410
24926,19928
24927,13100
24928,11890
24929,12722
24930,14403
24931,27274
24932,5902
24933,17888
24934,27863
24935,7780
24936,27968
24937,22048
24938,4664
24939,26318
24940,26984
24941,27219
24942,28750
24943,6801
24944,18526
24945,10401
24946,6797
24947,21129
24948,26392
24949,13888
24950,13755
24951,23294
24952,27394
24953,13632
24954,22435
24955,18355
24956,24404
24957,20078
24958,18442
24959,1653
24960,9650
24961,17097
24962,21663
24963,4926
24964,20541
24965,18576
24966,14863
24967,21097
24968,16888
24969,1364
24970,404
24971,20335
24972,3986
24973,6472
24974,15005
24975,4621
24976,23374
24977,9011
24978,7462
24979,893
24980,23742
24981,27821
24982,12639
24983,2135
24984,26920
24985,18032
24986,29833
24987,7827
24988,27980
24989,10142
24990,3621
24991,1821
24992,24791
24993,751
24994,5385
24995,20441
24996,22410
24997,14963
24998,14523
24999,10470
25000,26828
25001,24754
25002,13344
25003,22164
25004,18929
25005,3794
25006,19381
25007,18415
25008,5746
25009,27273
25010,3905
25011,5232
25012,822
25013,7877
25014,15157
25015,11587
25016,25940
25017,12276
25018,19647
25019,11992
25020,12797
25021,15188
25022,11592
25023,314
25024,8648
25025,15908
25026,23074
25027,29044
25028,6771
25029,15624
25030,14546
25031,17963
25032,8177
25033,26859
25034,1358
25035,8765
25036,15247
25037,20369
25038,3514
25039,14295
25040,26096
25041,10877
25042,9900
25043,12379
25044,24913
25045,25445
25046,27511
25047,22786
25048,7685
25049,14867
25050,4576
25051,25704
25052,21084
25053,4882
25054,3010
25055,23777
25056,8407
25057,25413
25058,1023
25059,14242
25060,1746
25061,26935
25062,2917
25063,16547
25064,5239
25065,432
25066,21320
25067,9059
25068,27170
25069,12843
25070,14680
25071,21496
25072,11307
25073,14844
25074,2678
25075,19247
25076,12536
25077,25226
25078,19109
25079,5005
25080,21919
25081,5621
25082,18231
25083,21676
25084,25908
25085,18955
25086,14135
25087,21930
25088,3575
25089,13534
25090,16167
25091,13960
25092,26946
25093,15215
25094,3345
25095,12769
25096,24808
25097,1911
25098,27150
25099,16871
25100,17247
25101,23828
25102,19171
25103,20877
25104,11663
25105,15028
25106,25897
25107,18839
25108,20225
25109,8034
25110,29035
25111,2624
25112,14639
25113,24650
25114,15640
25115,9880
25116,3321
25117,4640
25118,7045
25119,5588
25120,4905
25121,12897
25122,23219
25123,8322
25124,21825
25125,28030
25126,7282
25127,15759
25128,11315
25129,6167
25130,17960
25131,15561
25132,13297
25133,14655
25134,14824
25135,13380
25136,27678
25137,7374
25138,19332
25139,3644
25140,17715
25141,6820
25142,8266
25143,13657
25144,10003
25145,28789
25146,20868
25147,25141
25148,29880
25149,26630
25150,944
25151,24518
25152,5146
25153,25749
25154,27656
25155,15691
25156,22975
25157,29006
25158,12397
25159,2436
25160,13095
25161,10672
25162,15018
25163,27634
25164,1996
25165,1583
25166,20535
25167,915
25168,2169
25169,29760
25170,23764
25171,27294
25172,173
25173,17255
25174,26015
25175,29427
25176,738
25177,9091
25178,295
25179,29976
25180,15257
25181,12711
25182,26860
25183,24542
25184,1782
25185,9931
25186,10827
25187,20681
25188,29395
25189,29931
25190,28730
25191,17640
25192,4741
25193,4856
25194,10279
25195,15106
25196,1736
25197,7330
25198,18118
25199,26816
25200,18073
25201,5666
25202,4780
25203,3840
25204,9474
25205,4583
25206,25743
25207,12599
25208,4119
25209,19099
25210,28011
25211,19781
25212,3993
25213,25702
25214,26611
25215,12629
25216,22565
25217,15942
25218,26808
25219,5742
25220,12533
25221,11729
25222,3707
25223,21846
25224,5003
25225,26523
25226,17898
25227,8556
25228,4297
25229,11889
25230,17671
25231,10353
25232,19048
25233,27283
25234,1590
25235,26919
25236,4265
25237,28918
25238,4224
25239,18110
25240,2732
25241,17064
25242,12824
25243,28271
25244,2154
25245,15397
25246,14926
25247,8650
25248,17936
25249,10990
25250,20919
25251,20454
25252,2526
25253,19841
25254,20022
25255,1152
25256,2307
25257,8532
25258,13012
25259,7474
25260,24248
25261,29222
25262,26846
25263,22295
25264,20658
25265,14343
25266,19309
25267,20969
25268,19549
25269,22297
25270,22526
25271,29721
25272,20274
25273,26574
25274,5745
25275,24622
25276,21885
25277,24327
25278,19419
25279,25252
25280,4549
25281,24328
25282,14882
25283,16097
25284,10752
25285,23377
25286,7602
25287,2099
25288,23744
25289,17325
25290,12757
25291,11502
25292,20578
25293,29334
25294,8084
25295,28718
25296,25574
25297,6378
25298,23016
25299,26091
25300,12662
25301,2672
25302,19474
25303,9510
25304,8881
25305,3603
25306,29368
25307,22895
25308,17612
25309,6357
25310,14731
25311,1817
25312,17066
25313,4415
25314,29976
25315,18464
25316,17472
25317,9110
25318,12036
25319,786
25320,26065
25321,26023
25322,10142
25323,19039
25324,14479
25325,5110
25326,10223
25327,13445
25328,13476
25329,12461
25330,14425
25331,8944
25332,27119
25333,27263
25334,19701
25335,14451
25336,26884
25337,23161
25338,22210
25339,5965
25340,25901
25341,8752
25342,18415
25343,9434
25344,11818
25345,27795
25346,10786
25347,24283
25348,11584
25349,3537
25350,5697
25351,29810
25352,6980
25353,28998
25354,17384
25355,25135
25356,11476
25357,4482
25358,9579
25359,20092
25360,1397
25361,8405
25362,28636
25363,25497
25364,5323
25365,9737
25366,27083
25367,5979
25368,15390
25369,5531
25370,15127
25371,2953
25372,26388
25373,575
25374,17012
25375,5113
25376,18514
25377,13323
25378,18260
25379,4141
25380,7432
25381,24280
25382,12439
25383,15309
25384,24157
25385,10242
25386,4500
25387,22089
25388,1483
25389,24546
25390,16841
25391,422
25392,11654
25393,3833
25394,26553
25395,24173
25396,1938
25397,15778
25398,7586
25399,12933
25400,1418
25401,19578
25402,7259
25403,25888
25404,16187
25405,27902
25406,9728
25407,29854
25408,5747
25409,15512
25410,19293
25411,998
25412,14406
25413,8169
25414,21010
25415,19629
25416,29913
25417,3811
25418,4164
25419,4705
25420,11916
25421,22139
25422,6445
25423,16200
25424,17743
25425,6604
25426,27431
25427,21156
25428,17860
25429,27527
25430,19952
25431,14178
25432,13823
25433,19225
25434,26905
25435,10670
25436,414
25437,29681
25438,26651
25439,8103
25440,26155
25441,26866
25442,7924
25443,26235
25444,2239
25445,28861
25446,18889
25447,21009
25448,20194
25449,20841
25450,2270
25451,13482
25452,165
25453,8189
25454,10929
25455,3540
25456,18509
25457,24481
25458,10036
25459,6903
25460,26008
25461,16277
25462,5802
25463,5234
25464,11869
25465,2539
25466,3481
25467,26158
25468,15825
25469,29356
25470,18818
25471,16580
25472,7934
25473,13109
25474,9158
25475,13919
25476,13493
25477,26623
25478,20238
25479,6514
25480,23733
25481,8507
25482,22596
25483,18337
25484,21277
25485,19667
25486,10698
25487,13281
25488,14953
25489,488
25490,8768
25491,18584
25492,21104
25493,1324
25494,4917
25495,5361
25496,4088
25497,9420
25498,27056
25499,27856
25500,28965
25501,7835
25502,24023
25503,6144
25504,5826
25505,20617
25506,20606
25507,10393
25508,12589
25509,3297
25510,26899
25511,22720
25512,1827
25513,5004
25514,7799
25515,18463
25516,3033
25517,527
25518,8535
25519,28298
25520,957
25521,15615
25522,29262
25523,15674
25524,14558
25525,21018
25526,9540
25527,20188
25528,11333
25529,13477
25530,16577
25531,19376
25532,2224
25533,26999
25534,15154
25535,21335
25536,21976
25537,6081
25538,27600
25539,17494
25540,26836
25541,10778
25542,13125
25543,11984
25544,6305
25545,26305
25546,12258
25547,28823
25548,24970
25549,16733
25550,27897
25551,11677
25552,13056
25553,7430
25554,3411
25555,19176
25556,13858
25557,15895
25558,24925
25559,15240
25560,10730
25561,22807
25562,3497
25563,3635
25564,18306
25565,20042
25566,12701
25567,15631
25568,27116
25569,16814
25570,18682
25571,16560
25572,28397
25573,14339
25574,15663
25575,27006
25576,11650
25577,17744
25578,18222
25579,7717
25580,14290
25581,16153
25582,7606
25583,25963
25584,12980
25585,12339
25586,25451
25587,7277
25588,7703
25589,15302
25590,29241
25591,6296
25592,3142
25593,22613
25594,4470
25595,15617
25596,8586
25597,25363
25598,25705
25599,17077
25600,8490
25601,3158
25602,29322
25603,14914
25604,11021
25605,27169
25606,11615
25607,23781
25608,11257
25609,1621
25610,23455
25611,4291
25612,20885
25613,19799
25614,16190
25615,3407
25616,16521
25617,21526
25618,369
25619,22077
25620,9713
25621,11689
25622,19544
25623,10295
25624,22468
25625,16787
25626,3075
25627,653
25628,19975
25629,9280
25630,28573
25631,21920
25632,3681
25633,21278
25634,20376
25635,11129
25636,14426
25637,6648
25638,27696
25639,6117
25640,26672
25641,6259
25642,25574
25643,1306
25644,22364
25645,17557
25646,17738
25647,27483
25648,27157
25649,28207
25650,13436
25651,20675
25652,16332
25653,21717
25654,27856
25655,4995
25656,19579
25657,13726
25658,6747
25659,24966
25660,19331
25661,20772
25662,28924
25663,2066
25664,24637
25665,19702
25666,5010
25667,6034
25668,27118
25669,29327
25670,20725
25671,9508
25672,12653
25673,11386
25674,27960
25675,636
25676,12263
25677,8346
25678,26995
25679,17469
25680,29984
25681,21971
25682,8164
25683,29382
25684,19320
25685,7508
25686,22087
25687,7713
25688,18126
25689,24972
25690,19569
25691,24981
25692,28639
25693,29219
25694,8613
25695,16086
25696,7837
25697,6385
25698,2896
25699,16554
25700,23743
25701,25934
25702,24889
25703,25871
25704,20678
25705,6978
25706,13043
25707,16819
25708,26898
25709,2000
25710,26773
25711,21922
25712,21111
25713,10591
25714,19953
25715,5494
25716,21130
25717,26303
25718,1293
25719,12830
25720,29976
25721,22080
25722,8756
25723,9325
25724,24264
25725,15718
25726,25201
25727,15980
25728,10823
25729,24773
25730,1705
25731,17809
25732,24374
25733,7401
25734,14745
25735,26286
25736,11613
25737,17595
25738,9089
25739,11197
25740,1407
25741,7141
25742,2465
25743,17776
25744,609
25745,9480
25746,26746
25747,7130
25748,27239
25749,3967
25750,26856
25751,14649
25752,27693
25753,5752
25754,17999
25755,3507
25756,2247
25757,23870
25758,6786
25759,6598
25760,1797
25761,493
25762,25881
25763,27463
25764,14788
25765,11147
25766,7483
25767,28007
25768,26827
25769,3953
25770,7267
25771,25878
25772,14744
25773,24320
25774,12640
25775,5381
25776,6319
25777,511
25778,16974
25779,18797
25780,19946
25781,18504
25782,24912
25783,18907
25784,1792
25785,25946
25786,10522
25787,12939
25788,7529
25789,27393
25790,16082
25791,6118
25792,22429
25793,26286
25794,21866
25795,19752
25796,28184
25797,28106
25798,901
25799,25411
25800,14924
25801,21830
25802,3923
25803,28707
25804,2257
25805,19442
25806,28671
25807,14279
25808,12140
25809,333
25810,6915
25811,13353
25812,11592
25813,1061
25814,18584
25815,13369
25816,1548
25817,27171
25818,15588
25819,28604
25820,6303
25821,7049
25822,28829
25823,3719
25824,17920
25825,10195
25826,640
25827,11557
25828,12003
25829,27443
25830,26647
25831,3419
25832,5882
25833,19776
25834,13950
25835,28545
25836,5561
25837,6998
25838,22920
25839,1992
25840,15364
25841,21158
25842,6020
25843,27960
25844,20677
25845,20838
25846,22060
25847,20045
25848,24741
25849,27499
25850,28636
25851,23688
25852,4285
25853,14985
25854,19959
25855,10556
25856,5669
25857,2242
25858,7571
25859,16338
25860,10377
25861,10466
25862,21757
25863,26690
25864,24497
25865,10548
25866,29163
25867,18954
25868,23189
25869,23864
25870,3567
25871,13128
25872,17936
25873,18944
25874,6347
25875,7685
25876,24280
25877,26061
25878,6516
25879,14196
25880,11940
25881,21400
25882,7555
25883,4734
25884,28409
25885,9304
25886,7983
25887,16611
25888,23846
25889,13853
25890,25240
25891,5248
25892,18176
25893,4623
25894,7799
25895,21364
25896,3896
25897,4607
25898,1474
25899,13145
25900,19702
25901,28663
25902,27128
25903,20360
25904,18928
25905,6438
25906,6790
25907,26562
25908,15378
25909,28787
25910,14746
25911,26001
25912,19361
25913,13122
25914,24567
25915,9270
25916,29096
25917,2031
25918,21562
25919,23761
25920,12010
25921,19854
25922,21125
25923,9428
25924,28546
25925,16617
25926,19061
25927,3463
25928,19549
25929,11029
25930,10249
25931,8752
25932,13936
25933,19835
25934,5629
25935,26524
25936,15663
25937,5354
25938,16823
25939,5760
25940,24882
25941,6917
25942,21898
25943,7367
25944,22839
25945,18866
25946,26140
25947,14530
25948,19138
25949,25542
25950,591
25951,7828
25952,6230
25953,23769
25954,6051
25955,14911
25956,3308
25957,17895
25958,1166
25959,26464
25960,6898
25961,26891
25962,14782
25963,9817
25964,27148
25965,14499
25966,24380
25967,14143
25968,29434
25969,24358
25970,18040
25971,2291
25972,9285
25973,8926
25974,12001
25975,16136
25976,18254
25977,12238
25978,23092
25979,5786
25980,27946
25981,21904
25982,13695
25983,10024
25984,28087
25985,26014
25986,1724
25987,29796
25988,4399
25989,5678
25990,19409
25991,23235
25992,1381
25993,2322
25994,10906
25995,19845
25996,9132
25997,15717
25998,13812
25999,8526
26000,19904
26001,9012
26002,12521
26003,7349
26004,5585
26005,22597
26006,26861
26007,29707
26008,24750
26009,11418
26010,2147
26011,3390
26012,649
26013,22456
26014,1511
26015,2516
26016,967
26017,24885
26018,29297
26019,24372
26020,993
26021,8717
26022,18212
26023,27740
26024,2473
26025,29998
26026,27162
26027,21284
26028,12070
26029,10136
26030,13718
26031,367
26032,2476
26033,10223
26034,22459
26035,6052
26036,15892
26037,18801
26038,20672
26039,15793
26040,7963
26041,11451
26042,8222
26043,19616
26044,15748
26045,791
26046,27693
26047,20023
26048,1911
26049,29632
26050,11822
26051,8787
26052,19775
26053,14829
26054,28233
26055,24667
26056,25367
26057,13156
26058,21697
26059,16857
26060,15877
26061,8759
26062,8535
26063,6191
26064,22653
26065,26255
26066,16876
26067,26927
26068,12851
26069,4255
26070,13239
26071,20610
26072,25963
26073,21472
26074,12126
26075,6540
26076,13535
26077,11348
26078,2880
26079,3611
26080,21420
26081,1189
26082,17855
26083,26227
26084,8248
26085,19170
26086,15577
26087,7268
26088,14420
26089,3756
26090,19651
26091,8800
26092,7578
26093,617
26094,943
26095,6130
26096,9424
26097,27821
26098,18019
26099,25277
26100,3913
26101,10352
26102,8497
26103,2859
26104,9272
26105,14392
26106,7362
26107,22950
26108,15068
26109,1865
26110,11581
26111,22983
26112,7090
26113,27115
26114,23876
26115,24360
26116,483
26117,3802
26118,7553
26119,28428
26120,21812
26121,12043
26122,138
26123,3892
26124,9830
26125,7862
26126,12424
26127,2827
26128,27783
26129,29925
26130,10847
26131,12475
26132,16560
26133,16356
26134,3068
26135,27321
26136,28609
26137,6968
26138,4981
26139,28173
26140,26410
26141,10709
26142,28942
26143,643
26144,474
26145,25022
26146,5264
26147,18844
26148,26206
26149,20344
26150,19196
26151,12689
26152,15262
26153,9559
26154,7184
26155,27244
26156,19857
26157,29471
26158,7200
26159,10138
26160,8418
26161,13178
26162,12733
26163,20463
26164,2816
26165,22953
26166,22285
26167,23414
26168,26540
26169,21163
26170,24748
26171,13854
26172,3311
26173,26098
26174,9715
26175,29561
26176,17101
26177,1147
26178,15651
26179,22250
26180,11237
26181,2252
26182,1948
26183,20137
26184,26374
26185,3899
26186,29676
26187,14105
26188,28657
26189,24051
26190,970
26191,174
26192,21908
26193,12160
26194,5958
26195,28982
26196,12614
26197,18752
26198,27226
26199,25280
26200,21364
26201,20153
26202,12725
26203,11354
26204,27534
26205,22422
26206,22631
26207,10879
26208,16595
26209,11328
26210,8950
26211,8837
26212,29168
26213,20222
26214,17683
26215,4058
26216,924
26217,12642
26218,12703
26219,26965
26220,7455
26221,198
26222,17966
26223,17409
26224,19400
26225,24885
26226,18395
26227,7572
26228,18557
26229,12887
26230,291
26231,11925
26232,11335
26233,26891
26234,23885
26235,21472
26236,20327
26237,28275
26238,972
26239,12122
26240,26690
26241,10078
26242,20469
26243,11497
26244,1006
26245,22123
26246,28510
26247,3554
26248,24557
26249,26480
26250,10497
26251,28453
26252,9888
26253,18205
26254,9185
26255,23187
26256,12312
26257,2341
26258,3962
26259,11397
26260,13744
26261,3096
26262,4692
26263,15978
26264,19099
26265,912
26266,13022
26267,3926
26268,13847
26269,13896
26270,11835
26271,4669
26272,7061
26273,14044
26274,14568
26275,3512
26276,26482
26277,2573
26278,16315
26279,5041
26280,23524
26281,10084
26282,23852
26283,3762
26284,14346
26285,26307
26286,27258
26287,1485
26288,13053
26289,22272
26290,8101
26291,620
26292,23703
26293,17161
26294,665
26295,22413
26296,26453
26297,476
26298,2738
26299,12446
26300,6301
26301,21808
26302,9417
26303,15119
26304,22618
26305,7240
26306,6485
26307,1116
26308,14325
26309,2606
26310,13083
26311,8961
26312,6154
26313,29935
26314,6246
26315,22901
26316,29388
26317,26249
26318,24231
26319,8569
26320,27626
26321,21311
26322,8700
26323,24193
26324,22726
26325,6520
26326,7567
26327,17751
26328,2895
26329,10507
26330,21100
26331,758
26332,7131
26333,19174
26334,22996
26335,9857
26336,2484
26337,10042
26338,2825
26339,24778
26340,19897
26341,26506
26342,16219
26343,24784
26344,10478
26345,27333
26346,12822
26347,19351
26348,3713
26349,10197
26350,8063
26351,24436
26352,17900
26353,14022
26354,6785
26355,27526
26356,7059
26357,3373
26358,24952
26359,16368
26360,11515
26361,5345
26362,24232
26363,4105
26364,5898
26365,29316
26366,10012
26367,20161
26368,22166
26369,1408
26370,1365
26371,26152
26372,11922
26373,1129
26374,20018
26375,16569
26376,11407
26377,27578
26378,20700
26379,14419
26380,26926
26381,7165
26382,13348
26383,6118
26384,20710
26385,369
26386,6622
26387,27529
26388,24714
26389,2410
26390,19910
26391,2536
26392,20738
26393,28172
26394,3250
26395,17432
26396,27097
26397,9491
26398,3486
26399,21563
26400,5141
26401,15193
26402,6511
26403,16168
26404,12454
26405,14030
26406,10265
26407,4635
26408,9640
26409,22276
26410,14068
26411,27580
26412,27977
26413,20148
26414,28179
26415,560
26416,2794
26417,11918
26418,23179
26419,9598
26420,14055
26421,3176
26422,26028
26423,19401
26424,620
26425,16322
26426,26578
26427,22881
26428,6007
26429,4065
26430,24553
26431,26938
26432,15079
26433,3272
26434,13687
26435,15651
26436,11998
26437,26002
26438,1479
26439,2864
26440,16282
26441,26322
26442,23643
26443,21841
26444,21936
26445,12018
26446,24363
26447,16568
26448,24006
26449,798
26450,6497
26451,15063
26452,1301
26453,23778
26454,29765
26455,13670
26456,8595
26457,29194
26458,14458
26459,9321
26460,26038
26461,28637
26462,8702
26463,5536
26464,8859
26465,2900
26466,3235
26467,9662
26468,1549
26469,9372
26470,4782
26471,10226
26472,13864
26473,8222
26474,11789
26475,6419
26476,28620
26477,3376
26478,17082
26479,16466
26480,1936
26481,7391
26482,21271
26483,12150
26484,16474
26485,4689
26486,29013
26487,26862
26488,8385
26489,29668
26490,13919
26491,1515
26492,6580
26493,27063
26494,9269
26495,20190
26496,11484
26497,26882
26498,5231
26499,27803
26500,5293
26501,29470
26502,10807
26503,892
26504,10571
26505,28224
26506,22026
26507,22124
26508,12981
26509,26327
26510,3278
26511,5773
26512,5022
26513,10491
26514,22050
26515,17130
26516,15171
26517,21325
26518,10709
26519,16126
26520,18735
26521,19855
26522,7579
26523,14821
26524,26560
26525,18865
26526,19813
26527,16112
26528,12585
26529,493
26530,11055
26531,17233
26532,13272
26533,29626
26534,24929
26535,25356
26536,23671
26537,11294
26538,25032
26539,10346
26540,25769
26541,21189
26542,9781
26543,13179
26544,16377
26545,14337
26546,10860
26547,27987
26548,18183
26549,6875
26550,24660
26551,17897
26552,25466
26553,5719
26554,646
26555,21259
26556,18765
26557,13609
26558,14924
26559,25516
26560,29594
26561,3005
26562,2956
26563,9185
26564,28485
26565,15726
26566,18758
26567,22662
26568,11420
26569,27313
26570,19293
26571,7705
26572,575
26573,8547
26574,3848
26575,28649
26576,8069
26577,23608
26578,18871
26579,1259
26580,26334
26581,18453
26582,12103
26583,4794
26584,5264
26585,17853
26586,26196
26587,7521
26588,11899
26589,12325
26590,20321
26591,15767
26592,15869
26593,24665
26594,26858
26595,13378
26596,16679
26597,24853
26598,14138
26599,8182
26600,17897
26601,22800
26602,19799
26603,22840
26604,1094
26605,16086
26606,11192
26607,24490
26608,20668
26609,12109
26610,6795
26611,3766
26612,16299
26613,19355
26614,1856
26615,10123
26616,7438
26617,3760
26618,22400
26619,27553
26620,12145
26621,654
26622,14789
26623,1747
26624,7371
26625,14582
26626,453
26627,16802
26628,28380
26629,3627
26630,16080
26631,8712
26632,3504
26633,21247
26634,20051
26635,16999
26636,860
26637,3745
26638,15558
26639,16416
26640,4335
26641,5734
26642,16067
26643,8368
26644,25899
26645,4870
26646,29732
26647,22181
26648,4093
26649,16556
26650,11910
26651,10053
26652,7832
26653,22395
26654,14282
26655,5847
26656,5980
26657,19532
26658,19028
26659,17721
26660,19925
26661,24398
26662,17904
26663,20663
26664,23832
26665,8909
26666,16696
26667,29528
26668,3254
26669,29285
26670,4540
26671,7129
26672,23192
26673,6195
26674,25908
26675,27275
26676,27968
26677,14758
26678,6005
26679,3112
26680,13790
26681,28831
26682,8914
26683,997
26684,13567
26685,7255
26686,25293
26687,2879
26688,9566
26689,12623
26690,10178
26691,22967
26692,15801
26693,8329
26694,29263
26695,6960
26696,27534
26697,9679
26698,15400
26699,5901
26700,6371
26701,6923
26702,4570
26703,4848
26704,11519
26705,18688
26706,4045
26707,16021
26708,4015
26709,11796
26710,7394
26711,18415
26712,11871
26713,19518
26714,1031
26715,20720
26716,28463
26717,22766
26718,26627
26719,4998
26720,9930
26721,22485
26722,5298
26723,7446
26724,23357
26725,6891
26726,17876
26727,14197
26728,14522
26729,24745
26730,26840
26731,15764
26732,839
26733,14618
26734,18397
26735,26433
26736,17726
26737,13635
26738,5397
26739,17450
26740,20490
26741,23910
26742,28917
26743,5301
26744,10722
26745,29323
26746,24079
26747,16011
26748,12250
26749,24043
26750,19202
26751,6810
26752,2411
26753,26699
26754,27849
26755,5120
26756,1604
26757,8153
26758,16606
26759,2008
26760,22642
26761,22290
26762,7989
26763,16743
26764,1935
26765,4333
26766,18713
26767,7188
26768,15565
26769,4399
26770,6637
26771,26812
26772,18381
26773,13707
26774,8574
26775,3064
26776,6991
26777,21487
26778,12301
26779,10008
26780,27525
26781,14146
26782,14574
26783,23994
26784,12506
26785,19466
26786,29502
26787,10584
26788,9976
26789,29268
26790,4982
26791,12714
26792,4515
26793,3147
26794,27501
26795,17155
26796,28969
26797,23597
26798,18997
26799,9328
26800,16739
26801,4625
26802,10107
26803,3196
26804,12829
26805,9278
26806,9897
26807,20604
26808,7599
26809,28004
26810,28418
26811,3361
26812,12713
26813,12696
26814,1836
26815,19754
26816,28547
26817,25889
26818,4927
26819,16313
26820,133
26821,3612
26822,5399
26823,10515
26824,28870
26825,27144
26826,14189
26827,24848
26828,22754
26829,4197
26830,24944
26831,12996
26832,18333
26833,7498
26834,3952
26835,26484
26836,13204
26837,24334
26838,21776
26839,28404
26840,25060
26841,16426
26842,18743
26843,28475
26844,7893
26845,18619
26846,24029
26847,22309
26848,26700
26849,9412
26850,16460
26851,4728
26852,3597
26853,10294
26854,129
26855,17174
26856,1095
26857,4070
26858,1044
26859,4199
26860,7878
26861,17811
26862,27869
26863,1382
26864,832
26865,23450
26866,6121
26867,10065
26868,12275
26869,1679
26870,9620
26871,21463
26872,3750
26873,16121
26874,3128
26875,16688
26876,12791
26877,14195
26878,2906
26879,14022
26880,22588
26881,13881
26882,11010
26883,23228
26884,8535
26885,1634
26886,1399
26887,3133
26888,10059
26889,4941
26890,4318
26891,2083
26892,29175
26893,22458
26894,21077
26895,12281
26896,27830
26897,27474
26898,10430
26899,25423
26900,14195
26901,11966
26902,16576
26903,9834
26904,2484
26905,2278
26906,17153
26907,1057
26908,14584
26909,10523
26910,9533
26911,8660
26912,23543
26913,26162
26914,28354
26915,17685
26916,18675
26917,7328
26918,13842
26919,18613
26920,21277
26921,16762
26922,23942
26923,7926
26924,20640
26925,4123
26926,1869
26927,18352
26928,5347
26929,7620
26930,22661
26931,18431
26932,2483
26933,13985
26934,16029
26935,19247
26936,5103
26937,11327
26938,28513
26939,14517
26940,3697
26941,3355
26942,27289
26943,7275
26944,7232
26945,10133
26946,18553
26947,27305
26948,1326
26949,12147
26950,13652
26951,17896
26952,300
26953,6312
26954,24052
26955,18244
26956,6546
26957,29705
26958,20251
26959,16946
26960,21851
26961,14546
26962,17914
26963,9812
26964,9600
26965,23613
26966,21071
26967,7259
26968,9721
26969,16857
26970,12089
26971,24346
26972,11482
26973,23058
26974,1031
26975,6312
26976,12499
26977,1134
26978,20395
26979,4966
26980,2580
26981,19901
26982,26566
26983,17965
26984,7233
26985,20178
26986,13592
26987,28452
26988,12559
26989,17519
26990,21088
26991,19465
26992,9904
26993,11696
26994,13332
26995,12238
26996,25234
26997,5747
26998,7046
26999,28439
27000,11061
27001,11514
27002,28102
27003,8790
27004,15247
27005,13372
27006,22411
27007,1281
27008,463
27009,28563
27010,26461
27011,22445
27012,7501
27013,20584
27014,29558
27015,12604
27016,18118
27017,4329
27018,4319
27019,8541
27020,27738
27021,21283
27022,4471
27023,6078
27024,10078
27025,16171
27026,14542
27027,7082
27028,8173
27029,21872
27030,3482
27031,23133
27032,7377
27033,3689
27034,13625
27035,12468
27036,10026
27037,5693
27038,20058
27039,3406
27040,9581
27041,20236
27042,26121
27043,4054
27044,5348
27045,6886
27046,4052
27047,348
27048,11228
27049,879
27050,22959
27051,4384
27052,12157
27053,12613
27054,293
27055,29885
27056,24213
27057,13682
27058,11459
27059,25799
27060,19093
27061,3998
27062,2950
27063,21129
27064,12372
27065,22841
27066,15905
27067,16316
27068,29217
27069,10192
27070,7345
27071,15929
27072,25252
27073,28954
27074,28227
27075,25448
27076,13671
27077,8203
27078,16154
27079,17084
27080,10909
27081,12619
27082,10692
27083,19659
27084,29007
27085,6366
27086,14451
27087,13937
27088,2203
27089,16466
27090,10142
27091,19362
27092,15846
27093,2925
27094,26195
27095,25056
27096,21081
27097,29638
27098,19245
27099,22079
27100,25120
27101,21432
27102,1190
27103,14480
27104,4270
27105,20572
27106,3869
27107,11786
27108,3910
27109,22963
27110,12175
27111,11148
27112,23370
27113,4837
27114,19334
27115,17688
27116,2291
27117,13653
27118,19954
27119,2950
27120,3825
27121,16700
27122,12849
27123,23349
27124,3894
27125,16776
27126,708
27127,26363
27128,4726
27129,26355
27130,24538
27131,21785
27132,16205
27133,7710
27134,21318
27135,11043
27136,26595
27137,20777
27138,9244
27139,11902
27140,11372
27141,11190
27142,8797
27143,28157
27144,23542
27145,9981
27146,3807
27147,9796
27148,15160
27149,8640
27150,712
27151,13811
27152,18575
27153,17767
27154,7101
27155,11334
27156,6630
27157,15321
27158,15296
27159,12331
27160,25958
27161,14815
27162,6512
27163,4657
27164,21252
27165,26220
27166,13778
27167,16195
27168,17237
27169,24019
27170,15258
27171,11325
27172,22482
27173,15848
27174,17284
27175,14388
27176,21641
27177,22684
27178,9018
27179,23372
27180,1395
27181,7461
27182,23150
27183,11253
27184,3751
27185,5061
27186,10257
27187,14142
27188,11907
27189,17247
27190,2745
27191,11631
27192,6320
27193,10172
27194,3145
27195,18969
27196,11410
27197,6965
27198,13898
27199,17131
27200,3937
27201,20585
27202,6794
27203,2336
27204,23494
27205,12296
27206,19689
27207,6465
27208,13980
27209,28549
27210,25835
27211,837
27212,2394
27213,8777
27214,22144
27215,20268
27216,411
27217,7782
27218,27141
27219,26254
27220,27669
27221,29274
27222,7845
27223,20320
27224,12765
27225,13274
27226,20126
27227,27141
27228,9267
27229,26078
27230,28643
27231,12317
27232,23887
27233,18773
27234,14240
27235,25868
27236,4690
27237,1037
27238,28239
27239,27764
27240,28124
27241,25813
27242,1594
27243,10482
27244,17494
27245,18025
27246,21152
27247,14556
27248,29984
27249,22114
27250,17987
27251,20876
27252,5470
27253,12425
27254,3090
27255,100
27256,12364
27257,28358
27258,3492
27259,3921
27260,7676
27261,7511
27262,24737
27263,20174
27264,7640
27265,3885
27266,8353
27267,8710
27268,15754
27269,9378
27270,21828
27271,13254
27272,20618
27273,1751
27274,8659
27275,4040
27276,25963
27277,452
27278,26086
27279,6203
27280,26722
27281,20369
27282,22661
27283,10037
27284,22913
27285,11202
27286,20411
27287,25218
27288,16577
27289,360
27290,28309
27291,28330
27292,16461
27293,15036
27294,16711
27295,22457
27296,17150
27297,16237
27298,8365
27299,25794
27300,5201
27301,10871
27302,945
27303,10024
27304,21173
27305,23475
27306,19256
27307,21594
27308,25288
27309,25585
27310,29282
27311,18298
27312,28641
27313,7423
27314,13706
27315,20223
27316,8704
27317,351
27318,16219
27319,8421
27320,1853
27321,24659
27322,17756
27323,6822
27324,22939
27325,18745
27326,24104
27327,621
27328,15898
27329,25398
27330,28983
27331,16180
27332,20423
27333,12733
27334,14134
27335,3127
27336,3973
27337,22081
27338,3110
27339,28362
27340,29001
27341,4614
27342,13347
27343,5839
27344,17784
27345,29997
27346,26522
27347,9571
27348,29011
27349,23200
27350,11245
27351,18010
27352,22355
27353,6668
27354,5862
27355,7579
27356,4285
27357,12962
27358,3467
27359,169
27360,28934
27361,5217
27362,9935
27363,16120
27364,1873
27365,27421
27366,29581
27367,1590
27368,11496
27369,25449
27370,17815
27371,6773
27372,5443
27373,24287
27374,17786
27375,4841
27376,15119
27377,6605
27378,19653
27379,19057
27380,2613
27381,21727
27382,20376
27383,26885
27384,24365
27385,2620
27386,11373
27387,11491
27388,10838
27389,7106
27390,5860
27391,9220
27392,374
27393,10047
27394,8433
27395,397
27396,21263
27397,12419
27398,10736
27399,14343
27400,28068
27401,2508
27402,9888
27403,26603
27404,7065
27405,28347
27406,22499
27407,18935
27408,26730
27409,642
27410,16418
27411,16409
27412,429
27413,4804
27414,24062
27415,23345
27416,21215
27417,14543
27418,19757
27419,2662
27420,18601
27421,8062
27422,18151
27423,29742
27424,8810
27425,14846
27426,7613
27427,7651
27428,19046
27429,20574
27430,4758
27431,10494
27432,19294
27433,28429
27434,3389
27435,22980
27436,6183
27437,17180
27438,28917
27439,3938
27440,721
27441,18102
27442,3467
27443,4614
27444,12809
27445,21169
27446,1208
27447,8940
27448,13647
27449,8507
27450,21178
27451,16459
27452,10412
27453,18053
27454,9355
27455,9996
27456,20474
27457,21517
27458,2739
27459,28545
27460,14183
27461,17734
27462,121
27463,17515
27464,14748
27465,2611
27466,4706
27467,7420
27468,5769
27469,9722
27470,11346
27471,24328
27472,29097
27473,21472
27474,9510
27475,157
27476,25006
27477,25949
27478,6682
27479,10973
27480,23635
27481,16620
27482,15016
27483,14880
27484,28564
27485,25464
27486,2248
27487,23002
27488,1683
27489,3923
27490,9430
27491,16596
27492,12261
27493,7339
27494,22078
27495,5927
27496,9677
27497,144
27498,9493
27499,8265
27500,17583
27501,29084
27502,24792
27503,27182
27504,24778
27505,25819
27506,10452
27507,19581
27508,26172
27509,4421
27510,26475
27511,14391
27512,13095
27513,11047
27514,20929
27515,28169
27516,7748
27517,7324
27518,14594
27519,1295
27520,24510
27521,10605
27522,18161
27523,2825
27524,27234
27525,15534
27526,6875
27527,520
27528,4703
27529,14527
27530,27860
27531,11941
27532,1123
27533,25961
27534,1253
27535,29769
27536,24822
27537,4207
27538,16310
27539,17909
27540,10769
27541,2397
27542,11078
27543,20823
27544,26210
27545,23783
27546,28821
27547,19659
27548,14883
27549,6942
27550,23514
27551,20170
27552,23325
27553,23237
27554,1794
27555,4354
27556,27017
27557,20107
27558,28935
27559,28731
27560,23034
27561,6508
27562,22243
27563,8777
27564,23278
27565,18777
27566,27687
27567,13203
27568,28466
27569,28859
27570,5704
27571,29072
27572,23312
27573,28967
27574,25111
27575,16799
27576,17936
27577,17973
27578,3378
27579,25715
27580,26754
27581,10349
27582,3084
27583,23463
27584,14221
27585,22237
27586,27950
27587,26015
27588,2943
27589,7577
27590,12016
27591,26648
27592,15246
27593,14985
27594,6567
27595,22302
27596,1460
27597,25753
27598,27797
27599,15838
27600,25491
27601,29952
27602,7631
27603,29263
27604,16923
27605,5126
27606,6804
27607,25022
27608,11349
27609,9884
27610,8126
27611,24520
27612,6931
27613,15164
27614,553
27615,19481
27616,13582
27617,12089
27618,6699
27619,12771
27620,27167
27621,24001
27622,15219
27623,22911
27624,27993
27625,26451
27626,21896
27627,8312
27628,28300
27629,15342
27630,14691
27631,29378
27632,15448
27633,5912
27634,27684
27635,29379
27636,25612
27637,10225
27638,3543
27639,13533
27640,18264
27641,24874
27642,27729
27643,27175
27644,2443
27645,3704
27646,20096
27647,26522
27648,18809
27649,13297
27650,6843
27651,24946
27652,24737
27653,19412
27654,15847
27655,2685
27656,15169
27657,3355
27658,21530
27659,23138
27660,26491
27661,1010
27662,8793
27663,8474
27664,23361
27665,16203
27666,1818
27667,20836
27668,13287
27669,11344
27670,25459
27671,1009
27672,10367
27673,18541
27674,3843
27675,11893
27676,18190
27677,16936
27678,8894
27679,11924
27680,16952
27681,9353
27682,28223
27683,14098
27684,9284
27685,19760
27686,29220
27687,5166
27688,23831
27689,24758
27690,13994
27691,12635
27692,16741
27693,26727
27694,29480
27695,189
27696,15749
27697,16673
27698,11158
27699,9282
27700,21670
27701,17336
27702,9483
27703,14483
27704,4590
27705,4834
27706,5076
27707,14795
27708,7557
27709,2722
27710,13600
27711,22490
27712,2338
27713,8685
27714,18716
27715,7636
27716,1974
27717,15100
27718,16701
27719,13233
27720,7091
27721,25812
27722,4305
27723,15014
27724,26158
27725,6231
27726,22343
27727,12076
27728,17580
27729,27407
27730,17318
27731,1667
27732,8184
27733,23173
27734,17022
27735,11369
27736,7625
27737,28983
27738,19155
27739,13420
27740,10693
27741,17809
27742,8398
27743,11897
27744,28376
27745,23196
27746,15682
27747,17845
27748,13482
27749,19249
27750,14228
27751,13188
27752,2073
27753,25577
27754,17718
27755,6757
27756,880
27757,20743
27758,19419
27759,22830
27760,22013
27761,4539
27762,5198
27763,7596
27764,28407
27765,12577
27766,14041
27767,13199
27768,15520
27769,18786
27770,17391
27771,631
27772,1168
27773,18520
27774,5012
27775,15651
27776,23305
27777,25212
27778,26575
27779,14663
27780,23320
27781,17530
27782,11510
27783,6319
27784,5141
27785,29756
27786,28064
27787,23713
27788,12301
27789,6266
27790,6355
27791,8715
27792,11498
27793,28374
27794,9169
27795,10977
27796,16522
27797,7018
27798,1957
27799,18451
27800,28041
27801,4036
27802,5107
27803,25083
27804,2720
27805,18028
27806,5882
27807,7437
27808,20862
27809,17428
27810,25569
27811,19019
27812,15949
27813,26120
27814,21990
27815,28919
27816,27063
27817,28533
27818,21709
27819,13761
27820,13066
27821,26540
27822,937
27823,24427
27824,4710
27825,8230
27826,3834
27827,27155
27828,10078
27829,6746
27830,27361
27831,7428
27832,1280
27833,10196
27834,26363
27835,7121
27836,7993
27837,24823
27838,14544
27839,10014
27840,19563
27841,3363
27842,24720
27843,13155
27844,24241
27845,20998
27846,24780
27847,7407
27848,21966
27849,2971
27850,4144
27851,11606
27852,5137
27853,17543
27854,7741
27855,20456
27856,11840
27857,12198
27858,27370
27859,9593
27860,16388
27861,28306
27862,2952
27863,8361
27864,7482
27865,24585
27866,8941
27867,22599
27868,28983
27869,5594
27870,27716
27871,11190
27872,28127
27873,11241
27874,16643
27875,16715
27876,12970
27877,16719
27878,5307
27879,10769
27880,19362
27881,12775
27882,23995
27883,11149
27884,6188
27885,28312
27886,14710
27887,28461
27888,5076
27889,15692
27890,13289
27891,16539
27892,23267
27893,20622
27894,18287
27895,7025
27896,6840
27897,12923
27898,16800
27899,28444
27900,7375
27901,2205
27902,25377
27903,7197
27904,554
27905,22815
27906,487
27907,26819
27908,5869
27909,13249
27910,254
27911,3108
27912,13372
27913,10758
27914,3804
27915,498
27916,465
27917,988
27918,26376
27919,3842
27920,2318
27921,26622
27922,25193
27923,22759
27924,18271
27925,28681
27926,28742
27927,10392
27928,26274
27929,2414
27930,17024
27931,15560
27932,13480
27933,15149
27934,22578
27935,20854
27936,4803
27937,23472
27938,16128
27939,12810
27940,9962
27941,286
27942,611
27943,16010
27944,19713
27945,27849
27946,18304
27947,218
27948,23925
27949,18416
27950,16223
27951,23161
27952,28030
27953,4247
27954,3543
27955,25419
27956,4596
27957,22466
27958,16694
27959,9274
27960,7580
27961,3080
27962,26098
27963,7013
27964,14710
27965,2940
27966,22391
27967,22898
27968,28780
27969,17298
27970,3191
27971,4124
27972,23314
27973,20329
27974,14450
27975,10412
27976,2465
27977,7179
27978,3561
27979,421
27980,26454
27981,4015
27982,13867
27983,843
27984,26978
27985,8881
27986,1214
27987,23835
27988,21353
27989,27616
27990,15566
27991,22326
27992,1306
27993,23454
27994,6073
27995,1509
27996,18163
27997,11466
27998,23253
27999,17683
28000,13615
28001,24148
28002,26138
28003,5561
28004,20979
28005,11655
28006,1161
28007,15455
28008,6786
28009,10164
28010,17404
28011,20093
28012,9103
28013,9720
28014,8366
28015,4914
28016,28592
28017,12496
28018,18854
28019,23742
28020,1492
28021,21413
28022,12104
28023,22497
28024,1610
28025,4713
28026,21406
28027,3052
28028,383
28029,19538
28030,3346
28031,29497
28032,12957
28033,21587
28034,14078
28035,4891
28036,2044
28037,2093
28038,10095
28039,8571
28040,5082
28041,2064
28042,12208
28043,3250
28044,20758
28045,10930
28046,4289
28047,17951
28048,113
28049,27974
28050,3999
28051,6294
28052,21646
28053,22420
28054,2351
28055,14161
28056,5858
28057,13936
28058,27380
28059,7628
28060,24984
28061,28653
28062,5692
28063,11723
28064,2891
28065,11890
28066,9419
28067,18608
28068,10360
28069,14278
28070,23876
28071,13994
28072,7976
28073,12816
28074,26658
28075,11822
28076,5041
28077,10975
28078,10263
28079,18023
28080,6594
28081,12450
28082,5087
28083,9391
28084,27567
28085,27876
28086,26941
28087,10038
28088,7903
28089,10214
28090,26446
28091,4736
28092,15948
28093,6794
28094,5242
28095,10187
28096,7527
28097,16092
28098,12140
28099,10546
28100,3568
28101,27846
28102,18968
28103,17025
28104,10810
28105,8679
28106,18117
28107,29032
28108,14705
28109,13062
28110,21946
28111,29984
28112,10234
28113,19551
28114,27088
28115,28436
28116,5540
28117,24980
28118,25056
28119,627
28120,21590
28121,7589
28122,10926
28123,23092
28124,27370
28125,9024
28126,20361
28127,10869
28128,11764
28129,16994
28130,6086
28131,22002
28132,5034
28133,23444
28134,13334
28135,12418
28136,1846
28137,24146
28138,27992
28139,6527
28140,18080
28141,8987
28142,28015
28143,17226
28144,1308
28145,15014
28146,27109
28147,4064
28148,4658
28149,9600
28150,21327
28151,6833
28152,467
28153,25133
28154,7724
28155,27867
28156,3874
28157,26626
28158,8619
28159,9911
28160,23673
28161,18874
28162,28272
28163,6390
28164,29929
28165,22626
28166,4610
28167,29631
28168,19198
28169,4860
28170,11366
28171,5992
28172,10593
28173,2759
28174,23713
28175,7645
28176,8216
28177,20309
28178,16512
28179,27595
28180,28255
28181,9250
28182,14011
28183,13620
28184,9837
28185,8920
28186,14578
28187,19767
28188,25797
28189,25245
28190,21500
28191,5869
28192,24191
28193,19539
28194,2533
28195,21839
28196,26438
28197,26520
28198,28830
28199,21603
28200,25106
28201,25626
28202,23932
28203,11508
28204,341
28205,13648
28206,18104
28207,3526
28208,11453
28209,2870
28210,22947
28211,27733
28212,315
28213,6628
28214,19015
28215,519
28216,20318
28217,11868
28218,24533
28219,3440
28220,27741
28221,21222
28222,3956
28223,26074
28224,28450
28225,5859
28226,4974
28227,9181
28228,12452
28229,21926
28230,20995
28231,13611
28232,3877
28233,1326
28234,9618
28235,18391
28236,2648
28237,15488
28238,2270
28239,7741
28240,28051
28241,2996
28242,11337
28243,24735
28244,20572
28245,287
28246,11070
28247,18856
28248,15503
28249,14034
28250,18134
28251,7148
28252,20344
28253,29666
28254,3732
28255,15105
28256,10540
28257,8786
28258,2718
28259,28264
28260,22521
28261,11643
28262,19476
28263,10882
28264,8615
28265,15590
28266,7874
28267,23955
28268,29527
28269,17686
28270,7034
28271,22812
28272,22842
28273,9744
28274,8724
28275,504
28276,29919
28277,12630
28278,1976
28279,15338
28280,8325
28281,23172
28282,26195
28283,25699
28284,20292
28285,5801
28286,28895
28287,6428
28288,2634
28289,17489
28290,24417
28291,20414
28292,10193
28293,8849
28294,19391
28295,8384
28296,2241
28297,8683
28298,18273
28299,12089
28300,29698
28301,8941
28302,11230
28303,20142
28304,23261
28305,3075
28306,21040
28307,3205
28308,12709
28309,23813
28310,19934
28311,11706
28312,12282
28313,15537
28314,1660
28315,3847
28316,15277
28317,24545
28318,6498
28319,1482
28320,4115
28321,23777
28322,8117
28323,17751
28324,22696
28325,21508
28326,4044
28327,26773
28328,170
28329,17072
28330,24427
28331,23598
28332,17648
28333,17489
28334,28808
28335,25660
28336,21193
28337,11316
28338,24809
28339,24176
28340,11133
28341,7824
28342,4459
28343,10159
28344,174
28345,17355
28346,28010
28347,10787
28348,3014
28349,17606
28350,16287
28351,24431
28352,29047
28353,11648
28354,29283
28355,16365
28356,7111
28357,16522
28358,6121
28359,2042
28360,12463
28361,17965
28362,13899
28363,28152
28364,3073
28365,16970
28366,27094
28367,4945
28368,9249
28369,17509
28370,13680
28371,18786
28372,1653
28373,15029
28374,16259
28375,6285
28376,29713
28377,26996
28378,14406
28379,6577
28380,26560
28381,21083
28382,27406
28383,24044
28384,14662
28385,20002
28386,28446
28387,16587
28388,4791
28389,6292
28390,14904
28391,15542
28392,27766
28393,16089
28394,19370
28395,2069
28396,8293
28397,22301
28398,12234
28399,15556
28400,17226
28401,14798
28402,29528
28403,18215
28404,8834
28405,27102
28406,7028
28407,2155
28408,24446
28409,24659
28410,6505
28411,13662
28412,10405
28413,5398
28414,27942
28415,18462
28416,16872
28417,14040
28418,24621
28419,20762
28420,3159
28421,10393
28422,9639
28423,566
28424,15257
28425,27676
28426,8212
28427,27706
28428,14313
28429,20450
28430,18145
28431,26335
28432,4123
28433,23122
28434,15752
28435,8992
28436,18297
28437,29314
28438,4155
28439,28302
28440,8865
28441,18814
28442,4791
28443,16306
28444,20680
28445,12505
28446,20522
28447,28312
28448,15463
28449,1972
28450,7080
28451,15825
28452,24878
28453,5328
28454,29956
28455,16109
28456,26022
28457,15577
28458,26301
28459,13681
28460,24632
28461,9951
28462,9916
28463,12466
28464,21087
28465,11747
28466,739
28467,21980
28468,11163
28469,7627
28470,17333
28471,13553
28472,5408
28473,4861
28474,16031
28475,3032
28476,24244
28477,17829
28478,12649
28479,10522
28480,24004
28481,2939
28482,28040
28483,19246
28484,18530
28485,11128
28486,14135
28487,23320
28488,1219
28489,4156
28490,29786
28491,29797
28492,29011
28493,4359
28494,1916
28495,3747
28496,2686
28497,25313
28498,29367
28499,29314
28500,10036
28501,9431
28502,1529
28503,23793
28504,18877
28505,29965
28506,4053
28507,8934
28508,25375
28509,23298
28510,7520
28511,14923
28512,16434
28513,8205
28514,12485
28515,10839
28516,24055
28517,28625
28518,8010
28519,2079
28520,10834
28521,14917
28522,17319
28523,3241
28524,19916
28525,22998
28526,3423
28527,28384
28528,22630
28529,14056
28530,13215
28531,10367
28532,28932
28533,19931
28534,26704
28535,5484
28536,15009
28537,2811
28538,24369
28539,6128
28540,15604
28541,23152
28542,10794
28543,12257
28544,6588
28545,21142
28546,16676
28547,13965
28548,9207
28549,25890
28550,28367
28551,20615
28552,11062
28553,2278
28554,22699
28555,20374
28556,28088
28557,29640
28558,6417
28559,18286
28560,3137
28561,29884
28562,8690
28563,21720
28564,2000
28565,14241
28566,20108
28567,13134
28568,29288
28569,21394
28570,15152
28571,2788
28572,14617
28573,15236
28574,22637
28575,16577
28576,1975
28577,10881
28578,24094
28579,4021
28580,18002
28581,8013
28582,6209
28583,27974
28584,15129
28585,5605
28586,8476
28587,25975
28588,25548
28589,1643
28590,28409
28591,4553
28592,18103
28593,18394
28594,24536
28595,5077
28596,23226
28597,5893
28598,28417
28599,11992
28600,17254
28601,16364
28602,22904
28603,22531
28604,12108
28605,14981
28606,23163
28607,17221
28608,28993
28609,8597
28610,6170
28611,28456
28612,24570
28613,13870
28614,8761
28615,5189
28616,17105
28617,6886
28618,11227
28619,18714
28620,23267
28621,9048
28622,8958
28623,10126
28624,22307
28625,17667
28626,5681
28627,7434
28628,11711
28629,17616
28630,6464
28631,4489
28632,12083
28633,6656
28634,17148
28635,11143
28636,847
28637,5224
28638,8126
28639,7661
28640,13995
28641,1565
28642,18608
28643,8134
28644,16584
28645,10712
28646,26322
28647,4843
28648,16714
28649,12157
28650,27213
28651,16519
28652,364
28653,23108
28654,26480
28655,29757
28656,5865
28657,5302
28658,4029
28659,24834
28660,24976
28661,27505
28662,825
28663,25035
28664,4445
28665,9989
28666,9952
28667,5001
28668,2312
28669,28516
28670,13940
28671,21828
28672,7571
28673,29826
28674,15646
28675,338
28676,14485
28677,20495
28678,334
28679,12990
28680,21689
28681,6646
28682,14439
28683,21541
28684,21459
28685,18156
28686,18999
28687,18458
28688,25159
28689,29160
28690,12295
28691,7964
28692,15727
28693,26710
28694,28891
28695,8090
28696,8978
28697,16693
28698,568
28699,26187
28700,1830
28701,23723
28702,3907
28703,27338
28704,17103
28705,25980
28706,25132
28707,18138
28708,13459
28709,7493
28710,27059
28711,17594
28712,20964
28713,20076
28714,8359
28715,25919
28716,4658
28717,28601
28718,28887
28719,4310
28720,1875
28721,22210
28722,10290
28723,1383
28724,652
28725,4165
28726,12018
28727,19706
28728,19041
28729,25720
28730,2030
28731,19024
28732,25713
28733,24484
28734,7596
28735,3428
28736,20006
28737,28528
28738,28203
28739,15985
28740,4348
28741,10475
28742,23503
28743,177
28744,9827
28745,16392
28746,1569
28747,13913
28748,22928
28749,5236
28750,12307
28751,7215
28752,8837
28753,20058
28754,12063
28755,20492
28756,4958
28757,20587
28758,22727
28759,3935
28760,6328
28761,2480
28762,7920
28763,6119
28764,18472
28765,2861
28766,15129
28767,7158
28768,2088
28769,14025
28770,25213
28771,10176
28772,8333
28773,15682
28774,17863
28775,10457
28776,12567
28777,4467
28778,16010
28779,19817
28780,3466
28781,2696
28782,5618
28783,20817
28784,23570
28785,2870
28786,6082
28787,26051
28788,11654
28789,15495
28790,2670
28791,5581
28792,10792
28793,19455
28794,15239
28795,17177
28796,8175
28797,5635
28798,14546
28799,7402
28800,2589
28801,26302
28802,5124
28803,1905
28804,6789
28805,25774
28806,7580
28807,28246
28808,10868
28809,28774
28810,6414
28811,1127
28812,5978
28813,3896
28814,8591
28815,1265
28816,27558
28817,11658
28818,8337
28819,26872
28820,12322
28821,27448
28822,6814
28823,17931
28824,23530
28825,4527
28826,15597
28827,7608
28828,22222
28829,5315
28830,8101
28831,6606
28832,15797
28833,13164
28834,27242
28835,23091
28836,2226
28837,1731
28838,3736
28839,8461
28840,7993
28841,7838
28842,5907
28843,23590
28844,17652
28845,8515
28846,23944
28847,20606
28848,8010
28849,23467
28850,25823
28851,21817
28852,5972
28853,16362
28854,7238
28855,11580
28856,13842
28857,5404
28858,7205
28859,9794
28860,19411
28861,19769
28862,10716
28863,15266
28864,8105
28865,13229
28866,21987
28867,676
28868,8151
28869,20816
28870,16331
28871,23490
28872,6963
28873,9042
28874,17383
28875,1655
28876,9331
28877,26964
28878,29741
28879,29803
28880,2352
28881,28081
28882,5741
28883,3338
28884,976
28885,2300
28886,8851
28887,5775
28888,18365
28889,2443
28890,24959
28891,21753
28892,21524
28893,28946
28894,737
28895,28372
28896,24585
28897,2720
28898,29107
28899,2463
28900,17299
28901,12869
28902,26025
28903,6886
28904,8518
28905,19312
28906,23834
28907,28065
28908,3944
28909,4509
28910,23460
28911,21572
28912,20105
28913,10976
28914,12478
28915,27391
28916,5248
28917,25032
28918,21880
28919,7275
28920,14712
28921,3172
28922,26014
28923,3917
28924,14156
28925,20141
28926,28715
28927,8622
28928,19744
28929,7594
28930,11289
28931,13161
28932,9694
28933,910
28934,2403
28935,26507
28936,10562
28937,13378
28938,12396
28939,19778
28940,9596
28941,20743
28942,15934
28943,3440
28944,14649
28945,25174
28946,4844
28947,23977
28948,1148
28949,15917
28950,3215
28951,12307
28952,26894
28953,28977
28954,611
28955,20378
28956,17092
28957,6741
28958,2147
28959,1064
28960,6119
28961,2051
28962,18260
28963,18705
28964,18786
28965,23712
28966,5963
28967,22428
28968,9456
28969,11334
28970,18501
28971,20661
28972,1016
28973,18513
28974,26325
28975,11262
28976,13414
28977,27278
28978,25175
28979,20793
28980,13207
28981,26025
28982,24004
28983,5957
28984,17448
28985,24268
28986,14818
28987,25988
28988,19004
28989,24677
28990,752
28991,5558
28992,21089
28993,12449
28994,15262
28995,24997
28996,24625
28997,2833
28998,2622
28999,419
29000,11676
29001,14210
29002,12359
29003,7603
29004,20949
29005,11776
29006,28102
29007,23847
29008,24301
29009,26117
29010,9677
29011,16182
29012,8336
29013,25927
29014,4064
29015,23013
29016,23983
29017,11405
29018,23494
29019,3602
29020,4139
29021,23132
29022,23671
29023,15265
29024,28163
29025,12653
29026,29549
29027,29925
29028,25395
29029,18243
29030,24144
29031,10505
29032,21605
29033,2916
29034,13168
29035,25738
29036,26639
29037,23091
29038,6549
29039,28517
29040,24458
29041,16514
29042,14475
29043,1147
29044,19990
29045,4081
29046,10083
29047,11010
29048,8950
29049,4075
29050,23614
29051,11242
29052,16497
29053,4481
29054,6264
29055,13597
29056,6660
29057,3755
29058,21848
29059,26353
29060,9359
29061,15219
29062,2275
29063,26183
29064,18060
29065,1283
29066,22427
29067,16895
29068,25574
29069,29879
29070,14693
29071,20924
29072,11347
29073,4331
29074,13589
29075,27625
29076,4249
29077,17696
29078,22894
29079,16618
29080,14086
29081,13426
29082,24989
29083,1630
29084,9768
29085,2755
29086,29361
29087,25515
29088,15507
29089,24120
29090,17567
29091,4609
29092,22368
29093,12843
29094,27772
29095,19348
29096,19055
29097,10669
29098,27798
29099,3008
29100,12835
29101,21782
29102,10779
29103,18457
29104,19624
29105,14288
29106,24842
29107,3787
29108,22611
29109,27558
29110,18427
29111,26490
29112,15035
29113,16722
29114,26557
29115,20835
29116,12024
29117,20762
29118,336
29119,14435
29120,1233
29121,27204
29122,25671
29123,26788
29124,222
29125,11969
29126,22097
29127,7138
29128,5749
29129,22095
29130,11405
29131,7252
29132,20427
29133,25458
29134,28391
29135,17290
29136,17358
29137,8221
29138,23269
29139,26609
29140,17889
29141,23435
29142,1726
29143,16464
29144,9399
29145,3709
29146,5399
29147,9774
29148,20167
29149,21624
29150,1191
29151,8000
29152,12787
29153,20493
29154,26535
29155,4078
29156,19504
29157,6681
29158,3210
29159,12951
29160,20135
29161,2003
29162,5570
29163,15737
29164,10759
29165,25392
29166,26849
29167,27933
29168,11216
29169,13628
29170,3795
29171,9634
29172,11788
29173,11815
29174,9641
29175,24631
29176,27485
29177,19359
29178,22987
29179,25745
29180,5090
29181,20952
29182,1897
29183,28587
29184,22927
29185,2041
29186,5177
29187,13579
29188,26258
29189,8743
29190,9379
29191,23875
29192,14468
29193,15808
29194,17896
29195,9327
29196,27834
29197,24406
29198,23070
29199,10875
29200,10662
29201,22258
29202,18223
29203,29659
29204,11726
29205,24117
29206,13187
29207,2086
29208,13286
29209,22316
29210,2542
29211,27047
29212,16289
29213,16111
29214,19401
29215,19633
29216,24932
29217,9903
29218,22946
29219,11556
29220,19087
29221,15657
29222,22085
29223,21474
29224,27648
29225,3035
29226,10484
29227,23868
29228,10687
29229,18275
29230,5434
29231,6923
29232,26390
29233,15587
29234,18889
29235,14110
29236,28021
29237,22002
29238,9162
29239,12185
29240,9625
29241,2770
29242,6616
29243,24692
29244,10330
29245,4627
29246,2437
29247,18845
29248,19726
29249,157
29250,17701
29251,6287
29252,28113
29253,13438
29254,5294
29255,27652
29256,19123
29257,23435
29258,3131
29259,10504
29260,15585
29261,20799
29262,22987
29263,22629
29264,22401
29265,5239
29266,10779
29267,324
29268,19520
29269,9368
29270,22025
29271,24861
29272,15879
29273,21129
29274,26954
29275,20461
29276,14369
29277,6978
29278,2763
29279,25492
29280,14916
29281,4459
29282,10486
29283,21908
29284,21638
29285,18389
29286,13570
29287,8782
29288,11007
29289,2717
29290,17556
29291,21781
29292,9460
29293,14259
29294,26403
29295,5802
29296,21908
29297,12824
29298,5088
29299,25340
29300,1347
29301,19720
29302,10532
29303,27241
29304,25679
29305,4139
29306,15409
29307,9946
29308,1121
29309,17333
29310,11147
29311,25411
29312,7719
29313,3907
29314,13118
29315,15536
29316,4939
29317,1953
29318,13222
29319,8094
29320,21598
29321,27792
29322,917
29323,26863
29324,6138
29325,15821
29326,8551
29327,19367
29328,22693
29329,27557
29330,5355
29331,25651
29332,28577
29333,7897
29334,29201
29335,3841
29336,29835
29337,13631
29338,24057
29339,27573
29340,23283
29341,11990
29342,22552
29343,11581
29344,8043
29345,23478
29346,24882
29347,13775
29348,17188
29349,26110
29350,7505
29351,16590
29352,1127
29353,28723
29354,18516
29355,20980
29356,18571
29357,6334
29358,20693
29359,8265
29360,11432
29361,28460
29362,15101
29363,3147
29364,7970
29365,19639
29366,21220
29367,15330
29368,14669
29369,14438
29370,25351
29371,7976
29372,6033
29373,25319
29374,19678
29375,4047
29376,17025
29377,16769
29378,12006
29379,28239
29380,17227
29381,17656
29382,14653
29383,17473
29384,14144
29385,7078
29386,4604
29387,2958
29388,27334
29389,26184
29390,19223
29391,19313
29392,19998
29393,18588
29394,8187
29395,9555
29396,4843
29397,6341
29398,521
29399,9110
29400,9524
29401,27147
29402,23827
29403,21724
29404,19390
29405,11625
29406,11831
29407,24089
29408,29160
29409,11340
29410,10529
29411,15454
29412,6446
29413,27419
29414,16252
29415,24269
29416,18525
29417,18779
29418,672
29419,10350
29420,11534
29421,22615
29422,1619
29423,17728
29424,21286
29425,18063
29426,19239
29427,5425
29428,26655
29429,23495
29430,18066
29431,8039
29432,13953
29433,11487
29434,21870
29435,5147
29436,7375
29437,26536
29438,25694
29439,16429
29440,24593
29441,4863
29442,1240
29443,3403
29444,19964
29445,23598
29446,29896
29447,26901
29448,15908
29449,18120
29450,23401
29451,26484
29452,28476
29453,18289
29454,26227
29455,28692
29456,6003
29457,5871
29458,16697
29459,19394
29460,22298
29461,29612
29462,9773
29463,16366
29464,6767
29465,15413
29466,8088
29467,28682
29468,559
29469,2624
29470,13443
29471,21424
29472,1514
29473,7999
29474,11575
29475,22173
29476,20466
29477,20305
29478,24867
29479,15762
29480,3494
29481,27703
29482,8256
29483,20066
29484,25751
29485,27931
29486,8271
29487,8352
29488,14448
29489,14359
29490,28452
29491,17718
29492,18129
29493,23217
29494,3355
29495,20974
29496,11531
29497,21732
29498,1257
29499,3291
29500,5877
29501,28326
29502,28797
29503,24527
29504,23748
29505,559
29506,24392
29507,17060
29508,27390
29509,10630
29510,28427
29511,21708
29512,17557
29513,25706
29514,15461
29515,25378
29516,16930
29517,28749
29518,171
29519,10103
29520,18596
29521,12529
29522,20128
29523,16959
29524,2743
29525,15232
29526,853
29527,4480
29528,3118
29529,19527
29530,13396
29531,5162
29532,24496
29533,1681
29534,12488
29535,11334
29536,8212
29537,19160
29538,1444
29539,11419
29540,5329
29541,28211
29542,7081
29543,18462
29544,18044
29545,28164
29546,3122
29547,15507
29548,27109
29549,25494
29550,16522
29551,229
29552,26807
29553,1292
29554,18076
29555,20588
29556,2661
29557,10357
29558,16287
29559,14852
29560,26438
29561,13633
29562,8657
29563,24683
29564,14337
29565,26456
29566,7859
29567,4777
29568,17472
29569,18151
29570,10023
29571,9846
29572,26358
29573,4495
29574,23083
29575,21564
29576,5239
29577,6283
29578,14200
29579,4233
29580,3208
29581,29770
29582,27470
29583,5820
29584,26679
29585,28496
29586,26175
29587,24949
29588,19381
29589,5676
29590,24167
29591,22101
29592,28947
29593,1519
29594,16708
29595,28432
29596,19261
29597,17185
29598,11245
29599,28009
29600,28172
29601,701
29602,21742
29603,1382
29604,27354
29605,11620
29606,18093
29607,5757
29608,24368
29609,28886
29610,24946
29611,9128
29612,29527
29613,8360
29614,1407
29615,6532
29616,24354
29617,18844
29618,403
29619,9420
29620,9161
29621,9277
29622,15329
29623,11259
29624,26430
29625,1540
29626,1308
29627,955
29628,6616
29629,15093
29630,22705
29631,26253
29632,11326
29633,24822
29634,11182
29635,18694
29636,20336
29637,3110
29638,10261
29639,24031
29640,24203
29641,5068
29642,812
29643,23449
29644,818
29645,18816
29646,22895
29647,21909
29648,29478
29649,24094
29650,8701
29651,2403
29652,13195
29653,19487
29654,4255
29655,19484
29656,25007
29657,17801
29658,18156
29659,20388
29660,23857
29661,12304
29662,27944
29663,261
29664,3390
29665,13490
29666,20176
29667,2748
29668,3201
29669,3726
29670,23665
29671,14526
29672,9893
29673,28752
29674,24745
29675,27645
29676,4313
29677,27804
29678,20157
29679,10339
29680,1689
29681,2728
29682,25862
29683,26708
29684,21233
29685,5189
29686,7631
29687,6405
29688,19091
29689,11395
29690,481
29691,25581
29692,12342
29693,2125
29694,3384
29695,21399
29696,7040
29697,9388
29698,20507
29699,26680
29700,12391
29701,13823
29702,23590
29703,16316
29704,9206
29705,21258
29706,20500
29707,11001
29708,24189
29709,20740
29710,11097
29711,23593
29712,17488
29713,29122
29714,1051
29715,5597
29716,22245
29717,28136
29718,18248
29719,4564
29720,23361
29721,18491
29722,10003
29723,29252
29724,13257
29725,3290
29726,4118
29727,2928
29728,10800
29729,481
29730,11586
29731,20841
29732,29113
29733,1438
29734,12093
29735,12910
29736,9104
29737,13510
29738,14924
29739,564
29740,28654
29741,1259
29742,6201
29743,876
29744,8786
29745,7218
29746,10465
29747,19302
29748,15577
29749,10095
29750,22467
29751,21404
29752,28277
29753,8528
29754,15907
29755,18646
29756,11311
29757,23663
29758,20180
29759,25416
29760,2852
29761,157
29762,26486
29763,28289
29764,28540
29765,6418
29766,2256
29767,13041
29768,1916
29769,7556
29770,19794
29771,22421
29772,16615
29773,27329
29774,11763
29775,27410
29776,24854
29777,1027
29778,7657
29779,28146
29780,11750
29781,17399
29782,6576
29783,7311
29784,4748
29785,4749
29786,24892
29787,20675
29788,20509
29789,3606
29790,12207
29791,3592
29792,5409
29793,17230
29794,22497
29795,1500
29796,24984
29797,7539
29798,25967
29799,2227
29800,18969
29801,19952
29802,3882
29803,7015
29804,6073
29805,2372
29806,16590
29807,6908
29808,17608
29809,6826
29810,8152
29811,12865
29812,25809
29813,20584
29814,1761
29815,27998
29816,6424
29817,26609
29818,10327
29819,27283
29820,4013
29821,9049
29822,19377
29823,5893
29824,950
29825,21707
29826,6529
29827,18175
29828,24427
29829,1945
29830,27942
29831,5297
29832,11173
29833,8312
29834,22182
29835,10282
29836,8369
29837,26333
29838,7742
29839,28640
29840,3370
29841,23992
29842,17104
29843,19441
29844,8588
29845,16658
29846,16374
29847,24914
29848,17231
29849,8658
29850,12798
29851,17828
29852,14935
29853,29619
29854,4289
29855,15958
29856,7898
29857,7347
29858,11691
29859,24126
29860,13306
29861,9915
29862,689
29863,15789
29864,23298
29865,3821
29866,29888
29867,14047
29868,28251
29869,15677
29870,11623
29871,22305
29872,2463
29873,8910
29874,21659
29875,17165
29876,17475
29877,19996
29878,8193
29879,23810
29880,11961
29881,16908
29882,22148
29883,9750
29884,2314
29885,733
29886,5979
29887,1525
29888,19014
29889,25737
29890,8996
29891,7812
29892,27126
29893,10577
29894,5600
29895,17017
29896,14249
29897,17938
29898,21436
29899,3202
29900,23545
29901,29184
29902,25847
29903,20670
29904,11661
29905,16284
29906,1410
29907,10491
29908,27537
29909,29094
29910,12665
29911,28118
29912,29196
29913,28872
29914,10943
29915,10394
29916,16782
29917,26306
29918,11810
29919,16275
29920,3546
29921,1458
29922,621
29923,4544
29924,1632
29925,25643
29926,25982
29927,5177
29928,1184
29929,14038
29930,2999
29931,5156
29932,3304
29933,10354
29934,10397
29935,29396
29936,4821
29937,22891
29938,19938
29939,9050
29940,16778
29941,14634
29942,24858
29943,12372
29944,1132
29945,20238
29946,1694
29947,23513
29948,8969
29949,17508
29950,10097
29951,28103
29952,1046
29953,14024
29954,10625
29955,21255
29956,25093
29957,21720
29958,5040
29959,2508
29960,8962
29961,17281
29962,8881
29963,7000
29964,12926
29965,13273
29966,17077
29967,20313
29968,27982
29969,10987
29970,13477
29971,2388
29972,5858
29973,2681
29974,27761
29975,23133
29976,14101
29977,888
29978,15444
29979,22094
29980,6066
29981,22401
29982,21492
29983,26610
29984,9764
29985,19346
29986,28623
29987,20678
29988,29559
29989,5689
29990,9762
29991,15400
29992,24019
29993,5584
29994,29110
29995,2415
29996,28789
29997,10306
29998,10888
29999,7829
30000,16235
30001,25116
30002,12003
30003,23792
30004,1065
30005,4114
30006,19156
30007,26061
30008,15715
30009,24172
30010,20473
30011,28365
30012,10683
30013,11490
30014,9642
30015,16088
30016,9786
30017,24410
30018,9652
30019,25419
30020,12423
30021,4775
30022,8657
30023,3703
30024,28740
30025,8276
30026,26522
30027,5978
30028,14885
30029,687
30030,16565
30031,20103
30032,3971
30033,27155
30034,27159
30035,19083
30036,9201
30037,24648
30038,8286
30039,7255
30040,16211
30041,3031
30042,16910
30043,19429
30044,21435
30045,22824
30046,771
30047,26568
30048,25063
30049,17681
30050,8762
30051,9405
30052,25975
30053,11866
30054,13849
30055,19155
30056,7793
30057,12169
30058,13577
30059,28726
30060,3854
30061,25459
30062,13323
30063,29698
30064,27480
30065,24249
30066,29151
30067,1164
30068,25177
30069,22875
30070,29433
30071,27471
30072,15975
30073,18197
30074,3689
30075,25210
30076,19898
30077,17827
30078,16907
30079,13479
30080,24422
30081,2778
30082,9333
30083,28814
30084,3555
30085,16053
30086,27874
30087,29920
30088,1377
30089,29832
30090,5064
30091,25459
30092,7764
30093,2741
30094,26619
30095,8879
30096,27439
30097,29398
30098,17688
30099,1165
30100,27786
30101,155
30102,10887
30103,17482
30104,16245
30105,5319
30106,3679
30107,8589
30108,29668
30109,17625
30110,16275
30111,7999
30112,5940
30113,8167
30114,17891
30115,3330
30116,27332
30117,15446
30118,25477
30119,6977
30120,23125
30121,8755
30122,8785
30123,24218
30124,21993
30125,18102
30126,25700
30127,17578
30128,27668
30129,650
30130,19185
30131,24790
30132,9508
30133,16591
30134,28568
30135,20981
30136,28500
30137,12844
30138,15669
30139,24149
30140,26600
30141,19569
30142,26386
30143,16224
30144,23012
30145,10719
30146,1759
30147,10066
30148,9468
30149,19621
30150,4212
30151,23489
30152,8449
30153,329
30154,13531
30155,10248
30156,11021
30157,18523
30158,15660
30159,17109
30160,8316
30161,22352
30162,23909
30163,8325
30164,23123
30165,27712
30166,6209
30167,16392
30168,10748
30169,26545
30170,28467
30171,24527
30172,27094
30173,22499
30174,547
30175,8964
30176,1793
30177,9387
30178,11240
30179,18918
30180,13601
30181,24526
30182,22236
30183,27379
30184,3033
30185,8897
30186,13776
30187,14138
30188,17461
30189,15441
30190,11746
30191,19673
30192,12998
30193,12363
30194,6244
30195,21083
30196,29405
30197,26095
30198,4499
30199,27996
30200,17580
30201,3140
30202,4783
30203,1246
30204,9173
30205,23347
30206,11571
30207,24582
30208,6817
30209,10869
30210,1412
30211,24738
30212,17831
30213,20687
30214,27345
30215,17660
30216,6946
30217,26169
30218,3685
30219,29312
30220,4667
30221,8172
30222,11686
30223,12677
30224,12820
30225,7249
30226,16655
30227,6772
30228,18468
30229,16557
30230,5794
30231,7785
30232,19552
30233,24721
30234,11828
30235,8581
30236,25084
30237,23410
30238,22683
30239,19254
30240,20670
30241,24415
30242,8693
30243,6193
30244,21002
30245,22641
30246,16594
30247,5022
30248,5812
30249,26175
30250,23663
30251,17351
30252,19996
30253,12609
30254,15145
30255,6753
30256,1545
30257,15759
30258,28580
30259,4520
30260,5461
30261,9087
30262,6661
30263,23966
30264,17532
30265,5609
30266,7041
30267,20344
30268,22073
30269,4550
30270,14988
30271,6116
30272,5820
30273,28935
30274,10496
30275,15690
30276,18712
30277,14820
30278,6048
30279,10405
30280,11516
30281,26454
30282,23602
30283,10952
30284,28121
30285,2621
30286,7559
30287,1143
30288,17311
30289,29655
30290,1295
30291,15181
30292,5925
30293,20423
30294,23365
30295,21023
30296,18858
30297,17189
30298,8969
30299,109
30300,16843
30301,9682
30302,22331
30303,17257
30304,20005
30305,22730
30306,21587
30307,9686
30308,18368
30309,22675
30310,17222
30311,4409
30312,24732
30313,25905
30314,21673
30315,28943
30316,19949
30317,14873
30318,23326
30319,3034
30320,6006
30321,26554
30322,29018
30323,29650
30324,8749
30325,22217
30326,7292
30327,19357
30328,28425
30329,25894
30330,29061
30331,21746
30332,5463
30333,18198
30334,1912
30335,1273
30336,25834
30337,7765
30338,9750
30339,1848
30340,1664
30341,2759
30342,10410
30343,27486
30344,254
30345,18761
30346,20935
30347,10760
30348,19345
30349,29594
30350,12757
30351,12236
30352,27016
30353,27785
30354,13262
30355,18027
30356,5449
30357,202
30358,16544
30359,2536
30360,25470
30361,4700
30362,5826
30363,3837
30364,13749
30365,11632
30366,18868
30367,286
30368,27091
30369,26954
30370,23533
30371,8408
30372,24643
30373,27645
30374,11404
30375,1654
30376,29774
30377,21306
30378,11865
30379,10061
30380,15706
30381,23418
30382,5104
30383,2330
30384,16154
30385,10871
30386,17642
30387,26939
30388,14899
30389,11509
30390,10903
30391,23779
30392,8018
30393,18008
30394,5292
30395,9319
30396,28137
30397,22957
30398,1480
30399,25679
30400,11705
30401,383
30402,8930
30403,18430
30404,9057
30405,5542
30406,1581
30407,29807
30408,5650
30409,22163
30410,5377
30411,14551
30412,4034
30413,12584
30414,21385
30415,24689
30416,8188
30417,5700
30418,25120
30419,2130
30420,17697
30421,16467
30422,6746
30423,958
30424,8699
30425,1109
30426,19699
30427,9732
30428,26355
30429,10229
30430,10818
30431,23034
30432,28248
30433,2156
30434,20105
30435,16153
30436,24818
30437,8826
30438,15533
30439,21797
30440,9592
30441,18964
30442,12063
30443,11886
30444,8054
30445,7503
30446,5914
30447,3383
30448,16620
30449,23511
30450,11045
30451,6145
30452,15251
30453,24412
30454,16223
30455,25905
30456,1712
30457,19466
30458,12183
30459,25160
30460,6210
30461,9483
30462,21091
30463,9051
30464,22245
30465,12487
30466,3601
30467,6418
30468,24191
30469,3172
30470,4893
30471,12979
30472,17270
30473,16899
30474,23139
30475,15090
30476,12257
30477,15501
30478,21301
30479,11826
30480,14039
30481,18584
30482,5013
30483,12323
30484,24836
30485,10544
30486,16882
30487,16282
30488,2232
30489,4699
30490,21415
30491,3404
30492,21361
30493,11427
30494,1527
30495,7753
30496,724
30497,19414
30498,16650
30499,11732
30500,14601
30501,1266
30502,11053
30503,29796
30504,29023
30505,11370
30506,14886
30507,22982
30508,24429
30509,26591
30510,8107
30511,2140
30512,7239
30513,17617
30514,7676
30515,9630
30516,12693
30517,15102
30518,16825
30519,17201
30520,22515
30521,20060
30522,28947
30523,21287
30524,11546
30525,20458
30526,13699
30527,1704
30528,7926
30529,15054
30530,14622
30531,10475
30532,4446
30533,21172
30534,9605
30535,13686
30536,3206
30537,20158
30538,8714
30539,23988
30540,1056
30541,17523
30542,725
30543,28292
30544,3557
30545,12303
30546,10185
30547,4306
30548,12497
30549,21293
30550,14674
30551,13316
30552,4320
30553,8108
30554,24086
30555,9411
30556,21960
30557,2895
30558,16356
30559,12919
30560,9110
30561,20240
30562,426
30563,12373
30564,19273
30565,28764
30566,9576
30567,5964
30568,3335
30569,15412
30570,14165
30571,22377
30572,1966
30573,2856
30574,20814
30575,22699
30576,3702
30577,4401
30578,11155
30579,21736
30580,4232
30581,4054
30582,16746
30583,26266
30584,7667
30585,10707
30586,24444
30587,22515
30588,29534
30589,21356
30590,15544
30591,23038
30592,2784
30593,28712
30594,5975
30595,7509
30596,1895
30597,785
30598,7834
30599,16083
30600,13751
30601,19759
30602,23333
30603,16048
30604,3564
30605,15552
30606,23006
30607,21881
30608,23591
30609,20810
30610,26902
30611,28639
30612,10649
30613,24400
30614,23813
30615,5739
30616,21564
30617,22568
30618,3728
30619,20246
30620,1055
30621,8817
30622,291
30623,4226
30624,14854
30625,7216
30626,22706
30627,21988
30628,6306
30629,11550
30630,10183
30631,12961
30632,29001
30633,27600
30634,1382
30635,3282
30636,9911
30637,10652
30638,2111
30639,26663
30640,25869
30641,10811
30642,7373
30643,5806
30644,17215
30645,26090
30646,13308
30647,8275
30648,27824
30649,1406
30650,22640
30651,9271
30652,11508
30653,17390
30654,12944
30655,9210
30656,28258
30657,17006
30658,25338
30659,6176
30660,12934
30661,9099
30662,15551
30663,13030
30664,10846
30665,17962
30666,25979
30667,17664
30668,11282
30669,5564
30670,7109
30671,14615
30672,15581
30673,2246
30674,21828
30675,13354
30676,22926
30677,17054
30678,5773
30679,3345
30680,18456
30681,6386
30682,6987
30683,7957
30684,3262
30685,13683
30686,28520
30687,15619
30688,1682
30689,8433
30690,2114
30691,25304
30692,27349
30693,25442
30694,8536
30695,7852
30696,29343
30697,16379
30698,11759
30699,3272
30700,18007
30701,28458
30702,25562
30703,29475
30704,13374
30705,27216
30706,23918
30707,16158
30708,4449
30709,10657
30710,3183
30711,20000
30712,24083
30713,18457
30714,15624
30715,4916
30716,11713
30717,15448
30718,4809
30719,6848
30720,3735
30721,12076
30722,20058
30723,7318
30724,28682
30725,5271
30726,7404
30727,23912
30728,17530
30729,25335
30730,10396
30731,26894
30732,280
30733,10398
30734,4512
30735,22895
30736,15213
30737,18432
30738,9893
30739,5480
30740,22151
30741,15003
30742,2169
30743,22619
30744,16619
30745,11757
30746,8538
30747,11432
30748,11294
30749,13191
30750,29843
30751,14059
30752,22681
30753,19656
30754,23903
30755,7973
30756,16834
30757,10270
30758,4636
30759,15479
30760,21188
30761,15350
30762,22853
30763,21223
30764,21048
30765,8494
30766,22084
30767,8225
30768,18279
30769,10904
30770,14822
30771,5173
30772,4113
30773,8620
30774,14931
30775,2631
30776,14784
30777,11611
30778,20817
30779,26329
30780,28854
30781,22868
30782,22323
30783,14231
30784,16718
30785,4877
30786,15862
30787,29852
30788,9463
30789,21377
30790,17297
30791,16205
30792,9889
30793,13358
30794,17663
30795,24078
30796,10856
30797,29844
30798,27785
30799,14327
30800,22850
30801,12446
30802,15459
30803,20628
30804,23322
30805,17360
30806,11690
30807,25670
30808,16017
30809,6220
30810,1312
30811,9606
30812,2552
30813,12250
30814,20346
30815,20479
30816,25390
30817,26501
30818,13035
30819,15394
30820,3946
30821,10730
30822,8598
30823,11496
30824,20961
30825,14117
30826,3595
30827,2726
30828,16550
30829,1246
30830,18218
30831,12563
30832,20103
30833,29610
30834,7766
30835,25109
30836,21372
30837,17724
30838,20159
30839,17398
30840,26070
30841,26891
30842,29729
30843,1753
30844,20153
30845,29353
30846,25666
30847,8443
30848,10630
30849,15900
30850,14309
30851,24372
30852,2509
30853,20443
30854,18868
30855,4990
30856,10706
30857,22554
30858,1466
30859,3999
30860,21184
30861,20696
30862,22870
30863,4300
30864,10152
30865,12314
30866,18909
30867,7929
30868,9776
30869,18481
30870,27690
30871,7691
30872,23956
30873,11720
30874,11201
30875,20927
30876,19410
30877,14633
30878,19580
30879,4566
30880,15900
30881,25769
30882,3140
30883,4989
30884,25150
30885,10937
30886,13229
30887,4897
30888,10537
30889,16772
30890,1793
30891,23821
30892,24532
30893,14600
30894,7724
30895,13482
30896,12992
30897,26322
30898,14307
30899,24908
30900,15200
30901,23888
30902,2795
30903,14436
30904,16404
30905,14970
30906,24114
30907,18585
30908,6265
30909,16020
30910,24389
30911,27425
30912,9839
30913,28975
30914,27718
30915,14273
30916,29318
30917,23261
30918,2023
30919,12742
30920,2791
30921,28886
30922,256
30923,12205
30924,29031
30925,23646
30926,8159
30927,4929
30928,16101
30929,15729
30930,978
30931,16838
30932,10906
30933,20896
30934,2286
30935,6081
30936,23833
30937,7840
30938,1716
30939,22032
30940,28509
30941,22494
30942,18788
30943,3817
30944,29722
30945,16651
30946,1675
30947,11955
30948,12384
30949,25739
30950,3418
30951,26269
30952,13733
30953,16055
30954,15254
30955,8112
30956,9942
30957,9539
30958,29916
30959,23338
30960,26390
30961,28532
30962,14106
30963,17179
30964,22605
30965,15999
30966,10586
30967,10997
30968,3865
30969,9730
30970,9846
30971,7562
30972,1384
30973,26105
30974,12633
30975,12301
30976,21295
30977,6638
30978,11191
30979,6027
30980,22059
30981,23448
30982,828
30983,27026
30984,21322
30985,22570
30986,6547
30987,18294
30988,21258
30989,9928
30990,200
30991,26123
30992,24902
30993,3236
30994,7093
30995,16572
30996,725
30997,1954
30998,17039
30999,9337
31000,28045
31001,21151
31002,20055
31003,26798
31004,18863
31005,29495
31006,10547
31007,22339
31008,10535
31009,29361
31010,29703
31011,28918
31012,6310
31013,11578
31014,10851
31015,7561
31016,16949
31017,6926
31018,339
31019,13458
31020,3930
31021,6557
31022,29065
31023,9866
31024,9990
31025,3322
31026,3743
31027,15732
31028,27220
31029,25565
31030,16866
31031,24862
31032,5891
31033,3594
31034,10298
31035,11472
31036,6154
31037,9373
31038,6418
31039,13157
31040,23865
31041,23342
31042,19829
31043,13100
31044,27913
31045,18556
31046,25361
31047,7713
31048,10238
31049,21268
31050,18615
31051,24173
31052,8086
31053,28007
31054,17510
31055,25833
31056,5901
31057,12666
31058,28817
31059,3528
31060,8196
31061,22599
31062,18050
31063,22865
31064,21903
31065,11002
31066,24252
31067,8313
31068,27379
31069,15670
31070,5412
31071,24050
31072,21385
31073,15870
31074,9576
31075,26754
31076,15156
31077,26985
31078,9482
31079,8605
31080,5575
31081,22774
31082,3178
31083,23597
31084,419
31085,12238
31086,15159
31087,5314
31088,7922
31089,21718
31090,23512
31091,23677
31092,22303
31093,4655
31094,21901
31095,17915
31096,24679
31097,28248
31098,24642
31099,13481
31100,20966
31101,24101
31102,7560
31103,23782
31104,7645
31105,11705
31106,29476
31107,20390
31108,20124
31109,22500
31110,11055
31111,7941
31112,2324
31113,11688
31114,14719
31115,1098
31116,12610
31117,3456
31118,122
31119,22799
31120,658
31121,17748
31122,14421
31123,195
31124,4029
31125,3103
31126,4293
31127,26050
31128,8528
31129,18605
31130,22995
31131,1121
31132,29554
31133,5041
31134,26308
31135,29119
31136,3201
31137,21211
31138,17375
31139,14184
31140,18815
31141,20666
31142,29802
31143,5699
31144,19472
31145,11979
31146,11908
31147,14408
31148,7037
31149,27129
31150,14707
31151,23260
31152,7765
31153,1300
31154,7353
31155,12507
31156,10680
31157,18448
31158,6326
31159,3341
31160,29300
31161,3794
31162,9988
31163,6977
31164,26432
31165,15902
31166,2932
31167,17286
31168,7410
31169,3317
31170,4662
31171,7944
31172,28977
31173,4931
31174,9035
31175,16112
31176,26831
31177,21077
31178,12178
31179,16208
31180,18809
31181,4621
31182,27403
31183,13512
31184,17758
31185,2143
31186,6860
31187,25245
31188,18659
31189,5117
31190,8639
31191,29507
31192,11427
31193,23405
31194,5190
31195,19678
31196,1548
31197,7005
31198,5881
31199,21662
31200,8688
31201,3356
31202,8165
31203,16800
31204,5434
31205,7631
31206,28637
31207,1996
31208,28183
31209,9710
31210,7227
31211,28152
31212,2530
31213,5175
31214,5176
31215,17314
31216,5527
31217,22122
31218,7270
31219,11098
31220,27147
31221,26932
31222,19813
31223,11522
31224,8842
31225,1716
31226,7689
31227,29088
31228,5495
31229,8085
31230,24428
31231,29902
31232,7346
31233,9727
31234,5086
31235,27868
31236,3983
31237,25454
31238,10617
31239,16261
31240,12976
31241,1380
31242,12658
31243,26225
31244,15476
31245,10041
31246,2487
31247,29791
31248,16968
31249,14891
31250,5607
31251,29929
31252,14059
31253,6640
31254,14109
31255,8139
31256,7659
31257,26270
31258,27149
31259,19926
31260,25735
31261,3848
31262,8818
31263,1088
31264,26086
31265,3257
31266,28880
31267,24483
31268,12740
31269,1595
31270,11685
31271,24902
31272,17404
31273,565
31274,6584
31275,26488
31276,20270
31277,27620
31278,19478
31279,24071
31280,2418
31281,27073
31282,23798
31283,26607
31284,28022
31285,23779
31286,17577
31287,664
31288,2325
31289,29014
31290,27009
31291,19397
31292,13672
31293,15117
31294,1255
31295,16409
31296,12197
31297,6792
31298,15617
31299,19589
31300,25150
31301,25952
31302,609
31303,23457
31304,7762
31305,3761
31306,4220
31307,2262
31308,2972
31309,899
31310,15991
31311,19505
31312,4542
31313,12834
31314,18182
31315,1029
31316,8967
31317,5806
31318,21758
31319,4936
31320,2397
31321,19212
31322,16195
31323,20447
31324,2090
31325,19049
31326,28585
31327,29265
31328,27949
31329,5303
31330,24590
31331,21739
31332,2165
31333,570
31334,21596
31335,10923
31336,29779
31337,19068
31338,8501
31339,10207
31340,23964
31341,3861
31342,10897
31343,15253
31344,23439
31345,28296
31346,13742
31347,23365
31348,4307
31349,725
31350,22719
31351,15736
31352,10971
31353,23945
31354,15754
31355,17407
31356,7952
31357,8807
31358,23270
31359,26414
31360,11393
31361,28027
31362,29640
31363,14522
31364,12009
31365,21355
31366,4837
31367,6357
31368,24321
31369,10483
31370,14907
31371,15667
31372,17012
31373,1129
31374,21100
31375,25715
31376,700
31377,1383
31378,16190
31379,16781
31380,21455
31381,13055
31382,18117
31383,17452
31384,21433
31385,2682
31386,11013
31387,7671
31388,20268
31389,6334
31390,18309
31391,29377
31392,23436
31393,13236
31394,3829
31395,15360
31396,8023
31397,4932
31398,3543
31399,29022
31400,19812
31401,18718
31402,26562
31403,1792
31404,26966
31405,5340
31406,1361
31407,9820
31408,2328
31409,11174
31410,24015
31411,8786
31412,14501
31413,24671
31414,21603
31415,6822
31416,27959
31417,15290
31418,8813
31419,14704
31420,18626
31421,27864
31422,28569
31423,20257
31424,15093
31425,28299
31426,397
31427,6527
31428,29596
31429,23601
31430,21301
31431,18494
31432,13169
31433,21309
31434,15149
31435,3002
31436,26666
31437,13360
31438,14068
31439,19929
31440,14654
31441,2753
31442,6414
31443,15085
31444,5925
31445,4483
31446,1886
31447,23798
31448,23304
31449,7290
31450,579
31451,9597
31452,5606
31453,5628
31454,936
31455,6992
31456,11702
31457,2124
31458,3764
31459,23591
31460,9430
31461,1793
31462,20172
31463,6006
31464,25483
31465,21050
31466,22729
31467,25060
31468,13936
31469,10094
31470,3486
31471,29676
31472,23468
31473,24648
31474,17953
31475,24505
31476,23802
31477,15737
31478,8440
31479,23216
31480,23235
31481,20415
31482,13966
31483,28741
31484,8944
31485,1909
31486,18655
31487,8861
31488,1997
31489,22664
31490,5838
31491,27102
31492,15213
31493,22544
31494,12483
31495,20713
31496,12917
31497,19557
31498,3899
31499,25294
31500,10495
31501,5787
31502,7760
31503,18444
31504,6652
31505,23214
31506,2089
31507,18900
31508,20602
31509,19697
31510,18971
31511,2790
31512,10583
31513,18503
31514,9368
31515,7500
31516,16683
31517,27117
31518,24439
31519,1711
31520,9195
31521,15556
31522,9082
31523,18900
31524,16215
31525,10119
31526,18002
31527,9951
31528,14855
31529,6789
31530,3641
31531,29438
31532,2949
31533,29753
31534,13072
31535,24186
31536,15706
31537,12880
31538,29282
31539,18415
31540,2955
31541,1200
31542,23781
31543,21398
31544,2227
31545,18421
31546,2628
31547,1621
31548,5778
31549,10912
31550,27307
31551,11205
31552,12004
31553,19709
31554,21481
31555,28715
31556,12469
31557,11241
31558,13911
31559,6021
31560,9288
31561,28502
31562,1154
31563,12137
31564,29490
31565,7770
31566,24754
31567,28741
31568,12557
31569,475
31570,5166
31571,20608
31572,21891
31573,27197
31574,27984
31575,22084
31576,26249
31577,24752
31578,14377
31579,13105
31580,11208
31581,23982
31582,27267
31583,5335
31584,11661
31585,24870
31586,18627
31587,26673
31588,4774
31589,4981
31590,4397
31591,11836
31592,5937
31593,26073
31594,19136
31595,28506
31596,3854
31597,8069
31598,18996
31599,14797
31600,18417
31601,28509
31602,5101
31603,23240
31604,4337
31605,20774
31606,10502
31607,23932
31608,1678
31609,2106
31610,5242
31611,24961
31612,4311
31613,11743
31614,25243
31615,14113
31616,7502
31617,8133
31618,26516
31619,14453
31620,17526
31621,531
31622,18516
31623,25243
31624,20633
31625,16437
31626,20266
31627,4832
31628,9772
31629,29915
31630,5044
31631,9011
31632,22311
31633,4299
31634,28675
31635,1396
31636,2200
31637,18873
31638,18343
31639,10065
31640,15982
31641,29003
31642,13617
31643,9011
31644,25725
31645,29848
31646,16237
31647,8135
31648,8733
31649,17211
31650,4049
31651,5103
31652,11792
31653,14449
31654,4006
31655,13032
31656,11077
31657,29538
31658,20709
31659,29415
31660,20223
31661,14598
31662,10818
31663,19938
31664,27485
31665,9532
31666,482
31667,21885
31668,12250
31669,5684
31670,9088
31671,26338
31672,22114
31673,19975
31674,24515
31675,7942
31676,10162
31677,21722
31678,8316
31679,25874
31680,25583
31681,22968
31682,29795
31683,29560
31684,11278
31685,24239
31686,26273
31687,19721
31688,4241
31689,11866
31690,19303
31691,22506
31692,21282
31693,22889
31694,11270
31695,1727
31696,20100
31697,12975
31698,18273
31699,20666
31700,20892
31701,7185
31702,26258
31703,20101
31704,241
31705,26485
31706,5169
31707,8730
31708,12686
31709,3253
31710,10259
31711,8844
31712,10630
31713,28668
31714,23930
31715,17083
31716,2512
31717,17075
31718,27743
31719,12246
31720,22938
31721,6552
31722,7497
31723,9693
31724,24882
31725,27873
31726,11482
31727,21493
31728,12924
31729,26720
31730,10625
31731,11970
31732,5130
31733,13460
31734,15332
31735,25372
31736,13760
31737,13630
31738,4659
31739,11282
31740,18247
31741,10253
31742,1204
31743,9881
31744,7478
31745,4830
31746,23587
31747,2261
31748,16254
31749,25177
31750,25052
31751,1237
31752,8812
31753,14665
31754,28344
31755,29795
31756,2673
31757,4989
31758,2464
31759,7990
31760,9104
31761,887
31762,16882
31763,1011
31764,23846
31765,14831
31766,9125
31767,26976
31768,20031
31769,6771
31770,21446
31771,29433
31772,6610
31773,15360
31774,9599
31775,1397
31776,2778
31777,27557
31778,15373
31779,5012
31780,14772
31781,18122
31782,29605
31783,17616
31784,4789
31785,21543
31786,5620
31787,9588
31788,10291
31789,11714
31790,20007
31791,22080
31792,5370
31793,26511
31794,2985
31795,11327
31796,16468
31797,2949
31798,22060
31799,18371
31800,13555
31801,18159
31802,22753
31803,7914
31804,17533
31805,25937
31806,13553
31807,26331
31808,14753
31809,10047
31810,29953
31811,13802
31812,23244
31813,8842
31814,1900
31815,29696
31816,24400
31817,2838
31818,3971
31819,27442
31820,24650
31821,13277
31822,28065
31823,1787
31824,22316
31825,888
31826,6313
31827,7423
31828,20001
31829,20782
31830,27617
31831,27701
31832,25722
31833,322
31834,27511
31835,2425
31836,5163
31837,6114
31838,14138
31839,15446
31840,16174
31841,16343
31842,29937
31843,22885
31844,27488
31845,29804
31846,23004
31847,27096
31848,9666
31849,22119
31850,16689
31851,7733
31852,16440
31853,28612
31854,5337
31855,4496
31856,29323
31857,7365
31858,17026
31859,4856
31860,12777
31861,4413
31862,15516
31863,1506
31864,8686
31865,1127
31866,4568
31867,29128
31868,15853
31869,23341
31870,28882
31871,11646
31872,11763
31873,20186
31874,25557
31875,9271
31876,12435
31877,22214
31878,3465
31879,5960
31880,9195
31881,11698
31882,2885
31883,27592
31884,20397
31885,22662
31886,1611
31887,26131
31888,22291
31889,28811
31890,10803
31891,9736
31892,11660
31893,15093
31894,16907
31895,2343
31896,23108
31897,1358
31898,28991
31899,14249
31900,25009
31901,10378
31902,19755
31903,10792
31904,18731
31905,25699
31906,26411
31907,5561
31908,29350
31909,25642
31910,7915
31911,5232
31912,3864
31913,23998
31914,16878
31915,21450
31916,21446
31917,8289
31918,12123
31919,21512
31920,25398
31921,23831
31922,6914
31923,13572
31924,18910
31925,10155
31926,20290
31927,5738
31928,1546
31929,29802
31930,1613
31931,15062
31932,8316
31933,25596
31934,18066
31935,7212
31936,15597
31937,21780
31938,1894
31939,19596
31940,8544
31941,14486
31942,19681
31943,4480
31944,18527
31945,27570
31946,16744
31947,24936
31948,10457
31949,11915
31950,26911
31951,28723
31952,14411
31953,17607
31954,19010
31955,1931
31956,12101
31957,4245
31958,16719
31959,26393
31960,23997
31961,29029
31962,15525
31963,23717
31964,22367
31965,15518
31966,6306
31967,11066
31968,8802
31969,8418
31970,4186
31971,15339
31972,23863
31973,1578
31974,7033
31975,14496
31976,28240
31977,16502
31978,8929
31979,6997
31980,7906
31981,25447
31982,13239
31983,25595
31984,26313
31985,14027
31986,11499
31987,9848
31988,2637
31989,17913
31990,1051
31991,7300
31992,27929
31993,24326
31994,10281
31995,20586
31996,13904
31997,4094
31998,4998
31999,19441
32000,12889
32001,20086
32002,27755
32003,12709
32004,15783
32005,26932
32006,8031
32007,20622
32008,5482
32009,4179
32010,22585
32011,9368
32012,9240
32013,13357
32014,2981
32015,18990
32016,10627
32017,26652
32018,14764
32019,23382
32020,16107
32021,12048
32022,10802
32023,13992
32024,2927
32025,11068
32026,12730
32027,12393
32028,29429
32029,9721
32030,10442
32031,9362
32032,482
32033,26064
32034,23358
32035,24150
32036,26623
32037,2154
32038,25836
32039,26282
32040,28100
32041,15272
32042,15229
32043,22020
32044,6313
32045,1945
32046,9742
32047,23551
32048,13193
32049,27170
32050,27762
32051,16171
32052,10491
32053,5341
32054,23994
32055,20972
32056,5205
32057,18748
32058,2925
32059,2869
32060,18215
32061,4103
32062,2095
32063,20140
32064,10042
32065,27073
32066,21781
32067,5504
32068,24930
32069,27164
32070,9761
32071,15619
32072,15580
32073,10293
32074,4625
32075,4430
32076,11562
32077,16118
32078,5396
32079,3196
32080,13759
32081,29522
32082,9383
32083,16660
32084,2247
32085,14657
32086,28669
32087,2892
32088,3992
32089,15768
32090,8388
32091,17907
32092,28649
32093,9499
32094,9873
32095,20857
32096,2344
32097,6505
32098,16060
32099,20822
32100,8853
32101,3023
32102,15273
32103,1517
32104,21756
32105,28734
32106,21687
32107,15685
32108,24994
32109,12724
32110,1480
32111,17498
32112,4338
32113,21358
32114,19848
32115,13056
32116,5584
32117,19947
32118,27211
32119,17399
32120,16880
32121,19110
32122,4123
32123,11226
32124,1153
32125,20661
32126,2339
32127,12545
32128,7283
32129,20954
32130,26168
32131,5370
32132,26998
32133,10476
32134,17489
32135,8160
32136,19849
32137,5103
32138,29665
32139,29861
32140,24881
32141,13537
32142,23765
32143,6608
32144,11756
32145,27508
32146,13310
32147,6502
32148,2644
32149,24211
32150,2776
32151,20553
32152,2332
32153,17188
32154,17859
32155,20603
32156,6936
32157,2165
32158,9625
32159,19793
32160,4129
32161,13552
32162,15008
32163,3794
32164,23342
32165,21800
32166,22630
32167,8441
32168,2290
32169,8057
32170,20230
32171,4955
32172,25903
32173,23271
32174,15936
32175,7480
32176,18407
32177,28717
32178,21866
32179,8012
32180,7050
32181,11398
32182,17336
32183,8531
32184,7431
32185,24327
32186,28480
32187,6853
32188,15778
32189,579
32190,10730
32191,25395
32192,13142
32193,4273
32194,27921
32195,2819
32196,24888
32197,6877
32198,859
32199,19113
32200,13912
32201,8825
32202,11999
32203,8841
32204,6857
32205,8078
32206,5742
32207,23170
32208,17551
32209,13830
32210,22570
32211,16791
32212,27062
32213,5625
32214,22874
32215,5952
32216,22957
32217,21436
32218,11843
32219,15881
32220,23428
32221,23705
32222,14620
32223,11042
32224,29947
32225,2354
32226,2580
32227,8989
32228,19975
32229,4754
32230,22744
32231,7972
32232,13906
32233,11850
32234,19912
32235,29076
32236,22187
32237,5049
32238,17779
32239,1228
32240,22893
32241,16636
32242,18165
32243,21449
32244,29415
32245,4618
32246,20914
32247,15564
32248,1652
32249,8263
32250,12632
32251,11667
32252,13533
32253,3102
32254,18576
32255,15713
32256,2806
32257,17763
32258,3002
32259,5268
32260,14689
32261,20058
32262,16415
32263,7003
32264,19113
32265,26359
32266,5094
32267,3411
32268,9651
32269,19561
32270,25712
32271,17777
32272,1275
32273,19164
32274,10570
32275,8777
32276,10755
32277,1917
32278,4197
32279,29547
32280,17973
32281,11379
32282,8621
32283,21023
32284,13539
32285,19925
32286,26886
32287,13620
32288,1570
32289,12014
32290,2393
32291,5915
32292,29212
32293,29078
32294,18015
32295,26520
32296,25300
32297,1553
32298,11440
32299,28757
32300,16644
32301,6602
32302,16724
32303,7512
32304,3230
32305,29912
32306,13571
32307,13287
32308,13845
32309,7066
32310,14320
32311,5394
32312,4596
32313,25294
32314,20822
32315,13664
32316,16235
32317,21795
32318,11459
32319,10672
32320,2556
32321,12751
32322,8828
32323,2822
32324,20637
32325,1019
32326,29487
32327,26458
32328,8320
32329,9444
32330,11268
32331,8518
32332,21924
32333,5798
32334,22618
32335,26598
32336,3076
32337,8272
32338,23889
32339,5436
32340,10293
32341,24416
32342,13863
32343,6579
32344,13174
32345,6519
32346,22139
32347,3907
32348,9533
32349,20316
32350,1504
32351,14089
32352,7915
32353,15605
32354,15838
32355,22017
32356,2606
32357,496
32358,11882
32359,28074
32360,15219
32361,7092
32362,11997
32363,8424
32364,12800
32365,29772
32366,8319
32367,17179
32368,29122
32369,2838
32370,20271
32371,14005
32372,28961
32373,18135
32374,11572
32375,27484
32376,29530
32377,20256
32378,20109
32379,19584
32380,22941
32381,551
32382,22754
32383,7004
32384,2897
32385,16371
32386,15228
32387,10093
32388,25039
32389,24983
32390,12851
32391,21656
32392,22162
32393,21833
32394,27716
32395,9098
32396,28732
32397,22520
32398,8887
32399,14065
32400,9180
32401,8014
32402,4246
32403,20239
32404,4172
32405,2403
32406,10656
32407,29533
32408,6024
32409,24548
32410,1647
32411,3364
32412,22536
32413,20579
32414,287
32415,22224
32416,18429
32417,11554
32418,5643
32419,26189
32420,2278
32421,24623
32422,17347
32423,944
32424,6448
32425,27803
32426,13472
32427,11622
32428,16897
32429,8706
32430,9886
32431,1121
32432,21384
32433,26416
32434,20253
32435,22536
32436,19815
32437,6670
32438,4054
32439,21276
32440,24063
32441,23570
32442,1910
32443,5801
32444,23416
32445,901
32446,16653
32447,8082
32448,25440
32449,17835
32450,2264
32451,18310
32452,25337
32453,2211
32454,17736
32455,27164
32456,20589
32457,1117
32458,13537
32459,2145
32460,24308
32461,973
32462,16357
32463,19506
32464,5098
32465,21061
32466,14710
32467,2601
32468,10077
32469,1282
32470,28335
32471,18220
32472,586
32473,26692
32474,5644
32475,11362
32476,14400
32477,5584
32478,21585
32479,24433
32480,26094
32481,18204
32482,11650
32483,7395
32484,27668
32485,24261
32486,16412
32487,1098
32488,14804
32489,13416
32490,6602
32491,6598
32492,7201
32493,24662
32494,28960
32495,29884
32496,17333
32497,29120
32498,20857
32499,25996
32500,7157
32501,5661
32502,17910
32503,11498
32504,16535
32505,1596
32506,18525
32507,28269
32508,16781
32509,20245
32510,3233
32511,15384
32512,23141
32513,24121
32514,25807
32515,16037
32516,22945
32517,4183
32518,6453
32519,5127
32520,20564
32521,19366
32522,2425
32523,26852
32524,25803
32525,26502
32526,27622
32527,22259
32528,2252
32529,25839
32530,29361
32531,16831
32532,5503
32533,28498
32534,7474
32535,11579
32536,19093
32537,23361
32538,28711
32539,18409
32540,29238
32541,1778
32542,18541
32543,22317
32544,21644
32545,8748
32546,13611
32547,27170
32548,27777
32549,8187
32550,16263
32551,140
32552,9812
32553,26679
32554,21016
32555,1176
32556,4176
32557,21617
32558,1087
32559,21705
32560,6482
32561,7831
32562,12020
32563,16919
32564,5460
32565,2996
32566,8089
32567,13724
32568,22458
32569,19283
32570,20782
32571,21462
32572,20757
32573,29441
32574,23220
32575,10626
32576,11476
32577,21636
32578,20803
32579,23107
32580,20053
32581,29138
32582,21559
32583,17709
32584,15634
32585,2395
32586,9959
32587,13817
32588,1512
32589,26705
32590,24945
32591,14572
32592,21573
32593,21436
32594,3248
32595,7742
32596,12319
32597,28296
32598,27118
32599,11268
32600,8320
32601,15163
32602,28541
32603,26002
32604,5422
32605,17870
32606,793
32607,12237
32608,12658
32609,29895
32610,9750
32611,16413
32612,5667
32613,11589
32614,22769
32615,11823
32616,29468
32617,184
32618,12694
32619,8227
32620,17466
32621,10541
32622,20500
32623,15811
32624,11435
32625,6545
32626,21097
32627,11212
32628,181
32629,17440
32630,5822
32631,13491
32632,22284
32633,25739
32634,15314
32635,3869
32636,13121
32637,10154
32638,22792
32639,6440
32640,14874
32641,29931
32642,2980
32643,14321
32644,9985
32645,2283
32646,18318
32647,1139
32648,28218
32649,18376
32650,10581
32651,20981
32652,1209
32653,19822
32654,27504
32655,17344
32656,2717
32657,21374
32658,20088
32659,6801
32660,8121
32661,10234
32662,24828
32663,9417
32664,24235
32665,29598
32666,3326
32667,8153
32668,24515
32669,25519
32670,185
32671,16908
32672,21199
32673,8491
32674,4507
32675,18255
32676,28893
32677,11413
32678,6127
32679,24464
32680,4202
32681,7529
32682,10238
32683,952
32684,20516
32685,14495
32686,5190
32687,25767
32688,24059
32689,15002
32690,9755
32691,16246
32692,20489
32693,3646
32694,2799
32695,23853
32696,12815
32697,27325
32698,4059
32699,25248
32700,12282
32701,28145
32702,29595
32703,26623
32704,17207
32705,7519
32706,16207
32707,24726
32708,22537
32709,29348
32710,12136
32711,21010
32712,20778
32713,12149
32714,3066
32715,14677
32716,23736
32717,22822
32718,8588
32719,13533
32720,5683
32721,29037
32722,23286
32723,4646
32724,14112
32725,24982
32726,29269
32727,3423
32728,24320
32729,2111
32730,11542
32731,5132
32732,6309
32733,7089
32734,20537
32735,6410
32736,13531
32737,23480
32738,5815
32739,14689
32740,7785
32741,18630
32742,17948
32743,28941
32744,11597
32745,27963
32746,13760
32747,28085
32748,4449
32749,26806
32750,15070
32751,13697
32752,4731
32753,13676
32754,10552
32755,1828
32756,11760
32757,21613
32758,24414
32759,10090
32760,5164
32761,20143
32762,2029
32763,2168
32764,8218
32765,7023
32766,4733
32767,22249
32768,15818
32769,2654
32770,22183
32771,23505
32772,13058
32773,19365
32774,15567
32775,21943
32776,18099
32777,29848
32778,19544
32779,12852
32780,23133
32781,24238
32782,16665
32783,7016
32784,17922
32785,1835
32786,2491
32787,13391
32788,1475
32789,20065
32790,11375
32791,5836
32792,4916
32793,10693
32794,27363
32795,6085
32796,2713
32797,11899
32798,3241
32799,1051
32800,20012
32801,15786
32802,27884
32803,23680
32804,21728
32805,20914
32806,12053
32807,7412
32808,5625
32809,23566
32810,9620
32811,5316
32812,21209
32813,20457
32814,27920
32815,15481
32816,16799
32817,27374
32818,1362
32819,17582
32820,29197
32821,16543
32822,4303
32823,11693
32824,3520
32825,1125
32826,7856
32827,20999
32828,4932
32829,17804
32830,13139
32831,15380
32832,22380
32833,19867
32834,16606
32835,8577
32836,14613
32837,2267
32838,12233
32839,10366
32840,10794
32841,20005
32842,27405
32843,13472
32844,5080
32845,10648
32846,21680
32847,5444
32848,20960
32849,25288
32850,5094
32851,20425
32852,9064
32853,2099
32854,22754
32855,3673
32856,21667
32857,9028
32858,15008
32859,7239
32860,10011
32861,5220
32862,27809
32863,11731
32864,8068
32865,20201
32866,1812
32867,6209
32868,22065
32869,8306
32870,20020
32871,6215
32872,2166
32873,20040
32874,23228
32875,1870
32876,27047
32877,23248
32878,28951
32879,22681
32880,2125
32881,8667
32882,6604
32883,23328
32884,10597
32885,28678
32886,18854
32887,8276
32888,2842
32889,15886
32890,21267
32891,13765
32892,26109
32893,16250
32894,29811
32895,11526
32896,22206
32897,7606
32898,7477
32899,17328
32900,11527
32901,27041
32902,6118
32903,14197
32904,21342
32905,15449
32906,20753
32907,455
32908,25758
32909,4492
32910,22802
32911,21950
32912,3935
32913,10885
32914,1176
32915,15336
32916,7258
32917,18104
32918,7074
32919,20626
32920,21675
32921,19983
32922,12323
32923,20558
32924,29785
32925,12399
32926,21078
32927,4704
32928,20926
32929,10803
32930,26074
32931,16309
32932,20779
32933,19132
32934,14533
32935,476
32936,13605
32937,3348
32938,19358
32939,3635
32940,6699
32941,11598
32942,19746
32943,24828
32944,5369
32945,26647
32946,2630
32947,3498
32948,9838
32949,27955
32950,7451
32951,20976
32952,27235
32953,1498
32954,18243
32955,5246
32956,24060
32957,17128
32958,6229
32959,29680
32960,1273
32961,4179
32962,27397
32963,11887
32964,8710
32965,1283
32966,16966
32967,26101
32968,21818
32969,26391
32970,29197
32971,11743
32972,414
32973,29635
32974,15941
32975,1220
32976,26965
32977,19841
32978,16606
32979,5902
32980,14946
32981,7217
32982,988
32983,19883
32984,6214
32985,2334
32986,13518
32987,1217
32988,20730
32989,20528
32990,13294
32991,19433
32992,16344
32993,22867
32994,19715
32995,18409
32996,4524
32997,19574
32998,19573
32999,20430
33000,20751
33001,11677
33002,4086
33003,2986
33004,27092
33005,3742
33006,2985
33007,13091
33008,11509
33009,28850
33010,28575
33011,26308
33012,26054
33013,567
33014,6945
33015,10653
33016,29614
33017,26822
33018,7723
33019,28933
33020,26155
33021,2415
33022,813
33023,17844
33024,15876
33025,8662
33026,10668
33027,12166
33028,29545
33029,6703
33030,7419
33031,20795
33032,23549
33033,12618
33034,7542
33035,20221
33036,10218
33037,3528
33038,29939
33039,7325
33040,28113
33041,1603
33042,18984
33043,22502
33044,18840
33045,12437
33046,29146
33047,20230
33048,19297
33049,6593
33050,21565
33051,5368
33052,8565
33053,26350
33054,10552
33055,3624
33056,14575
33057,19113
33058,20559
33059,1662
33060,6714
33061,19173
33062,26712
33063,27870
33064,21283
33065,6185
33066,24348
33067,25643
33068,27943
33069,797
33070,19759
33071,25854
33072,26918
33073,3201
33074,25081
33075,12543
33076,6480
33077,882
33078,29314
33079,27045
33080,25332
33081,17902
33082,25684
33083,3534
33084,23062
33085,24477
33086,9238
33087,4326
33088,12629
33089,11930
33090,22905
33091,20799
33092,1141
33093,15271
33094,21767
33095,25750
33096,18761
33097,29271
33098,10570
33099,2174
33100,13749
33101,27728
33102,1307
33103,25836
33104,1946
33105,13029
33106,7163
33107,25257
33108,15322
33109,3335
33110,12271
33111,779
33112,11961
33113,26560
33114,8630
33115,21498
33116,3224
33117,1052
33118,2743
33119,21529
33120,27616
33121,19562
33122,28628
33123,25804
33124,6078
33125,15157
33126,26468
33127,1701
33128,20110
33129,1031
33130,21294
33131,24190
33132,29717
33133,9195
33134,17079
33135,8186
33136,14438
33137,27560
33138,9879
33139,18981
33140,5825
33141,4911
33142,11546
33143,22663
33144,21355
33145,26022
33146,18110
33147,17655
33148,11099
33149,17755
33150,24660
33151,7382
33152,13569
33153,19111
33154,14936
33155,5089
33156,28718
33157,27180
33158,13337
33159,24610
33160,20097
33161,17029
33162,24469
33163,25230
33164,24938
33165,4610
33166,1984
33167,20969
33168,10114
33169,29148
33170,8521
33171,1042
33172,17976
33173,29012
33174,29267
33175,25354
33176,13735
33177,3008
33178,22713
33179,8267
33180,21452
33181,3785
33182,6831
33183,16074
33184,15911
33185,15644
33186,14520
33187,4732
33188,28952
33189,1588
33190,25409
33191,5472
33192,7147
33193,12533
33194,12981
33195,19715
33196,25751
33197,13856
33198,1408
33199,19659
33200,5661
33201,19465
33202,26188
33203,17646
33204,19133
33205,3847
33206,4197
33207,2614
33208,22152
33209,1155
33210,21265
33211,6956
33212,14362
33213,17492
33214,12780
33215,17561
33216,13153
33217,28917
33218,3551
33219,19972
33220,16629
33221,6397
33222,6985
33223,6443
33224,24650
33225,26084
33226,19524
33227,19043
33228,12599
33229,16242
33230,18064
33231,10311
33232,27593
33233,27711
33234,5451
33235,27724
33236,23886
33237,21558
33238,26479
33239,10772
33240,24031
33241,23264
33242,23161
33243,28660
33244,8171
33245,4720
33246,13194
33247,19928
33248,24698
33249,14008
33250,12685
33251,21648
33252,1469
33253,17633
33254,23039
33255,27168
33256,26538
33257,26835
33258,22877
33259,29974
33260,14582
33261,7082
33262,857
33263,8140
33264,626
33265,1873
33266,21792
33267,18288
33268,16571
33269,24361
33270,9793
33271,12498
33272,20180
33273,17148
33274,15241
33275,12325
33276,23502
33277,21175
33278,535
33279,1214
33280,346
33281,7244
33282,9962
33283,18937
33284,4899
33285,24355
33286,22598
33287,6279
33288,28296
33289,4079
33290,21264
33291,6170
33292,26866
33293,15949
33294,11748
33295,11921
33296,29689
33297,17503
33298,14323
33299,19119
33300,5257
33301,16730
33302,3806
33303,11505
33304,4561
33305,3810
33306,18343
33307,25411
33308,7923
33309,29187
33310,3279
33311,23016
33312,28341
33313,6134
33314,5600
33315,7544
33316,1386
33317,21630
33318,20556
33319,22916
33320,13558
33321,6361
33322,10623
33323,17133
33324,28157
33325,16471
33326,12012
33327,8721
33328,10899
33329,15707
33330,29258
33331,16855
33332,25335
33333,16356
33334,28962
33335,29058
33336,28467
33337,26486
33338,13091
33339,5033
33340,29214
33341,29298
33342,17687
33343,29048
33344,24636
33345,5009
33346,14699
33347,26149
33348,6237
33349,18687
33350,8773
33351,1583
33352,19661
33353,25858
33354,1621
33355,19982
33356,12553
33357,28063
33358,13606
33359,25380
33360,12745
33361,20390
33362,13289
33363,24935
33364,18294
33365,4429
33366,16580
33367,27424
33368,29321
33369,7258
33370,14161
33371,22461
33372,1330
33373,15629
33374,16386
33375,29299
33376,27584
33377,19827
33378,11383
33379,23978
33380,18773
33381,14504
33382,13666
33383,24702
33384,7507
33385,16073
33386,13108
33387,27618
33388,2740
33389,16413
33390,6323
33391,2828
33392,28120
33393,27485
33394,22947
33395,26910
33396,14488
33397,23652
33398,26004
33399,21584
33400,27818
33401,3245
33402,5305
33403,27080
33404,19069
33405,29699
33406,7365
33407,19318
33408,21981
33409,4751
33410,14789
33411,24622
33412,6671
33413,22625
33414,20061
33415,27852
33416,1786
33417,11852
33418,22887
33419,6395
33420,9004
33421,14987
33422,8383
33423,10450
33424,23997
33425,23794
33426,11564
33427,28116
33428,7814
33429,22003
33430,20358
33431,16678
33432,22741
33433,16013
33434,24708
33435,28642
33436,12386
33437,11632
33438,6121
33439,25122
33440,1490
33441,6284
33442,10747
33443,6930
33444,25323
33445,21834
33446,25740
33447,1684
33448,17330
33449,23261
33450,24812
33451,16686
33452,15472
33453,25322
33454,27575
33455,29681
33456,24327
33457,357
33458,16919
33459,14341
33460,9624
33461,8755
33462,13053
33463,19294
33464,10972
33465,15056
33466,15537
33467,1847
33468,3380
33469,14441
33470,16521
33471,15475
33472,826
33473,21065
33474,5507
33475,834
33476,25326
33477,18924
33478,21931
33479,28743
33480,9804
33481,5435
33482,12481
33483,5820
33484,6144
33485,9914
33486,4586
33487,4768
33488,28376
33489,3016
33490,908
33491,28005
33492,15207
33493,15928
33494,9788
33495,28119
33496,20269
33497,21700
33498,15039
33499,19458
33500,12918
33501,23450
33502,21082
33503,22193
33504,12584
33505,11362
33506,8533
33507,8813
33508,20393
33509,10126
33510,24240
33511,9897
33512,3437
33513,5158
33514,3917
33515,21880
33516,5150
33517,24909
33518,2101
33519,12384
33520,29182
33521,1553
33522,25740
33523,25475
33524,24007
33525,27381
33526,11974
33527,9228
33528,12516
33529,11543
33530,12789
33531,12203
33532,24282
33533,8648
33534,12954
33535,16445
33536,9338
33537,11767
33538,19439
33539,19606
33540,10114
33541,16293
33542,3748
33543,10645
33544,21477
33545,25646
33546,14174
33547,11994
33548,15484
33549,12180
33550,18320
33551,25436
33552,4775
33553,18559
33554,20323
33555,136
33556,22091
33557,15941
33558,12722
33559,6722
33560,5604
33561,333
33562,7955
33563,26821
33564,20839
33565,10069
33566,696
33567,5152
33568,10027
33569,21147
33570,21445
33571,4995
33572,8851
33573,24400
33574,22150
33575,4730
33576,5722
33577,2107
33578,456
33579,10190
33580,16219
33581,6350
33582,7161
33583,29902
33584,5866
33585,20819
33586,26488
33587,2825
33588,17387
33589,19289
33590,1139
33591,20581
33592,10315
33593,2812
33594,4736
33595,13262
33596,26817
33597,19189
33598,22428
33599,26794
33600,28283
33601,6368
33602,20845
33603,13428
33604,9349
33605,18849
33606,15520
33607,6622
33608,14383
33609,6872
33610,14911
33611,10376
33612,12470
33613,22529
33614,14054
33615,23816
33616,27109
33617,3045
33618,10316
33619,2492
33620,1129
33621,27066
33622,19499
33623,16849
33624,2878
33625,4136
33626,11680
33627,4968
33628,1553
33629,5554
33630,9861
33631,24037
33632,424
33633,7099
33634,22879
33635,25069
33636,2170
33637,11891
33638,1964
33639,19897
33640,22012
33641,13326
33642,12990
33643,23890
33644,19903
33645,29917
33646,28784
33647,13169
33648,15304
33649,22477
33650,11842
33651,13865
33652,18685
33653,14121
33654,9311
33655,7104
33656,20801
33657,18213
33658,15317
33659,28261
33660,14614
33661,23573
33662,15313
33663,10927
33664,21484
33665,23413
33666,28294
33667,8107
33668,19003
33669,27538
33670,21586
33671,486
33672,4345
33673,217
33674,13475
33675,7509
33676,10165
33677,6644
33678,8099
33679,4635
33680,13696
33681,6964
33682,22621
33683,19181
33684,5449
33685,3845
33686,21746
33687,4695
33688,7451
33689,5525
33690,28926
33691,3444
33692,22170
33693,2937
33694,29655
33695,12645
33696,21867
33697,17715
33698,4913
33699,22801
33700,9505
33701,17675
33702,27907
33703,5736
33704,27986
33705,6853
33706,21020
33707,9327
33708,8654
33709,27352
33710,3345
33711,8709
33712,22757
33713,26857
33714,15467
33715,10292
33716,27986
33717,6162
33718,14748
33719,25442
33720,2319
33721,28369
33722,12333
33723,4772
33724,23904
33725,13926
33726,24420
33727,16501
33728,12317
33729,9780
33730,22449
33731,18174
33732,15363
33733,21955
33734,11402
33735,2160
33736,8408
33737,858
33738,28916
33739,11084
33740,13488
33741,10247
33742,14880
33743,1526
33744,22587
33745,23215
33746,12516
33747,1888
33748,21777
33749,24888
33750,19125
33751,20739
33752,9483
33753,14856
33754,9258
33755,13955
33756,16970
33757,29138
33758,3575
33759,15191
33760,7732
33761,5264
33762,14014
33763,2770
33764,3524
33765,24162
33766,17445
33767,2950
33768,9876
33769,3573
33770,21627
33771,12345
33772,8784
33773,15057
33774,16664
33775,9642
33776,26390
33777,23800
33778,9155
33779,29705
33780,11298
33781,16499
33782,21148
33783,13797
33784,3708
33785,11467
33786,27176
33787,28181
33788,2170
33789,19005
33790,5059
33791,15856
33792,28223
33793,24881
33794,29577
33795,4091
33796,4014
33797,23428
33798,23129
33799,26968
33800,17300
33801,19783
33802,22101
33803,25181
33804,3310
33805,5024
33806,7455
33807,10997
33808,16873
33809,24489
33810,28612
33811,4843
33812,12125
33813,1048
33814,6241
33815,25548
33816,16380
33817,7810
33818,18487
33819,27777
33820,11858
33821,9626
33822,16279
33823,23791
33824,4110
33825,28627
33826,19752
33827,25955
33828,9871
33829,23919
33830,29550
33831,17287
33832,19943
33833,18099
33834,4855
33835,22280
33836,21219
33837,12107
33838,9643
33839,17695
33840,24526
33841,13612
33842,4150
33843,27314
33844,12913
33845,15686
33846,6052
33847,21227
33848,17547
33849,19746
33850,20286
33851,29593
33852,13279
33853,17906
33854,22441
33855,19115
33856,28836
33857,1854
33858,25169
33859,5031
33860,20680
33861,28659
33862,23598
33863,14050
33864,24217
33865,24341
33866,19636
33867,26909
33868,20398
33869,16971
33870,15130
33871,19873
33872,21116
33873,21190
33874,2572
33875,7061
33876,20356
33877,16001
33878,7076
33879,6338
33880,18903
33881,12769
33882,749
33883,20390
33884,5022
33885,4340
33886,14075
33887,8194
33888,29896
33889,18774
33890,27105
33891,27281
33892,21324
33893,23819
33894,5842
33895,23774
33896,16386
33897,4207
33898,6018
33899,18931
33900,15535
33901,24026
33902,21804
33903,11986
33904,29845
33905,16696
33906,10292
33907,13175
33908,15103
33909,22703
33910,15374
33911,17485
33912,3646
33913,24828
33914,25489
33915,24369
33916,5497
33917,7567
33918,19514
33919,19377
33920,9635
33921,15767
33922,27036
33923,13091
33924,6501
33925,6560
33926,14945
33927,4568
33928,7215
33929,5306
33930,3233
33931,20230
33932,29849
33933,10856
33934,23950
33935,7378
33936,9992
33937,18301
33938,18082
33939,16818
33940,13615
33941,9234
33942,16725
33943,19436
33944,8473
33945,25341
33946,10987
33947,10220
33948,26773
33949,13783
33950,3809
33951,12073
33952,11491
33953,29706
33954,9571
33955,2801
33956,15590
33957,12487
33958,29735
33959,16784
33960,13297
33961,14568
33962,901
33963,6200
33964,26898
33965,5766
33966,18645
33967,22418
33968,16651
33969,18698
33970,7797
33971,22632
33972,10681
33973,1691
33974,26923
33975,23650
33976,4429
33977,2280
33978,18782
33979,20581
33980,11006
33981,22426
33982,22292
33983,24259
33984,1898
33985,3402
33986,14940
33987,5513
33988,4948
33989,21839
33990,28546
33991,14913
33992,25344
33993,6830
33994,703
33995,15040
33996,4530
33997,14242
33998,7044
33999,24888
34000,27351
34001,16927
34002,8098
34003,209
34004,3067
34005,7832
34006,19310
34007,18315
34008,21371
34009,26333
34010,3754
34011,6360
34012,10007
34013,1642
34014,14892
34015,8480
34016,20676
34017,155
34018,9757
34019,3153
34020,21954
34021,15399
34022,29203
34023,12618
34024,6056
34025,8244
34026,26626
34027,28720
34028,28627
34029,13123
34030,5848
34031,27699
34032,16615
34033,9338
34034,16272
34035,11487
34036,7427
34037,2903
34038,3985
34039,22729
34040,5020
34041,9979
34042,25034
34043,5177
34044,13555
34045,1252
34046,23084
34047,17149
34048,25944
34049,22533
34050,19882
34051,756
34052,26813
34053,17783
34054,16467
34055,757
34056,21034
34057,1033
34058,17627
34059,21411
34060,29970
34061,11573
34062,4310
34063,23826
34064,28890
34065,1079
34066,9554
34067,26179
34068,26258
34069,12588
34070,12751
34071,3033
34072,26926
34073,8212
34074,27142
34075,3498
34076,20657
34077,2487
34078,7309
34079,5262
34080,18130
34081,3791
34082,1961
34083,2152
34084,1304
34085,21110
34086,17842
34087,19317
34088,11311
34089,17082
34090,5663
34091,19240
34092,27430
34093,5702
34094,12780
34095,15252
34096,13563
34097,23631
34098,5546
34099,10036
34100,17185
34101,13571
34102,7307
34103,23661
34104,17187
34105,23296
34106,16949
34107,27389
34108,1693
34109,11547
34110,842
34111,17306
34112,16265
34113,580
34114,21143
34115,21620
34116,7837
34117,26639
34118,5416
34119,11732
34120,8491
34121,10296
34122,19437
34123,5831
34124,24628
34125,8432
34126,17730
34127,10011
34128,10017
34129,25208
34130,18846
34131,6200
34132,9816
34133,28732
34134,17045
34135,7568
34136,2346
34137,9442
34138,14607
34139,23385
34140,3016
34141,6158
34142,14518
34143,15110
34144,25373
34145,15188
34146,6059
34147,28863
34148,350
34149,9238
34150,24229
34151,23996
34152,24566
34153,16264
34154,23773
34155,23161
34156,10680
34157,4428
34158,1888
34159,11640
34160,15491
34161,8739
34162,17335
34163,11335
34164,29190
34165,3463
34166,23751
34167,21696
34168,19121
34169,25060
34170,17970
34171,11388
34172,10134
34173,1146
34174,1218
34175,18484
34176,14934
34177,2395
34178,27993
34179,7968
34180,25519
34181,23327
34182,20532
34183,20088
34184,19451
34185,29024
34186,252
34187,21079
34188,11634
34189,5171
34190,4528
34191,15502
34192,19154
34193,10842
34194,12758
34195,28440
34196,435
34197,7273
34198,3646
34199,27072
34200,26260
34201,8640
34202,17682
34203,24092
34204,16789
34205,17736
34206,483
34207,9189
34208,24632
34209,10242
34210,17481
34211,16798
34212,18293
34213,6266
34214,20129
34215,21857
34216,2836
34217,12423
34218,5031
34219,15368
34220,22721
34221,23653
34222,18126
34223,7712
34224,24980
34225,17371
34226,11034
34227,5189
34228,17009
34229,22294
34230,6716
34231,18434
34232,832
34233,9464
34234,13859
34235,13347
34236,14227
34237,15601
34238,26351
34239,26860
34240,27630
34241,17694
34242,2243
34243,11912
34244,22087
34245,1941
34246,15610
34247,11845
34248,24568
34249,29447
34250,3691
34251,5710
34252,25750
34253,4669
34254,2702
34255,26374
34256,5691
34257,18497
34258,29330
34259,21542
34260,22032
34261,23694
34262,415
34263,23472
34264,19091
34265,26554
34266,5133
34267,15586
34268,26377
34269,14976
34270,5323
34271,19380
34272,27542
34273,17576
34274,19372
34275,784
34276,15705
34277,7226
34278,7909
34279,17475
34280,9368
34281,8124
34282,19772
34283,12874
34284,6205
34285,26442
34286,29445
34287,23227
34288,4299
34289,29678
34290,22148
34291,28168
34292,11000
34293,29046
34294,17168
34295,26378
34296,15607
34297,8653
34298,20124
34299,15503
34300,22647
34301,9924
34302,14808
34303,5854
34304,18563
34305,5327
34306,4236
34307,10931
34308,16523
34309,14893
34310,25924
34311,23655
34312,2961
34313,28522
34314,16866
34315,3560
34316,2718
34317,2281
34318,24090
34319,3681
34320,293
34321,17432
34322,587
34323,25980
34324,18598
34325,1592
34326,16555
34327,8687
34328,10297
34329,9002
34330,8665
34331,29399
34332,1491
34333,157
34334,11834
34335,1865
34336,29282
34337,21995
34338,11656
34339,18200
34340,18605
34341,10740
34342,18473
34343,2427
34344,12831
34345,25255
34346,16000
34347,25557
34348,18744
34349,26487
34350,14957
34351,15199
34352,6877
34353,2088
34354,27556
34355,6025
34356,29228
34357,1305
34358,10445
34359,28750
34360,26565
34361,27614
34362,5845
34363,17064
34364,29174
34365,17311
34366,3546
34367,12451
34368,2245
34369,14149
34370,12881
34371,16338
34372,2821
34373,15818
34374,26181
34375,13100
34376,28026
34377,24083
34378,29269
34379,8034
34380,9164
34381,25334
34382,27293
34383,14802
34384,25138
34385,15094
34386,11810
34387,21150
34388,4128
34389,26146
34390,29700
34391,8907
34392,24430
34393,21289
34394,1087
34395,8207
34396,4049
34397,19024
34398,29132
34399,14556
34400,9637
34401,11693
34402,25834
34403,17002
34404,15936
34405,17297
34406,21576
34407,16884
34408,19943
34409,2542
34410,5146
34411,809
34412,5063
34413,20781
34414,29051
34415,21828
34416,18270
34417,29950
34418,13494
34419,10974
34420,24987
34421,1466
34422,21763
34423,28600
34424,12290
34425,6346
34426,18650
34427,13742
34428,29559
34429,12275
34430,19946
34431,29581
34432,22382
34433,15189
34434,12537
34435,4427
34436,5073
34437,12213
34438,23844
34439,19250
34440,11597
34441,17112
34442,20126
34443,29640
34444,8619
34445,26595
34446,16391
34447,1008
34448,15285
34449,15333
34450,14199
34451,2714
34452,14222
34453,29433
34454,14352
34455,28263
34456,4401
34457,21585
34458,28438
34459,23023
34460,17351
34461,22781
34462,19730
34463,3166
34464,26697
34465,7547
34466,28813
34467,23189
34468,12605
34469,16861
34470,13244
34471,6016
34472,11456
34473,24008
34474,8430
34475,15077
34476,15938
34477,18933
34478,28067
34479,16651
34480,21499
34481,20930
34482,5613
34483,22969
34484,17389
34485,768
34486,20560
34487,24315
34488,25160
34489,2653
34490,7807
34491,9490
34492,10889
34493,15326
34494,11995
34495,8032
34496,24902
34497,13770
34498,8560
34499,14028
34500,23243
34501,29294
34502,25448
34503,12090
34504,28447
34505,2962
34506,20550
34507,28156
34508,22463
34509,7372
34510,12441
34511,3015
34512,20443
34513,24813
34514,29679
34515,23623
34516,17978
34517,22833
34518,22652
34519,1495
34520,12420
34521,19048
34522,8417
34523,28666
34524,26934
34525,9025
34526,22767
34527,22027
34528,12206
34529,6100
34530,3613
34531,25602
34532,8478
34533,11935
34534,16707
34535,22825
34536,13142
34537,14686
34538,15980
34539,10530
34540,4987
34541,18084
34542,12653
34543,17495
34544,8642
34545,10778
34546,28908
34547,3956
34548,29818
34549,1476
34550,10314
34551,17225
34552,8199
34553,26696
34554,4919
34555,5942
34556,4193
34557,1621
34558,14708
34559,8595
34560,22274
34561,400
34562,26192
34563,20033
34564,4930
34565,19767
34566,7943
34567,23046
34568,19868
34569,2321
34570,16231
34571,10193
34572,451
34573,12427
34574,1518
34575,522
34576,13054
34577,24448
34578,25189
34579,17688
34580,2713
34581,3827
34582,7078
34583,12303
34584,11728
34585,3339
34586,15874
34587,18295
34588,26750
34589,26675
34590,27230
34591,5882
34592,19074
34593,4897
34594,15161
34595,21229
34596,10920
34597,21469
34598,28565
34599,27667
34600,9117
34601,12303
34602,19313
34603,18923
34604,3553
34605,12121
34606,29832
34607,4182
34608,12961
34609,14478
34610,28078
34611,29962
34612,5006
34613,4348
34614,4452
34615,3863
34616,20640
34617,17094
34618,21650
34619,2181
34620,795
34621,10698
34622,3389
34623,16623
34624,25694
34625,5448
34626,16093
34627,20975
34628,11960
34629,18469
34630,19907
34631,8416
34632,4404
34633,14277
34634,18097
34635,20643
34636,12115
34637,3137
34638,18491
34639,16731
34640,19237
34641,19458
34642,21783
34643,27940
34644,17510
34645,19689
34646,4764
34647,5974
34648,14228
34649,19365
34650,9105
34651,11225
34652,8903
34653,20553
34654,26504
34655,22468
34656,9588
34657,24744
34658,16889
34659,16029
34660,5955
34661,13536
34662,16324
34663,12949
34664,22589
34665,14748
34666,27317
34667,16026
34668,24830
34669,24048
34670,18234
34671,19817
34672,5127
34673,7416
34674,5956
34675,11704
34676,2567
34677,27917
34678,21640
34679,23597
34680,19922
34681,11656
34682,11503
34683,10149
34684,16299
34685,3635
34686,8917
34687,7221
34688,27353
34689,16232
34690,904
34691,8213
34692,29353
34693,21311
34694,28435
34695,18987
34696,2288
34697,19713
34698,12287
34699,21255
34700,27447
34701,15223
34702,12632
34703,18780
34704,1561
34705,15409
34706,4036
34707,17609
34708,10094
34709,22474
34710,24512
34711,13510
34712,5000
34713,17758
34714,21176
34715,8788
34716,27466
34717,29404
34718,16178
34719,3555
34720,26409
34721,17834
34722,28991
34723,13813
34724,1220
34725,11985
34726,17941
34727,174
34728,3382
34729,17482
34730,26281
34731,12494
34732,25707
34733,27231
34734,11586
34735,6349
34736,23753
34737,19017
34738,24167
34739,2801
34740,13414
34741,23486
34742,25586
34743,11775
34744,27418
34745,27380
34746,29367
34747,23501
34748,7174
34749,9561
34750,8688
34751,21024
34752,20299
34753,28903
34754,29732
34755,12875
34756,12269
34757,22648
34758,23504
34759,1457
34760,28034
34761,28428
34762,26968
34763,19190
34764,24789
34765,14586
34766,19776
34767,13290
34768,20073
34769,8507
34770,6343
34771,4346
34772,10529
34773,25124
34774,25704
34775,29085
34776,9120
34777,19909
34778,25112
34779,23267
34780,9265
34781,8497
34782,13210
34783,21022
34784,21841
34785,20676
34786,21296
34787,23089
34788,15730
34789,2657
34790,23901
34791,690
34792,6468
34793,29060
34794,17689
34795,7922
34796,10597
34797,3068
34798,17667
34799,21677
34800,21208
34801,21306
34802,12356
34803,3357
34804,15548
34805,23378
34806,12906
34807,8493
34808,5856
34809,2460
34810,20333
34811,28212
34812,12573
34813,21981
34814,29600
34815,961
34816,5445
34817,3018
34818,9377
34819,4221
34820,9976
34821,25365
34822,25466
34823,24485
34824,16827
34825,20790
34826,260
34827,12946
34828,19497
34829,9321
34830,20308
34831,25595
34832,7268
34833,250
34834,26323
34835,8392
34836,20275
34837,15271
34838,7923
34839,20302
34840,19670
34841,28416
34842,17180
34843,8337
34844,1574
34845,13835
34846,16477
34847,9786
34848,2753
34849,8630
34850,8850
34851,7751
34852,13952
34853,1249
34854,7972
34855,25723
34856,24065
34857,13708
34858,1695
34859,17365
34860,13786
34861,24149
34862,16809
34863,2360
34864,27772
34865,5657
34866,29531
34867,4382
34868,22775
34869,10774
34870,761
34871,12602
34872,800
34873,159
34874,13053
34875,12107
34876,8975
34877,6135
34878,342
34879,13251
34880,18510
34881,26315
34882,382
34883,6546
34884,26448
34885,2546
34886,9729
34887,21391
34888,1831
34889,15128
34890,17203
34891,9926
34892,15107
34893,20838
34894,9170
34895,13849
34896,27774
34897,10310
34898,6023
34899,17649
34900,28412
34901,9669
34902,10074
34903,12841
34904,8906
34905,6627
34906,25587
34907,11159
34908,3395
34909,19643
34910,6894
34911,11355
34912,25212
34913,10987
34914,12177
34915,9099
34916,2046
34917,18658
34918,11309
34919,22892
34920,26776
34921,1107
34922,27895
34923,27241
34924,356
34925,13369
34926,23248
34927,22388
34928,26487
34929,5066
34930,24942
34931,174
34932,27638
34933,26640
34934,103
34935,8431
34936,19991
34937,12065
34938,28788
34939,29623
34940,10408
34941,8142
34942,23502
34943,18512
34944,23984
34945,10584
34946,23131
34947,23752
34948,15162
34949,9102
34950,23752
34951,4600
34952,24853
34953,145
34954,29044
34955,28577
34956,11563
34957,7004
34958,5442
34959,4940
34960,14377
34961,10827
34962,22141
34963,724
34964,24097
34965,3232
34966,9839
34967,6636
34968,23384
34969,1655
34970,17465
34971,28439
34972,22260
34973,9731
34974,21179
34975,26640
34976,12711
34977,1777
34978,17584
34979,15385
34980,10711
34981,25747
34982,4694
34983,5012
34984,17263
34985,14275
34986,27152
34987,18165
34988,11160
34989,13074
34990,15955
34991,21131
34992,22624
34993,9389
34994,14688
34995,12531
34996,4968
34997,265
34998,11085
34999,494
35000,1317
35001,17534
35002,15542
35003,28765
35004,16523
35005,10088
35006,24492
35007,12015
35008,6993
35009,23169
35010,2471
35011,18234
35012,20832
35013,23945
35014,21037
35015,5653
35016,23341
35017,6491
35018,12342
35019,13286
35020,18366
35021,10483
35022,13997
35023,9851
35024,16934
35025,11189
35026,2606
35027,1208
35028,2896
35029,2392
35030,5809
35031,22029
35032,29408
35033,7484
35034,19152
35035,1137
35036,2583
35037,25797
35038,21274
35039,26848
35040,12970
35041,616
35042,27026
35043,22521
35044,4159
35045,8020
35046,5954
35047,1779
35048,10380
35049,29404
35050,28468
35051,29196
35052,29577
35053,3403
35054,19599
35055,10797
35056,16636
35057,17397
35058,24059
35059,20229
35060,21127
35061,5604
35062,16351
35063,751
35064,17073
35065,4907
35066,4524
35067,27614
35068,20661
35069,12720
35070,9936
35071,24576
35072,6009
35073,755
35074,12657
35075,6448
35076,12591
35077,888
35078,28039
35079,21188
35080,22449
35081,27312
35082,1170
35083,2752
35084,25176
35085,9157
35086,2919
35087,17131
35088,20631
35089,7049
35090,2926
35091,11472
35092,11887
35093,9001
35094,4541
35095,1261
35096,21546
35097,8691
35098,7661
35099,1975
35100,5474
35101,21611
35102,26920
35103,14566
35104,11441
35105,7802
35106,27762
35107,626
35108,9654
35109,6573
35110,7355
35111,17603
35112,22711
35113,6777
35114,4112
35115,25142
35116,20726
35117,12954
35118,3863
35119,14876
35120,20929
35121,22806
35122,19784
35123,6219
35124,13611
35125,6248
35126,9952
35127,2308
35128,21851
35129,1672
35130,14479
35131,20960
35132,19030
35133,17564
35134,18990
35135,17306
35136,24318
35137,26889
35138,18205
35139,27176
35140,8534
35141,12733
35142,8414
35143,13499
35144,29549
35145,24062
35146,15571
35147,4027
35148,21331
35149,14521
35150,22076
35151,11248
35152,12981
35153,10418
35154,8600
35155,29426
35156,16334
35157,24907
35158,5309
35159,5622
35160,5201
35161,22953
35162,21962
35163,3969
35164,15372
35165,8107
35166,971
35167,25864
35168,2951
35169,22326
35170,27646
35171,16242
35172,10889
35173,3537
35174,15441
35175,3666
35176,18959
35177,24330
35178,7422
35179,12548
35180,20722
35181,2778
35182,6321
35183,4580
35184,29346
35185,27089
35186,23978
35187,23721
35188,21043
35189,6351
35190,16057
35191,19724
35192,7566
35193,17027
35194,11913
35195,5385
35196,6265
35197,19898
35198,28296
35199,13906
35200,14543
35201,17583
35202,5879
35203,23421
35204,26788
35205,1888
35206,16736
35207,9872
35208,22271
35209,20550
35210,20538
35211,17227
35212,2887
35213,14745
35214,25498
35215,18462
35216,3086
35217,18570
35218,23072
35219,4539
35220,19898
35221,10131
35222,12061
35223,13645
35224,22384
35225,6342
35226,7230
35227,27518
35228,26935
35229,23416
35230,745
35231,9522
35232,22349
35233,3560
35234,11773
35235,24254
35236,1096
35237,26844
35238,6279
35239,15702
35240,12311
35241,14001
35242,8126
35243,677
35244,14975
35245,24780
35246,17869
35247,13228
35248,11627
35249,7224
35250,16233
35251,12994
35252,11372
35253,2054
35254,17790
35255,11519
35256,8476
35257,5261
35258,2982
35259,5549
35260,4864
35261,24205
35262,29650
35263,25065
35264,10291
35265,22800
35266,15100
35267,26183
35268,6100
35269,28316
35270,14252
35271,7168
35272,23030
35273,2178
35274,25546
35275,21655
35276,22268
35277,13493
35278,25744
35279,136
35280,26699
35281,12112
35282,12945
35283,18464
35284,15851
35285,24758
35286,24205
35287,10035
35288,24464
35289,23642
35290,20170
35291,13727
35292,1796
35293,839
35294,17170
35295,17769
35296,5287
35297,23830
35298,24153
35299,27461
35300,10672
35301,28334
35302,6577
35303,15241
35304,10217
35305,296
35306,16991
35307,24651
35308,20021
35309,11737
35310,14076
35311,5088
35312,11213
35313,17981
35314,18991
35315,1384
35316,4580
35317,12280
35318,4168
35319,10561
35320,29536
35321,22473
35322,28502
35323,15617
35324,15966
35325,12767
35326,24662
35327,26762
35328,2922
35329,21364
35330,28117
35331,7276
35332,16150
35333,11770
35334,21922
35335,16128
35336,17953
35337,1806
35338,19033
35339,11147
35340,4072
35341,10896
35342,28418
35343,11114
35344,16417
35345,11817
35346,6418
35347,3607
35348,22163
35349,21158
35350,12484
35351,19714
35352,3534
35353,23484
35354,23570
35355,4226
35356,16050
35357,25765
35358,27329
35359,7043
35360,6391
35361,22250
35362,25800
35363,12959
35364,9056
35365,12517
35366,11187
35367,2913
35368,28739
35369,7449
35370,12530
35371,3294
35372,4851
35373,16290
35374,6234
35375,27162
35376,27241
35377,26948
35378,7312
35379,7355
35380,28808
35381,18800
35382,5840
35383,902
35384,12523
35385,2003
35386,15951
35387,9550
35388,18978
35389,4575
35390,25265
35391,13755
35392,19283
35393,29620
35394,181
35395,22811
35396,20302
35397,18057
35398,26468
35399,7557
35400,18946
35401,22383
35402,28536
35403,12857
35404,10984
35405,23595
35406,11042
35407,8362
35408,20652
35409,4642
35410,20253
35411,20001
35412,24993
35413,28724
35414,19562
35415,14283
35416,7106
35417,17973
35418,23177
35419,26402
35420,6455
35421,11198
35422,22695
35423,12011
35424,1541
35425,11614
35426,25228
35427,3996
35428,22140
35429,23351
35430,3047
35431,5764
35432,24112
35433,24811
35434,4518
35435,19322
35436,17804
35437,7178
35438,19538
35439,29801
35440,26975
35441,3620
35442,26103
35443,19437
35444,24655
35445,13734
35446,5467
35447,15614
35448,8082
35449,2417
35450,14805
35451,21853
35452,331
35453,20075
35454,27951
35455,26452
35456,16314
35457,13486
35458,12530
35459,18116
35460,7051
35461,9533
35462,10809
35463,4609
35464,21167
35465,25089
35466,10580
35467,2521
35468,13129
35469,17354
35470,22529
35471,15537
35472,15383
35473,18667
35474,6991
35475,16560
35476,9196
35477,13620
35478,10524
35479,6348
35480,2625
35481,29794
35482,10492
35483,21929
35484,17827
35485,6869
35486,19493
35487,24468
35488,3635
35489,12494
35490,969
35491,20877
35492,555
35493,11523
35494,19924
35495,19874
35496,8980
35497,4891
35498,7244
35499,8506
35500,9849
35501,1296
35502,5829
35503,26132
35504,2012
35505,5362
35506,12643
35507,9691
35508,2105
35509,22718
35510,19773
35511,15078
35512,2638
35513,24659
35514,21517
35515,4940
35516,15321
35517,15507
35518,24730
35519,8571
35520,23209
35521,7515
35522,445
35523,29852
35524,23179
35525,2938
35526,14509
35527,21824
35528,3676
35529,972
35530,24737
35531,2791
35532,877
35533,11419
35534,24631
35535,16212
35536,21828
35537,11956
35538,17168
35539,28260
35540,1705
35541,5249
35542,28983
35543,12445
35544,25208
35545,14453
35546,25160
35547,23912
35548,1465
35549,20726
35550,27323
35551,16270
35552,26120
35553,18115
35554,879
35555,2619
35556,8832
35557,7999
35558,6998
35559,22827
35560,2709
35561,15030
35562,6971
35563,1985
35564,23381
35565,7023
35566,3958
35567,16674
35568,5312
35569,17578
35570,23960
35571,22363
35572,17694
35573,3659
35574,9519
35575,11165
35576,26726
35577,18040
35578,3280
35579,3264
35580,2730
35581,9036
35582,11911
35583,19756
35584,21276
35585,19514
35586,23827
35587,21359
35588,5007
35589,23151
35590,1327
35591,28222
35592,3193
35593,28420
35594,1891
35595,2807
35596,17489
35597,9823
35598,28204
35599,1380
35600,11743
35601,18738
35602,13028
35603,7484
35604,4786
35605,15289
35606,4503
35607,18351
35608,27204
35609,11211
35610,27899
35611,5605
35612,15000
35613,21331
35614,19958
35615,14564
35616,27759
35617,17228
35618,411
35619,28356
35620,14093
35621,22654
35622,19184
35623,21587
35624,22689
35625,12967
35626,22325
35627,14566
35628,7543
35629,29014
35630,9716
35631,21572
35632,3319
35633,511
35634,16913
35635,6941
35636,23378
35637,14763
35638,14756
35639,3776
35640,12649
35641,3400
35642,18748
35643,3645
35644,545
35645,20981
35646,9972
35647,24403
35648,16701
35649,11643
35650,27761
35651,1712
35652,20411
35653,26029
35654,22088
35655,11750
35656,29894
35657,25410
35658,22781
35659,28987
35660,16909
35661,13125
35662,15582
35663,10195
35664,13492
35665,13659
35666,23411
35667,17167
35668,23905
35669,20333
35670,28702
35671,9512
35672,1572
35673,12680
35674,13896
35675,1825
35676,9995
35677,12067
35678,4238
35679,18447
35680,15135
35681,13098
35682,4116
35683,4957
35684,12855
35685,19956
35686,2516
35687,3170
35688,14939
35689,3311
35690,16756
35691,23292
35692,2264
35693,13280
35694,29062
35695,18288
35696,1988
35697,5285
35698,6833
35699,14486
35700,8302
35701,3361
35702,27331
35703,9194
35704,9024
35705,13500
35706,14031
35707,26476
35708,24731
35709,17000
35710,15921
35711,3250
35712,18534
35713,19120
35714,11026
35715,19267
35716,28338
35717,23847
35718,15384
35719,28776
35720,11970
35721,27419
35722,10395
35723,23778
35724,7551
35725,4099
35726,25835
35727,19421
35728,20857
35729,4130
35730,17876
35731,16229
35732,23388
35733,24466
35734,16850
35735,14584
35736,26866
35737,13256
35738,23426
35739,2757
35740,9150
35741,3099
35742,29710
35743,28117
35744,26228
35745,20456
35746,28530
35747,25338
35748,17198
35749,10380
35750,21421
35751,4150
35752,12112
35753,11580
35754,28347
35755,8285
35756,19761
35757,20799
35758,22630
35759,13178
35760,26594
35761,17382
35762,20054
35763,16220
35764,26356
35765,22829
35766,17872
35767,15520
35768,6529
35769,4356
35770,8292
35771,2865
35772,16578
35773,18268
35774,12727
35775,13680
35776,1504
35777,12894
35778,29252
35779,29950
35780,2720
35781,16323
35782,24088
35783,27039
35784,19770
35785,5667
35786,21433
35787,28725
35788,3173
35789,26560
35790,24617
35791,3108
35792,10770
35793,2581
35794,14610
35795,28685
35796,22431
35797,20862
35798,7348
35799,17190
35800,13760
35801,19072
35802,25343
35803,9440
35804,1626
35805,7340
35806,7967
35807,3019
35808,28099
35809,5946
35810,1318
35811,2841
35812,19364
35813,21233
35814,4212
35815,10564
35816,13697
35817,22180
35818,1954
35819,22712
35820,20286
35821,28621
35822,10744
35823,18948
35824,12032
35825,4897
35826,16170
35827,10049
35828,11649
35829,15125
35830,6383
35831,8958
35832,875
35833,25706
35834,231
35835,14846
35836,5779
35837,24265
35838,15699
35839,14651
35840,12372
35841,19380
35842,2094
35843,14936
35844,23810
35845,23836
35846,8791
35847,17463
35848,5582
35849,21348
35850,28590
35851,11746
35852,16171
35853,28820
35854,14787
35855,28820
35856,1721
35857,20800
35858,7712
35859,26351
35860,6823
35861,15352
35862,23443
35863,16300
35864,12135
35865,1862
35866,23062
35867,21674
35868,585
35869,13862
35870,9568
35871,17421
35872,22612
35873,24263
35874,7809
35875,27812
35876,2940
35877,4049
35878,294
35879,7589
35880,29264
35881,6601
35882,21480
35883,23109
35884,21846
35885,19470
35886,28149
35887,14753
35888,6240
35889,3528
35890,5329
35891,3177
35892,28717
35893,17846
35894,5997
35895,12803
35896,25651
35897,25912
35898,27361
35899,11129
35900,15713
35901,923
35902,25450
35903,22928
35904,21371
35905,4886
35906,13996
35907,24016
35908,1423
35909,12492
35910,24019
35911,9678
35912,25477
35913,7918
35914,23772
35915,6900
35916,2411
35917,9105
35918,24020
35919,20665
35920,28259
35921,27243
35922,7155
35923,22497
35924,1222
35925,4462
35926,18533
35927,3164
35928,12857
35929,16857
35930,17502
35931,10773
35932,14568
35933,25321
35934,13974
35935,18002
35936,21499
35937,11498
35938,13331
35939,27377
35940,14197
35941,18879
35942,6795
35943,8276
35944,12610
35945,21517
35946,25223
35947,16729
35948,21717
35949,26710
35950,22585
35951,1456
35952,25314
35953,3810
35954,22435
35955,25288
35956,2509
35957,22576
35958,2017
35959,20551
35960,18211
35961,9764
35962,15241
35963,4350
35964,18585
35965,2721
35966,17233
35967,8362
35968,19264
35969,25303
35970,7248
35971,29957
35972,20764
35973,28275
35974,15173
35975,27508
35976,16080
35977,10186
35978,9962
35979,28864
35980,17527
35981,6323
35982,28712
35983,28106
35984,15552
35985,28427
35986,28520
35987,12349
35988,12461
35989,10531
35990,28161
35991,21710
35992,14824
35993,831
35994,27639
35995,29130
35996,27448
35997,8915
35998,10411
35999,6939
36000,9156
36001,2124
36002,26885
36003,27467
36004,5655
36005,28310
36006,6772
36007,4258
36008,12800
36009,24149
36010,18487
36011,21313
36012,20524
36013,20613
36014,21456
36015,27312
36016,13835
36017,7117
36018,16009
36019,5654
36020,11687
36021,3432
36022,14661
36023,9541
36024,15082
36025,7415
36026,22855
36027,5290
36028,4192
36029,811
36030,770
36031,10145
36032,24573
36033,29050
36034,4159
36035,1740
36036,20938
36037,15556
36038,12357
36039,16231
36040,29873
36041,11851
36042,27358
36043,28773
36044,11760
36045,12917
36046,10308
36047,15022
36048,21941
36049,15725
36050,23036
36051,29512
36052,3583
36053,16277
36054,17362
36055,12716
36056,2605
36057,21307
36058,27257
36059,13987
36060,28383
36061,17255
36062,1000
36063,4663
36064,9755
36065,11721
36066,18552
36067,25989
36068,12981
36069,13775
36070,4991
36071,22050
36072,3007
36073,18041
36074,25717
36075,13934
36076,11815
36077,27291
36078,14553
36079,11969
36080,8286
36081,2199
36082,28954
36083,9666
36084,20522
36085,25473
36086,4445
36087,27678
36088,19522
36089,29412
36090,25332
36091,15888
36092,20617
36093,26402
36094,1109
36095,9191
36096,25661
36097,12323
36098,7545
36099,13430
36100,9529
36101,18037
36102,14848
36103,18392
36104,14815
36105,19941
36106,29371
36107,16141
36108,1446
36109,29372
36110,9174
36111,21663
36112,26620
36113,3761
36114,13008
36115,9752
36116,19584
36117,14987
36118,22397
36119,559
36120,16020
36121,10782
36122,15702
36123,18523
36124,21743
36125,15822
36126,25767
36127,994
36128,1750
36129,27873
36130,22615
36131,4597
36132,18726
36133,2037
36134,14749
36135,2346
36136,11918
36137,18646
36138,29023
36139,3248
36140,4509
36141,24372
36142,10271
36143,29984
36144,25365
36145,8738
36146,22914
36147,826
36148,6665
36149,12066
36150,17231
36151,28713
36152,20927
36153,13353
36154,3027
36155,29944
36156,20915
36157,19007
36158,7030
36159,12742
36160,1190
36161,22136
36162,691
36163,396
36164,4162
36165,26508
36166,18823
36167,21444
36168,9221
36169,24562
36170,20029
36171,21501
36172,6719
36173,4764
36174,14025
36175,7623
36176,22425
36177,10742
36178,17187
36179,6466
36180,12551
36181,18241
36182,11897
36183,15550
36184,25908
36185,23052
36186,12516
36187,5655
36188,8385
36189,20152
36190,4573
36191,26242
36192,4389
36193,18880
36194,12674
36195,24875
36196,420
36197,9656
36198,11127
36199,11262
36200,11875
36201,22639
36202,4972
36203,29149
36204,25793
36205,17476
36206,29221
36207,12850
36208,4009
36209,8192
36210,27856
36211,21367
36212,26161
36213,6737
36214,16167
36215,7746
36216,20359
36217,15226
36218,3592
36219,18113
36220,3767
36221,23524
36222,25281
36223,26625
36224,16161
36225,1492
36226,1025
36227,22608
36228,9787
36229,27789
36230,20702
36231,13939
36232,510
36233,9471
36234,10915
36235,19457
36236,23996
36237,14991
36238,10985
36239,8604
36240,11984
36241,16245
36242,11542
36243,27832
36244,23623
36245,11567
36246,1226
36247,15482
36248,9027
36249,18106
36250,8864
36251,6196
36252,8985
36253,25175
36254,17143
36255,21917
36256,18422
36257,29551
36258,16737
36259,15886
36260,17405
36261,14526
36262,10142
36263,8871
36264,20241
36265,597
36266,21497
36267,21610
36268,19320
36269,14012
36270,19433
36271,16542
36272,15967
36273,3746
36274,13093
36275,12507
36276,6500
36277,19196
36278,16368
36279,11956
36280,4369
36281,23271
36282,2447
36283,10022
36284,23295
36285,19961
36286,7758
36287,15942
36288,5126
36289,13312
36290,18174
36291,18164
36292,17839
36293,21429
36294,19932
36295,15041
36296,22217
36297,8629
36298,17915
36299,25178
36300,15964
36301,16801
36302,906
36303,15554
36304,13011
36305,17534
36306,10808
36307,2833
36308,5637
36309,5675
36310,28720
36311,25083
36312,6770
36313,26544
36314,17853
36315,7788
36316,777
36317,3385
36318,15895
36319,16367
36320,23334
36321,22512
36322,11359
36323,22764
36324,8077
36325,18991
36326,20520
36327,24660
36328,16941
36329,18903
36330,21836
36331,21594
36332,16905
36333,7900
36334,26343
36335,6485
36336,9834
36337,27371
36338,13692
36339,4457
36340,28490
36341,568
36342,16267
36343,5657
36344,10565
36345,23885
36346,5002
36347,24430
36348,18276
36349,11049
36350,19908
36351,10492
36352,13498
36353,28262
36354,17712
36355,19685
36356,22215
36357,1451
36358,5145
36359,23814
36360,2985
36361,10237
36362,14409
36363,14561
36364,4271
36365,614
36366,16938
36367,7010
36368,23020
36369,5570
36370,5697
36371,24137
36372,23278
36373,5336
36374,13136
36375,21619
36376,13091
36377,15947
36378,291
36379,18542
36380,21240
36381,24176
36382,2421
36383,20106
36384,26191
36385,20496
36386,1878
36387,13349
36388,3430
36389,2294
36390,22128
36391,28002
36392,14725
36393,10271
36394,18998
36395,25490
36396,10095
36397,21967
36398,19060
36399,29677
36400,15854
36401,21602
36402,9159
36403,21151
36404,19381
36405,29370
36406,9330
36407,25836
36408,3895
36409,29098
36410,1085
36411,6396
36412,20162
36413,11876
36414,12776
36415,17493
36416,7235
36417,11157
36418,10348
36419,6445
36420,20507
36421,14378
36422,11544
36423,17522
36424,22423
36425,12256
36426,12073
36427,22846
36428,21435
36429,24357
36430,5663
36431,13238
36432,4205
36433,21095
36434,2321
36435,3873
36436,24203
36437,14358
36438,4656
36439,17711
36440,3093
36441,18498
36442,4031
36443,6732
36444,1442
36445,15826
36446,12842
36447,8445
36448,2757
36449,15038
36450,4196
36451,140
36452,2084
36453,4361
36454,14497
36455,24555
36456,22767
36457,29140
36458,23863
36459,509
36460,18820
36461,20969
36462,18770
36463,4285
36464,12280
36465,15701
36466,2233
36467,1481
36468,24693
36469,15272
36470,5110
36471,29597
36472,29182
36473,21789
36474,24414
36475,2091
36476,17244
36477,23898
36478,130
36479,22624
36480,17117
36481,12434
36482,7062
36483,13243
36484,22164
36485,20761
36486,7668
36487,27010
36488,710
36489,17344
36490,26197
36491,12672
36492,3240
36493,29980
36494,21313
36495,861
36496,29733
36497,5640
36498,9264
36499,22807
36500,17697
36501,26863
36502,21132
36503,14036
36504,17216
36505,10057
36506,1873
36507,15762
36508,5165
36509,1967
36510,20076
36511,15507
36512,18034
36513,27670
36514,10477
36515,5665
36516,1691
36517,21759
36518,835
36519,14135
36520,23244
36521,8940
36522,3497
36523,3854
36524,25760
36525,6033
36526,22287
36527,3061
36528,3730
36529,26838
36530,5734
36531,14107
36532,10083
36533,28964
36534,5189
36535,15271
36536,4849
36537,22723
36538,11972
36539,22448
36540,17519
36541,18110
36542,23521
36543,27175
36544,11254
36545,9558
36546,17382
36547,22773
36548,14519
36549,13717
36550,12879
36551,14251
36552,20550
36553,28776
36554,21985
36555,4197
36556,15673
36557,27217
36558,2735
36559,23956
36560,10780
36561,16731
36562,16257
36563,9068
36564,19909
36565,21115
36566,15636
36567,12868
36568,16477
36569,28066
36570,23113
36571,25544
36572,18141
36573,22769
36574,10710
36575,10845
36576,1918
36577,8317
36578,20679
36579,28033
36580,5235
36581,8326
36582,437
36583,17089
36584,16513
36585,27187
36586,17680
36587,18023
36588,26744
36589,9460
36590,13927
36591,13626
36592,13567
36593,11299
36594,11884
36595,142
36596,14288
36597,4735
36598,15725
36599,5848
36600,557
36601,6666
36602,19956
36603,2291
36604,25704
36605,29307
36606,11565
36607,480
36608,2675
36609,21961
36610,23081
36611,21538
36612,26480
36613,9905
36614,13115
36615,2665
36616,5808
36617,15255
36618,17114
36619,7123
36620,24956
36621,2666
36622,1969
36623,10524
36624,28036
36625,11674
36626,10741
36627,271
36628,20341
36629,4688
36630,11150
36631,16275
36632,27294
36633,17687
36634,23480
36635,729
36636,21490
36637,22484
36638,20822
36639,15065
36640,29359
36641,11788
36642,16086
36643,2744
36644,4033
36645,24346
36646,9095
36647,21721
36648,23113
36649,25841
36650,13946
36651,16127
36652,4673
36653,27574
36654,4144
36655,2760
36656,25113
36657,26776
36658,28630
36659,27463
36660,16390
36661,24983
36662,11020
36663,2025
36664,7827
36665,6109
36666,5584
36667,9509
36668,28083
36669,13068
36670,24709
36671,23104
36672,4936
36673,29536
36674,13934
36675,23544
36676,26718
36677,23877
36678,28272
36679,18418
36680,6262
36681,18623
36682,10038
36683,8852
36684,15946
36685,7645
36686,26340
36687,11227
36688,898
36689,327
36690,28222
36691,21995
36692,14307
36693,6048
36694,904
36695,512
36696,9989
36697,24224
36698,4107
36699,6487
36700,13449
36701,17394
36702,20491
36703,12104
36704,27806
36705,18662
36706,6897
36707,4690
36708,6676
36709,7103
36710,13304
36711,9120
36712,21331
36713,22122
36714,16267
36715,1889
36716,7970
36717,28270
36718,1655
36719,13848
36720,16060
36721,24813
36722,24350
36723,26999
36724,5196
36725,26549
36726,28511
36727,4636
36728,22630
36729,13831
36730,24168
36731,1545
36732,12479
36733,6366
36734,24267
36735,4318
36736,22369
36737,26975
36738,22832
36739,11729
36740,26022
36741,24178
36742,2671
36743,10492
36744,28770
36745,27861
36746,18737
36747,11039
36748,2784
36749,27636
36750,25715
36751,28066
36752,19939
36753,15659
36754,7467
36755,783
36756,22042
36757,21800
36758,17162
36759,18945
36760,19186
36761,12443
36762,14898
36763,542
36764,722
36765,27761
36766,22928
36767,6579
36768,20835
36769,29076
36770,8478
36771,11270
36772,2987
36773,10600
36774,10267
36775,3215
36776,13788
36777,13297
36778,21207
36779,23655
36780,11234
36781,7291
36782,22143
36783,9523
36784,16216
36785,24543
36786,21767
36787,19696
36788,6345
36789,26649
36790,29082
36791,21786
36792,23890
36793,14722
36794,6863
36795,8912
36796,1143
36797,5040
36798,10654
36799,29767
36800,5178
36801,8933
36802,21786
36803,3166
36804,17850
36805,7138
36806,23132
36807,20524
36808,16390
36809,24743
36810,25562
36811,10945
36812,7480
36813,15604
36814,356
36815,4725
36816,25550
36817,25473
36818,275
36819,14409
36820,21236
36821,2827
36822,27189
36823,19832
36824,2951
36825,9318
36826,19881
36827,20899
36828,8654
36829,6263
36830,27960
36831,2108
36832,21325
36833,10026
36834,13596
36835,23697
36836,7801
36837,26448
36838,6363
36839,2892
36840,2911
36841,17845
36842,5941
36843,21665
36844,14544
36845,2594
36846,26253
36847,12894
36848,10615
36849,24692
36850,17312
36851,28293
36852,222
36853,2260
36854,18063
36855,27228
36856,20441
36857,13932
36858,28072
36859,27658
36860,3350
36861,9642
36862,21864
36863,12664
36864,1513
36865,17180
36866,14555
36867,29888
36868,20843
36869,2444
36870,29129
36871,5203
36872,8524
36873,20045
36874,14326
36875,18157
36876,7606
36877,16725
36878,12844
36879,23549
36880,17094
36881,16420
36882,25024
36883,7635
36884,9900
36885,17520
36886,19358
36887,27288
36888,9046
36889,25130
36890,12898
36891,2152
36892,19362
36893,1828
36894,28015
36895,18418
36896,4440
36897,29902
36898,7422
36899,18979
36900,25952
36901,21173
36902,13646
36903,4911
36904,17123
36905,5431
36906,21272
36907,15678
36908,19617
36909,21180
36910,1356
36911,16031
36912,10627
36913,8355
36914,9706
36915,7630
36916,27021
36917,26194
36918,12731
36919,25503
36920,10951
36921,17437
36922,16063
36923,14410
36924,6713
36925,2221
36926,23002
36927,17300
36928,17309
36929,4068
36930,28232
36931,27666
36932,22227
36933,23514
36934,25340
36935,16855
36936,28763
36937,19431
36938,19574
36939,18302
36940,17184
36941,9851
36942,2199
36943,767
36944,6288
36945,17169
36946,27148
36947,1800
36948,7715
36949,22606
36950,6110
36951,1605
36952,166
36953,7690
36954,21027
36955,8920
36956,11352
36957,18512
36958,2779
36959,16656
36960,20100
36961,954
36962,18456
36963,28056
36964,10881
36965,17110
36966,2809
36967,15465
36968,185
36969,12646
36970,524
36971,11674
36972,23521
36973,28845
36974,16256
36975,7904
36976,9667
36977,12892
36978,29950
36979,6260
36980,23824
36981,16905
36982,18242
36983,3981
36984,2103
36985,15330
36986,5399
36987,5285
36988,15533
36989,2649
36990,23298
36991,13766
36992,541
36993,20372
36994,8295
36995,1520
36996,23245
36997,2362
36998,22734
36999,10790
37000,16631
37001,4532
37002,3520
37003,22676
37004,12043
37005,9275
37006,6190
37007,29367
37008,7111
37009,5635
37010,9487
37011,13553
37012,24638
37013,907
37014,3082
37015,6464
37016,4890
37017,6816
37018,15789
37019,27887
37020,14295
37021,10638
37022,17865
37023,8298
37024,29365
37025,7722
37026,4029
37027,7387
37028,9680
37029,29793
37030,4188
37031,13172
37032,5346
37033,25926
37034,27849
37035,28116
37036,20537
37037,20381
37038,5364
37039,15983
37040,6864
37041,22491
37042,16643
37043,16612
37044,1611
37045,7893
37046,5317
37047,5334
37048,2162
37049,4451
37050,27197
37051,13433
37052,10117
37053,17156
37054,25126
37055,13800
37056,22386
37057,1427
37058,1859
37059,4644
37060,14099
37061,15462
37062,8980
37063,15062
37064,29533
37065,22317
37066,10543
37067,9013
37068,13523
37069,27935
37070,15358
37071,21162
37072,9023
37073,18627
37074,6124
37075,3600
37076,5630
37077,13267
37078,21783
37079,3641
37080,2386
37081,17509
37082,19877
37083,10705
37084,18482
37085,23452
37086,26033
37087,21339
37088,4801
37089,2522
37090,8163
37091,3371
37092,7347
37093,12233
37094,9678
37095,21849
37096,15751
37097,7166
37098,5843
37099,5774
37100,1608
37101,20077
37102,23128
37103,27140
37104,7585
37105,13004
37106,8202
37107,14962
37108,9381
37109,20833
37110,24082
37111,29633
37112,10161
37113,1090
37114,3750
37115,26233
37116,14530
37117,2675
37118,23587
37119,13742
37120,6569
37121,29547
37122,21489
37123,16108
37124,18194
37125,5352
37126,12469
37127,15593
37128,19986
37129,18313
37130,18451
37131,10893
37132,17909
37133,29840
37134,20978
37135,4062
37136,12572
37137,12966
37138,24352
37139,1970
37140,16909
37141,26610
37142,6551
37143,18753
37144,14507
37145,26692
37146,11547
37147,14695
37148,18963
37149,23343
37150,18566
37151,5528
37152,21838
37153,15717
37154,27644
37155,26362
37156,15807
37157,29807
37158,15816
37159,12911
37160,19198
37161,27699
37162,15915
37163,29506
37164,3506
37165,2334
37166,28839
37167,20662
37168,12759
37169,875
37170,8407
37171,13459
37172,19547
37173,17834
37174,13632
37175,12856
37176,1499
37177,16585
37178,25804
37179,25221
37180,5890
37181,14893
37182,18174
37183,18577
37184,9590
37185,1347
37186,10856
37187,15811
37188,2760
37189,2547
37190,20698
37191,13849
37192,20828
37193,18546
37194,21182
37195,5256
37196,18539
37197,26413
37198,6074
37199,4291
37200,9975
37201,23715
37202,20118
37203,9080
37204,11989
37205,18982
37206,4402
37207,1178
37208,20564
37209,24297
37210,24497
37211,21774
37212,16393
37213,1779
37214,3699
37215,11537
37216,24282
37217,23524
37218,399
37219,26567
37220,1493
37221,2512
37222,22885
37223,3550
37224,19176
37225,14183
37226,9005
37227,15124
37228,22578
37229,12737
37230,11447
37231,21328
37232,17789
37233,25349
37234,27173
37235,20379
37236,16426
37237,25740
37238,3023
37239,29142
37240,22548
37241,20060
37242,9658
37243,27180
37244,21701
37245,20227
37246,15485
37247,29508
37248,29533
37249,11122
37250,13238
37251,11768
37252,6945
37253,21156
37254,27076
37255,7869
37256,23739
37257,15852
37258,11393
37259,18232
37260,13166
37261,2377
37262,29388
37263,24092
37264,24599
37265,10561
37266,27949
37267,14511
37268,5951
37269,21121
37270,13840
37271,3123
37272,11311
37273,16419
37274,12861
37275,16546
37276,17476
37277,16735
37278,23608
37279,13436
37280,29216
37281,21809
37282,18234
37283,23221
37284,1861
37285,16349
37286,4763
37287,13856
37288,18184
37289,12047
37290,28285
37291,2924
37292,7370
37293,15207
37294,5176
37295,6497
37296,5254
37297,21686
37298,12145
37299,22495
37300,2657
37301,11810
37302,28396
37303,4488
37304,9414
37305,24014
37306,25024
37307,15635
37308,21875
37309,3934
37310,17596
37311,20908
37312,21629
37313,9405
37314,24804
37315,6937
37316,10844
37317,3846
37318,26134
37319,9022
37320,4072
37321,7561
37322,12469
37323,4273
37324,928
37325,25896
37326,12505
37327,2577
37328,14118
37329,23770
37330,21837
37331,14187
37332,27782
37333,11579
37334,11671
37335,20578
37336,7627
37337,27641
37338,15398
37339,5030
37340,25247
37341,22246
37342,18067
37343,10269
37344,18788
37345,23488
37346,18605
37347,2741
37348,5961
37349,14652
37350,25889
37351,3007
37352,15222
37353,25994
37354,18739
37355,4321
37356,28033
37357,25975
37358,20075
37359,27728
37360,15129
37361,20151
37362,20414
37363,22459
37364,21791
37365,7976
37366,3458
37367,2323
37368,4480
37369,13959
37370,2828
37371,1281
37372,15302
37373,29642
37374,11395
37375,21664
37376,29707
37377,10519
37378,11327
37379,883
37380,11535
37381,18714
37382,15452
37383,21510
37384,24611
37385,28909
37386,13666
37387,25902
37388,12894
37389,12217
37390,7447
37391,29549
37392,19233
37393,6547
37394,23612
37395,8182
37396,20001
37397,14229
37398,29902
37399,18389
37400,8794
37401,19282
37402,15351
37403,237
37404,16800
37405,22398
37406,16736
37407,5369
37408,11033
37409,5127
37410,11165
37411,16515
37412,18539
37413,26961
37414,9125
37415,21308
37416,27458
37417,28878
37418,14811
37419,11972
37420,25141
37421,24643
37422,26080
37423,13659
37424,29810
37425,1485
37426,11247
37427,22060
37428,21064
37429,12033
37430,18819
37431,5945
37432,28384
37433,5139
37434,26683
37435,14545
37436,21626
37437,21703
37438,2313
37439,11989
37440,24694
37441,9886
37442,6467
37443,7666
37444,17476
37445,4828
37446,16193
37447,11332
37448,18189
37449,27551
37450,29106
37451,17227
37452,2935
37453,12361
37454,25175
37455,2647
37456,24000
37457,2005
37458,13645
37459,22287
37460,28361
37461,26935
37462,13928
37463,4876
37464,16863
37465,24418
37466,21478
37467,13981
37468,13047
37469,22356
37470,27304
37471,15212
37472,948
37473,19148
37474,18006
37475,16826
37476,17814
37477,5858
37478,12424
37479,13374
37480,967
37481,29240
37482,19278
37483,15564
37484,10302
37485,3761
37486,13485
37487,9016
37488,15045
37489,24448
37490,11578
37491,24971
37492,22260
37493,2213
37494,8962
37495,18099
37496,8000
37497,4747
37498,6387
37499,12009
37500,29291
37501,17897
37502,12256
37503,22962
37504,28123
37505,6047
37506,11743
37507,29440
37508,1438
37509,27845
37510,22754
37511,8993
37512,11258
37513,3813
37514,3622
37515,22479
37516,10384
37517,21946
37518,22063
37519,603
37520,20854
37521,17294
37522,9522
37523,14166
37524,15451
37525,2983
37526,20405
37527,1151
37528,24874
37529,28931
37530,17533
37531,3270
37532,27264
37533,4255
37534,8086
37535,11502
37536,22849
37537,29353
37538,19108
37539,25042
37540,24950
37541,13569
37542,27852
37543,13066
37544,8926
37545,22858
37546,766
37547,19348
37548,22737
37549,2354
37550,29374
37551,24837
37552,21962
37553,767
37554,28114
37555,22489
37556,5900
37557,8913
37558,16364
37559,8507
37560,17183
37561,12242
37562,1594
37563,26280
37564,21288
37565,11731
37566,25539
37567,12116
37568,22990
37569,15183
37570,2764
37571,3314
37572,8803
37573,10232
37574,27898
37575,4785
37576,3590
37577,12815
37578,3394
37579,28035
37580,2312
37581,6419
37582,3880
37583,27571
37584,29205
37585,28276
37586,28011
37587,12560
37588,25919
37589,19115
37590,17866
37591,18499
37592,17894
37593,2906
37594,28031
37595,18946
37596,2428
37597,9189
37598,19969
37599,10724
37600,16190
37601,19234
37602,9514
37603,7626
37604,8257
37605,27854
37606,12380
37607,20516
37608,28774
37609,10052
37610,23239
37611,7248
37612,2009
37613,16593
37614,27906
37615,23124
37616,10599
37617,5408
37618,9665
37619,14623
37620,24651
37621,1613
37622,12981
37623,5759
37624,12934
37625,11778
37626,27243
37627,12586
37628,9904
37629,18566
37630,24375
37631,27007
37632,1745
37633,26041
37634,4756
37635,6149
37636,10319
37637,4682
37638,18012
37639,20850
37640,3969
37641,7822
37642,29055
37643,5338
37644,4053
37645,14746
37646,10265
37647,3112
37648,14933
37649,7948
37650,9333
37651,22134
37652,27276
37653,16192
37654,27319
37655,28380
37656,24733
37657,8863
37658,12383
37659,11062
37660,6777
37661,29819
37662,11022
37663,24500
37664,7838
37665,19338
37666,9111
37667,24722
37668,24818
37669,20557
37670,6330
37671,27657
37672,1497
37673,29018
37674,14604
37675,27309
37676,24209
37677,28505
37678,5748
37679,27022
37680,4766
37681,11319
37682,12469
37683,11393
37684,20572
37685,8245
37686,17474
37687,2402
37688,14627
37689,12276
37690,20127
37691,15228
37692,25401
37693,619
37694,2160
37695,4403
37696,20951
37697,24343
37698,24481
37699,9678
37700,897
37701,5013
37702,12466
37703,20855
37704,14339
37705,2597
37706,220
37707,24499
37708,14150
37709,2251
37710,14838
37711,24348
37712,20022
37713,27687
37714,11059
37715,22585
37716,10892
37717,13447
37718,18605
37719,25393
37720,15973
37721,24934
37722,21083
37723,14169
37724,8705
37725,1704
37726,1289
37727,26742
37728,8543
37729,2492
37730,6486
37731,18735
37732,13368
37733,15839
37734,14985
37735,7467
37736,10167
37737,17551
37738,21107
37739,5403
37740,17017
37741,22688
37742,22117
37743,6352
37744,1017
37745,12998
37746,28748
37747,7343
37748,24238
37749,5076
37750,22808
37751,4113
37752,17940
37753,11619
37754,8232
37755,21653
37756,22045
37757,10688
37758,29514
37759,24769
37760,536
37761,6808
37762,20767
37763,25528
37764,12987
37765,13762
37766,15672
37767,491
37768,28175
37769,22528
37770,8007
37771,14593
37772,29118
37773,17331
37774,13646
37775,20470
37776,17878
37777,23936
37778,13714
37779,7973
37780,8002
37781,4592
37782,28184
37783,9930
37784,7487
37785,20915
37786,19993
37787,26128
37788,1454
37789,21361
37790,24690
37791,6876
37792,22176
37793,17278
37794,2737
37795,8240
37796,4358
37797,9795
37798,6683
37799,2958
37800,22065
37801,4795
37802,15291
37803,11117
37804,12246
37805,13572
37806,11920
37807,15417
37808,26967
37809,8042
37810,5005
37811,9050
37812,25490
37813,6569
37814,14257
37815,18544
37816,20257
37817,10087
37818,17108
37819,19910
37820,2793
37821,19606
37822,23846
37823,11780
37824,18948
37825,19801
37826,17795
37827,20541
37828,5866
37829,11122
37830,1425
37831,18318
37832,23857
37833,4887
37834,10470
37835,9997
37836,1647
37837,7046
37838,28687
37839,16445
37840,7625
37841,25769
37842,29606
37843,24632
37844,23913
37845,29003
37846,11372
37847,19054
37848,26834
37849,20775
37850,20351
37851,25600
37852,21418
37853,8920
37854,29385
37855,10545
37856,11588
37857,27493
37858,28474
37859,6277
37860,6828
37861,5012
37862,4941
37863,29789
37864,19720
37865,12777
37866,8828
37867,24048
37868,23169
37869,8253
37870,18175
37871,8974
37872,4904
37873,27542
37874,13091
37875,1357
37876,1260
37877,16287
37878,7275
37879,21369
37880,4227
37881,230
37882,8493
37883,26688
37884,22381
37885,27739
37886,1841
37887,22211
37888,10748
37889,21800
37890,15102
37891,17170
37892,19576
37893,22596
37894,17170
37895,3215
37896,14981
37897,255
37898,19843
37899,28134
37900,15346
37901,13035
37902,28333
37903,610
37904,20602
37905,28716
37906,9684
37907,7121
37908,27121
37909,13001
37910,8028
37911,27564
37912,9028
37913,16132
37914,19812
37915,19755
37916,6859
37917,20804
37918,28719
37919,17225
37920,10590
37921,6768
37922,15074
37923,7712
37924,4538
37925,5793
37926,12400
37927,6170
37928,1995
37929,12139
37930,1847
37931,5730
37932,18482
37933,16484
37934,17547
37935,16129
37936,1755
37937,19934
37938,8092
37939,1974
37940,21485
37941,2646
37942,2754
37943,4231
37944,12208
37945,12182
37946,509
37947,5133
37948,14897
37949,13740
37950,28354
37951,16433
37952,28786
37953,17771
37954,29242
37955,7374
37956,9578
37957,11641
37958,2874
37959,17216
37960,26358
37961,9984
37962,29860
37963,2528
37964,16886
37965,29136
37966,24934
37967,4756
37968,28689
37969,27304
37970,10847
37971,25596
37972,7773
37973,9746
37974,13900
37975,16544
37976,2639
37977,26109
37978,22600
37979,21788
37980,19899
37981,2062
37982,15751
37983,11131
37984,15845
37985,24293
37986,22424
37987,7717
37988,24491
37989,11785
37990,18753
37991,21323
37992,4411
37993,1159
37994,23247
37995,25837
37996,28984
37997,17630
37998,29425
37999,20762
38000,13368
38001,10976
38002,8167
38003,3209
38004,24580
38005,18546
38006,25907
38007,6270
38008,5704
38009,15270
38010,18615
38011,4263
38012,16327
38013,1802
38014,2520
38015,22263
38016,15666
38017,12433
38018,22001
38019,9627
38020,26807
38021,15238
38022,22340
38023,430
38024,5315
38025,16352
38026,17645
38027,22098
38028,996
38029,13013
38030,2600
38031,8494
38032,17187
38033,3687
38034,1325
38035,29738
38036,11520
38037,6441
38038,26337
38039,6792
38040,5381
38041,7248
38042,24887
38043,1201
38044,28763
38045,28982
38046,16380
38047,29744
38048,28223
38049,10204
38050,17434
38051,1329
38052,11506
38053,14898
38054,1800
38055,27095
38056,1817
38057,10463
38058,6918
38059,29386
38060,1137
38061,11928
38062,28174
38063,25986
38064,8918
38065,23230
38066,13241
38067,1755
38068,19519
38069,14035
38070,17676
38071,12294
38072,2289
38073,3305
38074,1853
38075,6863
38076,15617
38077,15653
38078,23180
38079,10572
38080,362
38081,29590
38082,11631
38083,8683
38084,4457
38085,11601
38086,25235
38087,209
38088,11308
38089,3551
38090,7132
38091,4681
38092,5197
38093,14958
38094,4143
38095,24456
38096,13058
38097,11704
38098,23063
38099,9289
38100,14494
38101,20930
38102,11233
38103,24532
38104,14299
38105,27518
38106,29160
38107,8841
38108,12414
38109,3346
38110,10085
38111,9352
38112,19466
38113,27438
38114,28102
38115,7054
38116,14574
38117,13830
38118,14294
38119,13566
38120,2973
38121,26484
38122,2725
38123,24112
38124,15074
38125,26641
38126,29889
38127,14307
38128,26339
38129,3844
38130,14821
38131,17949
38132,17325
38133,12096
38134,4817
38135,11711
38136,17975
38137,20016
38138,8268
38139,9792
38140,22701
38141,27845
38142,8568
38143,14005
38144,15857
38145,935
38146,4888
38147,21058
38148,26328
38149,17268
38150,11902
38151,28363
38152,5836
38153,5184
38154,1284
38155,15063
38156,9925
38157,20931
38158,5457
38159,12878
38160,1332
38161,26649
38162,4203
38163,509
38164,4092
38165,7255
38166,8300
38167,29483
38168,28156
38169,2644
38170,3067
38171,5482
38172,22202
38173,5724
38174,12401
38175,5177
38176,4824
38177,15050
38178,888
38179,7862
38180,27711
38181,20603
38182,11651
38183,21081
38184,26466
38185,460
38186,15818
38187,23416
38188,9210
38189,16666
38190,6553
38191,26085
38192,22576
38193,22882
38194,21961
38195,20093
38196,17497
38197,6888
38198,14609
38199,12942
38200,29019
38201,14575
38202,9228
38203,29068
38204,4294
38205,3285
38206,4550
38207,23412
38208,24232
38209,26640
38210,7680
38211,5659
38212,20994
38213,5064
38214,2041
38215,14619
38216,3723
38217,24119
38218,9217
38219,15130
38220,151
38221,23495
38222,7872
38223,17783
38224,21828
38225,25128
38226,24639
38227,4406
38228,18719
38229,7228
38230,21158
38231,16787
38232,6058
38233,18404
38234,9752
38235,27372
38236,13739
38237,11600
38238,1974
38239,19045
38240,25268
38241,28269
38242,25573
38243,20475
38244,26711
38245,26134
38246,15768
38247,7167
38248,496
38249,25671
38250,22488
38251,11033
38252,23108
38253,12490
38254,8115
38255,18289
38256,26190
38257,8873
38258,15599
38259,18216
38260,7684
38261,25544
38262,28320
38263,21180
38264,14667
38265,18575
38266,27332
38267,15013
38268,14701
38269,2551
38270,16636
38271,24969
38272,8721
38273,8488
38274,9053
38275,26982
38276,7641
38277,22916
38278,14008
38279,3918
38280,5601
38281,26667
38282,25981
38283,2620
38284,20795
38285,19954
38286,6353
38287,7610
38288,11513
38289,28433
38290,3069
38291,23413
38292,10226
38293,10099
38294,1635
38295,7325
38296,4195
38297,5587
38298,263
38299,19743
38300,2382
38301,29385
38302,28162
38303,21575
38304,9600
38305,11106
38306,9767
38307,27029
38308,24858
38309,5431
38310,10448
38311,13216
38312,19644
38313,18931
38314,8647
38315,18019
38316,11653
38317,2104
38318,13586
38319,2744
38320,27857
38321,11172
38322,7809
38323,5085
38324,20716
38325,29541
38326,7182
38327,6805
38328,28185
38329,28892
38330,11106
38331,29675
38332,16887
38333,26860
38334,11856
38335,27330
38336,2200
38337,16343
38338,26932
38339,13515
38340,3617
38341,22481
38342,16353
38343,4247
38344,20269
38345,20113
38346,26065
38347,18520
38348,12616
38349,9794
38350,28890
38351,20444
38352,14747
38353,27194
38354,4601
38355,25167
38356,2313
38357,18174
38358,5709
38359,14658
38360,15940
38361,26112
38362,17052
38363,25423
38364,29351
38365,21311
38366,5426
38367,15722
38368,27249
38369,26176
38370,3405
38371,15171
38372,8195
38373,1150
38374,21306
38375,266
38376,29512
38377,29448
38378,4207
38379,27417
38380,16347
38381,10757
38382,13602
38383,16284
38384,8636
38385,24680
38386,11578
38387,19819
38388,23586
38389,17384
38390,24140
38391,19574
38392,6031
38393,24551
38394,2980
38395,12166
38396,24146
38397,6604
38398,19596
38399,12149
38400,29534
38401,1522
38402,17745
38403,13528
38404,13714
38405,26815
38406,1849
38407,27941
38408,12140
38409,11957
38410,1748
38411,29511
38412,11195
38413,12652
38414,14955
38415,7789
38416,17396
38417,29330
38418,7282
38419,20050
38420,13362
38421,28704
38422,2009
38423,12809
38424,12647
38425,5254
38426,8897
38427,883
38428,29695
38429,6107
38430,900
38431,13665
38432,16644
38433,23730
38434,28029
38435,13461
38436,24426
38437,15405
38438,5936
38439,4500
38440,15423
38441,26493
38442,5176
38443,18216
38444,25230
38445,2453
38446,6651
38447,22790
38448,16387
38449,20800
38450,20442
38451,22039
38452,7509
38453,11130
38454,9630
38455,2086
38456,8620
38457,29408
38458,12028
38459,2997
38460,9332
38461,21533
38462,334
38463,22477
38464,23383
38465,9445
38466,5475
38467,18304
38468,9462
38469,23922
38470,21175
38471,7281
38472,23527
38473,21745
38474,27233
38475,9955
38476,17730
38477,23474
38478,20122
38479,25328
38480,4779
38481,11109
38482,6269
38483,16069
38484,6450
38485,21982
38486,25537
38487,8279
38488,16827
38489,1218
38490,6052
38491,13947
38492,9099
38493,20198
38494,20083
38495,16901
38496,4730
38497,10829
38498,6546
38499,20369
38500,28005
38501,7442
38502,22082
38503,22828
38504,2467
38505,11471
38506,1578
38507,27136
38508,14088
38509,9702
38510,25041
38511,20354
38512,19369
38513,14486
38514,28618
38515,27357
38516,15863
38517,18762
38518,4002
38519,20248
38520,25954
38521,14037
38522,5483
38523,7194
38524,1962
38525,16143
38526,18275
38527,1503
38528,12217
38529,229
38530,3847
38531,24650
38532,8611
38533,2186
38534,28927
38535,29951
38536,21103
38537,3804
38538,26511
38539,22486
38540,9450
38541,21466
38542,15328
38543,20534
38544,13492
38545,4746
38546,17087
38547,25182
38548,19095
38549,18683
38550,26074
38551,17182
38552,26903
38553,16824
38554,1512
38555,14512
38556,6619
38557,9402
38558,12006
38559,20527
38560,5277
38561,9998
38562,2841
38563,12342
38564,17017
38565,186
38566,15925
38567,24856
38568,8567
38569,17990
38570,15586
38571,26892
38572,21828
38573,11675
38574,23695
38575,25668
38576,28535
38577,3462
38578,25035
38579,14340
38580,26030
38581,28132
38582,1347
38583,24143
38584,2752
38585,17219
38586,27880
38587,15820
38588,3540
38589,6760
38590,17848
38591,12104
38592,13575
38593,10735
38594,5404
38595,6582
38596,29368
38597,16688
38598,4687
38599,13468
38600,11071
38601,14630
38602,12023
38603,1147
38604,8816
38605,29694
38606,19013
38607,10538
38608,9278
38609,11505
38610,20473
38611,25984
38612,4277
38613,22026
38614,17227
38615,9504
38616,17663
38617,25176
38618,9966
38619,14334
38620,28704
38621,23821
38622,23646
38623,2809
38624,18047
38625,29709
38626,17727
38627,19062
38628,3137
38629,9901
38630,18616
38631,9197
38632,26667
38633,6949
38634,2752
38635,28744
38636,3052
38637,12477
38638,19748
38639,3121
38640,28878
38641,29713
38642,8260
38643,20362
38644,11120
38645,15069
38646,19362
38647,5982
38648,21363
38649,3828
38650,4010
38651,6000
38652,3031
38653,4123
38654,3034
38655,17481
38656,15662
38657,7860
38658,1482
38659,16653
38660,5283
38661,11562
38662,27340
38663,20414
38664,6837
38665,20750
38666,11062
38667,3385
38668,18849
38669,4893
38670,16243
38671,23470
38672,5378
38673,6930
38674,21723
38675,8070
38676,22198
38677,27507
38678,25365
38679,27502
38680,9408
38681,24055
38682,23624
38683,27787
38684,20695
38685,4210
38686,11370
38687,5111
38688,9906
38689,26482
38690,23023
38691,29334
38692,23030
38693,2018
38694,15197
38695,16498
38696,21540
38697,12836
38698,20688
38699,19823
38700,27400
38701,23890
38702,25069
38703,23543
38704,1912
38705,14181
38706,18867
38707,6916
38708,27155
38709,9142
38710,3483
38711,11378
38712,26492
38713,26957
38714,159
38715,17190
38716,27592
38717,13929
38718,13993
38719,20769
38720,29675
38721,785
38722,24841
38723,29109
38724,19704
38725,1622
38726,12308
38727,13121
38728,20555
38729,27123
38730,5909
38731,20417
38732,23978
38733,16340
38734,18550
38735,7050
38736,6356
38737,27092
38738,5995
38739,27769
38740,22455
38741,6402
38742,23467
38743,21915
38744,4454
38745,5723
38746,8430
38747,25111
38748,3134
38749,8043
38750,29168
38751,9072
38752,5256
38753,17202
38754,23657
38755,22018
38756,6165
38757,445
38758,23478
38759,23321
38760,29237
38761,1923
38762,18609
38763,27214
38764,19786
38765,19938
38766,5074
38767,14636
38768,29075
38769,21411
38770,9583
38771,5054
38772,17209
38773,13933
38774,7792
38775,29021
38776,21873
38777,17892
38778,10559
38779,643
38780,15457
38781,13293
38782,29385
38783,10850
38784,4140
38785,22787
38786,1507
38787,7542
38788,28812
38789,28054
38790,18478
38791,19452
38792,27455
38793,3615
38794,24065
38795,20596
38796,27165
38797,9463
38798,1543
38799,9624
38800,5089
38801,5867
38802,5473
38803,26452
38804,21448
38805,9376
38806,14479
38807,21414
38808,8214
38809,12033
38810,6573
38811,28968
38812,25817
38813,5176
38814,16788
38815,24312
38816,13423
38817,15798
38818,11121
38819,9866
38820,10114
38821,25304
38822,23654
38823,18457
38824,6034
38825,1512
38826,15462
38827,3552
38828,20293
38829,7165
38830,19035
38831,6419
38832,23824
38833,26064
38834,24448
38835,2256
38836,698
38837,28047
38838,6808
38839,16991
38840,8480
38841,5236
38842,11379
38843,22381
38844,1308
38845,27138
38846,20956
38847,20095
38848,22350
38849,240
38850,21837
38851,16251
38852,13640
38853,5558
38854,23676
38855,24526
38856,11616
38857,27127
38858,6600
38859,13953
38860,24276
38861,234
38862,19987
38863,17278
38864,14402
38865,26767
38866,24394
38867,14602
38868,16752
38869,13493
38870,29368
38871,28263
38872,17105
38873,26200
38874,8771
38875,4959
38876,8792
38877,20230
38878,16673
38879,20907
38880,26242
38881,15926
38882,11909
38883,19182
38884,24323
38885,8476
38886,22278
38887,22196
38888,10978
38889,20728
38890,14073
38891,19760
38892,22659
38893,8447
38894,14011
38895,10347
38896,25072
38897,26680
38898,28794
38899,21993
38900,21948
38901,16099
38902,24408
38903,1167
38904,8523
38905,27486
38906,7125
38907,15057
38908,25877
38909,7857
38910,8283
38911,24775
38912,23953
38913,5337
38914,4100
38915,29242
38916,15521
38917,7539
38918,17588
38919,29329
38920,3151
38921,12996
38922,29972
38923,907
38924,17384
38925,24644
38926,8468
38927,4806
38928,9559
38929,1124
38930,3796
38931,14907
38932,17097
38933,29635
38934,16018
38935,17072
38936,9193
38937,28214
38938,6149
38939,8403
38940,20172
38941,14388
38942,11591
38943,22550
38944,2413
38945,11066
38946,15212
38947,11552
38948,15345
38949,5809
38950,6148
38951,27220
38952,19448
38953,29990
38954,25511
38955,16766
38956,26236
38957,29928
38958,26887
38959,12592
38960,27749
38961,9625
38962,6294
38963,16615
38964,4588
38965,29615
38966,13766
38967,26061
38968,21747
38969,25085
38970,812
38971,23929
38972,3726
38973,24841
38974,16333
38975,12084
38976,5612
38977,2293
38978,20636
38979,372
38980,22247
38981,15736
38982,2889
38983,13106
38984,25659
38985,29067
38986,22678
38987,7620
38988,14933
38989,13478
38990,7548
38991,20530
38992,5468
38993,15873
38994,20732
38995,27841
38996,27827
38997,3081
38998,9428
38999,9739
39000,16788
39001,21431
39002,21331
39003,26858
39004,29821
39005,905
39006,6299
39007,18987
39008,25424
39009,8163
39010,26922
39011,2730
39012,26661
39013,12431
39014,11325
39015,12330
39016,6789
39017,758
39018,8252
39019,788
39020,10819
39021,11027
39022,12805
39023,3077
39024,3004
39025,28018
39026,28535
39027,18617
39028,6615
39029,20111
39030,11664
39031,610
39032,24363
39033,618
39034,19837
39035,1129
39036,397
39037,21603
39038,20953
39039,18945
39040,11103
39041,15092
39042,4529
39043,7384
39044,27764
39045,15697
39046,2107
39047,25207
39048,26422
39049,1331
39050,13021
39051,21651
39052,6505
39053,24671
39054,25979
39055,6088
39056,7794
39057,21701
39058,20204
39059,1570
39060,7436
39061,19379
39062,25177
39063,3938
39064,17242
39065,7104
39066,14203
39067,10565
39068,21278
39069,1165
39070,21700
39071,20343
39072,3053
39073,26391
39074,2993
39075,23614
39076,18706
39077,9819
39078,23828
39079,19095
39080,12520
39081,22378
39082,20401
39083,26180
39084,29978
