id,price
69940,28419
44315,25278
41540,21721
18443,9462
52142,25488
65709,12347
62910,25190
99776,28964
40708,2137
96765,22034
52928,21132
40021,19656
98392,13919
86830,14565
94536,1311
93193,26975
87617,29654
14801,4027
15013,23329
52883,16294
31734,17821
65314,2789
71105,18685
59591,14755
89037,29363
56374,7168
13524,689
84388,19025
79884,28145
72954,7502
75216,18364
33383,7516
29832,26150
33110,11514
70848,28486
40932,5827
87246,11666
61012,28845
37025,15961
12342,16987
85804,18128
48587,19572
99950,8611
42232,18283
12686,24632
63871,15593
81844,18485
88383,7133
89574,2887
97473,17306
11330,4116
74308,4498
83311,26439
36292,2405
31986,17338
69741,7718
22310,28422
21914,22477
14486,10241
75307,19151
10168,9880
37138,23072
57002,22767
85835,27162
10668,28985
90081,12927
65847,8127
22979,21152
69310,2968
41517,26434
69132,19726
47563,9724
86660,27322
64128,7422
67422,5921
98124,17971
18716,17916
76451,17425
88649,8953
18356,13628
73489,10307
29677,20479
44876,4450
39387,14547
38073,26747
16652,2092
14345,2887
70100,14083
56901,1754
20308,4924
12175,23076
78409,4670
57549,6399
83980,17860
96598,10975
93646,23420
46784,6476
88737,6821
86329,17322
97535,27000
74164,17479
65037,27023
52209,29600
90068,13078
42009,5651
70225,9274
67116,4337
71383,6585
13156,28460
57482,22085
18641,18187
30157,15582
97855,11566
55725,18004
51606,13436
17807,21703
59471,20800
39498,29380
74952,25291
18020,11256
13002,19877
82584,26229
33723,4704
60037,14805
59808,28474
71923,19274
13700,3641
81982,7080
26604,20194
44791,19624
59947,20865
98567,24002
13654,12021
79635,17158
24896,8522
75023,16291
73525,3645
41802,7897
49119,17086
90004,9551
58374,3916
32982,9444
85362,10307
36714,19876
47488,710
13391,26183
62562,10124
71354,12745
33838,14309
37113,27290
60685,1330
90305,4395
57840,18152
12533,27081
87220,5902
85707,12185
67188,136
67526,10815
82173,26156
10028,23595
29227,725
71559,6239
75351,24821
35024,9680
39671,5860
29011,2834
80147,11253
77822,20920
54226,20699
89363,1654
71874,22566
49545,13233
36573,14861
37027,13799
91881,24662
43573,17287
48741,22177
71831,20182
81312,4442
27547,23423
88427,25455
64335,25510
79054,27812
50871,25405
15182,21641
47192,1499
25758,10968
48511,2821
57461,15408
73725,15113
50606,23182
25775,29713
26012,4094
22477,23989
70020,15537
33259,3032
79174,16611
81929,4349
62233,19449
44238,4669
45847,16025
95500,26266
96022,19527
57832,16455
65914,4830
11411,25137
50662,22334
29286,9611
60058,22596
98901,29590
25919,24729
53646,1645
89713,12606
80385,2517
90811,25943
29937,7435
67575,25961
20241,4123
93242,28702
77743,27841
95982,11988
13869,15627
34720,19075
81331,22488
72543,17161
46183,9502
20715,14937
16461,422
77698,29587
18448,16995
58364,3865
20578,1280
94094,17593
99948,28269
89282,10094
86237,13617
85402,1926
19564,14756
49203,26900
48850,19769
98654,2132
27873,19863
20134,27319
23656,15792
91926,22852
54462,2397
41117,27621
50736,6354
81768,21586
89839,17685
63930,5488
33616,8019
57073,13907
17133,2453
34064,12193
89184,7386
24862,23663
46350,14350
46627,13741
66117,11537
55256,14372
64494,5017
92553,17918
54552,24809
22491,25776
77198,10687
51564,23289
53053,10193
46709,21503
79606,14573
14870,22373
24715,19276
73402,25838
13691,10643
75970,20951
74793,8329
16372,20146
34479,10590
87225,3909
19843,2014
90996,14271
48805,7671
43365,12267
62917,27194
37081,16452
60913,1815
25748,5432
59143,27741
70647,25913
91234,17635
17287,18375
66682,17334
86204,13396
90052,17291
79376,6287
55167,24451
99018,29250
84513,9690
99514,5185
94202,17552
24990,22410
72968,27200
68910,23854
68051,21490
55410,4589
72869,26593
41420,10848
31232,21148
74172,6751
52728,13103
49583,13631
28445,25726
46437,26849
15708,9494
94086,8283
68573,21357
49124,23419
13202,13357
68694,13675
80695,15115
55560,12150
84885,11283
63064,947
53294,26670
18134,19050
54401,29273
92045,17561
62754,18158
90605,6003
40201,11978
63127,15416
66369,3783
53553,21108
97912,4776
25720,16151
54997,9531
71633,29255
19423,7586
58286,18824
33230,29165
29493,2015
60688,1588
76567,29838
69619,9425
17887,5678
57519,7113
29747,10590
13252,25124
12577,1484
35708,7482
97240,17275
42203,7951
96265,4608
89879,391
42421,22672
15183,12112
25095,18847
13007,9491
82862,15434
72457,26168
15331,1019
76766,26849
62881,21629
11978,21647
48345,15228
26072,3769
46315,2269
17733,22504
47176,11893
50753,8762
78438,11406
95090,22389
12058,8598
70723,5050
89022,21839
44333,17245
55967,24666
65125,20199
68975,28961
52199,4278
51032,12604
92212,11418
97887,6036
70580,5591
22936,10230
95296,3382
47899,5988
18441,5486
22585,2592
20392,3767
90775,8326
50896,4525
60044,25241
84935,17952
78641,25494
77261,24320
39800,5308
40129,28304
88929,21816
80046,7124
80919,25415
94888,27615
88007,23258
83274,17703
49434,20937
77163,27964
15890,7692
30859,26769
70789,19048
77125,14458
23659,28410
80082,2421
62110,22305
25363,15730
52159,2489
18896,878
24553,15564
45104,28634
25303,23418
29558,17837
92473,8676
37928,1837
23735,1873
97888,4346
87143,29024
54564,29173
33888,18165
53563,27026
53908,1509
92267,17754
68305,19810
29046,18120
10968,18934
14949,18853
46196,730
59677,16104
91751,8749
96127,25489
86202,14644
62365,147
98433,10671
63777,14507
77004,18679
58998,23602
36749,1886
73866,13729
42087,4823
64753,1767
41518,29738
87161,24782
74276,20507
84189,16249
41159,8982
26544,2896
75614,10198
63483,5921
23312,25292
30316,5473
14218,9194
97278,25772
57582,12908
45302,15473
10393,19594
64953,7268
83566,26887
23933,24795
50614,20843
40468,27451
73865,7748
99318,29030
61043,27918
32189,23314
90045,11576
18576,13534
91000,4823
34168,26691
60545,14621
60278,26057
45185,11924
73472,28473
36328,11007
16809,16145
14188,26391
40401,8825
24444,23202
38995,11468
97585,4566
89040,19778
99398,20338
81882,23257
34509,7271
54482,29592
17298,27682
39845,13500
24760,13678
22624,27392
83822,21158
88935,28575
95520,24183
65289,9701
34936,6826
81412,9820
53092,222
91725,1360
95533,14224
66575,28948
58002,6083
63834,14426
31477,21340
98572,17714
77073,27834
35583,16621
55938,11847
53949,14895
76332,6576
48743,8926
67252,17113
39802,12503
36730,6343
85019,4275
85572,26480
38872,9578
16773,17241
85889,6042
62004,29855
68732,28697
80633,26844
77593,26302
19513,18783
29964,18164
21065,17080
56655,6649
20374,7937
22039,13226
32180,8838
11725,18536
58293,18517
77697,25070
16786,17718
34460,11012
39026,8507
14472,10807
82748,23859
26879,17055
42889,20253
35896,12905
99462,4940
93680,5401
99447,933
68768,1541
48933,933
45390,28717
11117,2540
16002,6822
54673,15982
37551,15304
33713,12474
98363,21849
77895,14324
59707,3457
69585,3523
53564,23561
76322,26217
24325,15729
17464,8514
81056,15077
18939,9384
27258,11093
73984,2126
52272,9680
13628,19224
43329,19563
11185,2880
88690,29703
32880,29308
69017,24095
39802,20504
99429,15763
11188,23457
24580,2623
74473,26036
70169,16294
85930,28070
51378,11828
81433,3032
33030,18551
96518,22767
94413,29900
18188,28960
54639,21783
18560,14545
81117,26453
52311,109
64501,19282
15629,11720
16067,3338
18912,6577
79277,16110
15218,24505
24717,23186
90022,19191
87275,18621
88100,3419
19895,14347
48678,21839
53307,14154
94176,21161
60094,19091
76042,16436
40717,21323
48533,137
12757,17935
75678,9011
99276,15781
58820,21187
77788,24665
70016,14076
89609,24703
40424,8981
93641,24242
69756,7952
18811,12744
82294,16947
24177,24291
29507,13784
24730,7773
89257,24084
16642,13099
67113,26450
77911,28180
33449,1247
16150,3536
24907,1508
93896,5175
97071,27029
79324,9654
15022,13622
31778,17672
23426,15904
48049,22967
15337,10539
37932,18364
52558,28679
99385,19835
35026,19384
95649,14155
88577,17200
40169,29661
51302,2503
40422,13083
99225,19373
38257,5219
50161,24273
69918,8941
82294,25250
91748,26232
28372,18916
52610,14189
93324,23842
64894,25365
30053,2560
53484,2309
63142,22017
66244,1871
97121,13428
21053,16373
17067,2266
37211,23527
56722,23288
60472,12583
64564,11955
55635,5443
37055,12598
22865,25963
84303,15195
73671,5505
82156,10633
26702,681
72235,28261
16071,23174
73911,24808
94973,18369
25166,12070
78113,23864
69388,27176
98166,13690
30170,16040
35767,13705
63559,28869
21799,3954
32792,2187
15424,22482
68443,5050
24829,25807
95105,15540
36281,2067
82165,14163
43191,4502
67311,23594
84580,7711
19526,10212
53288,10592
55282,2054
35460,28656
20283,29845
37894,27552
57886,19622
18690,2018
38120,5053
90379,364
55535,15710
17065,29787
24873,27751
32636,9421
99416,7089
82586,5097
54720,26722
20238,10357
16475,23234
92600,2361
49781,27020
73051,26651
84418,9132
68691,20282
64180,28254
23095,10429
10791,8725
14961,13629
67136,4273
39561,27204
49463,24016
25508,21856
43826,23107
52159,1636
92248,20481
28028,5760
32093,3432
75032,25782
20897,12218
45420,752
74140,1169
29907,22044
20760,15111
63577,27521
97727,15336
69527,16284
36671,14976
57227,20666
20596,19125
67066,23513
33304,28843
75035,12387
77334,29513
99887,28356
10630,3262
22541,7477
84983,10044
26300,8520
44248,28685
60899,25540
57351,10203
89097,4952
13671,10895
18517,3811
21774,23291
55678,23525
31953,16202
79309,16533
64187,22624
71859,25264
87093,13763
81071,2995
20680,2242
97514,11531
53477,17865
11239,14198
31127,23371
23570,3756
85586,1828
65869,20422
83115,5200
82869,12562
71837,1073
68700,10921
89489,17391
81464,10001
77737,3693
35832,11814
76185,27737
55950,25198
64455,10001
51646,20666
39063,3160
57821,21531
51543,10416
98492,15286
79095,28233
98679,22113
33620,7357
60643,6515
76785,19688
69079,2873
14250,12682
21545,14772
84893,7648
89092,12802
93484,8516
61632,15470
43465,17975
95520,13735
74810,12518
90012,21838
21394,19419
50088,13726
93551,22848
27779,9657
76682,15781
26211,9938
99956,17561
65388,22804
21464,4423
24439,2083
71732,3038
96812,15086
12098,20372
89880,20905
94275,23988
32326,2882
58187,20908
90300,2104
48431,5510
55336,27758
70963,20074
25058,29154
61855,5611
78895,10962
80129,10266
75058,22068
21078,21191
90081,22837
86856,17367
85195,5546
96303,24958
64126,25394
95999,8385
93807,7380
45523,3121
65360,17037
75308,2954
93970,4090
72326,16600
78759,11379
40927,5920
58751,8606
55650,11131
79140,4088
79554,2240
33104,27405
52136,14899
95736,12430
37536,18171
79087,25721
20891,16132
14083,6010
46212,6992
54532,25160
33914,5863
45903,14031
80569,8396
82575,20763
80934,25451
94751,11081
10341,11575
65431,6041
94808,18201
76550,317
83408,3934
14875,4913
41609,209
91411,24540
32099,29242
82135,5104
44948,20117
50866,25676
83926,1892
32243,1352
46377,19634
35054,17031
62168,17410
91698,23799
55210,849
43344,29227
67641,10993
60808,12149
20268,19603
15757,16044
58448,17562
13318,20973
49970,6377
93732,16564
36973,29282
94420,10679
23243,11817
95991,9269
89758,5720
68523,23440
80874,23304
29630,24842
80023,24696
29542,29295
36294,526
86214,20305
23315,12408
59091,9812
94439,11265
98769,1291
53064,16122
52351,17144
83135,9445
78989,25768
40211,20050
39681,2447
63887,3300
71145,26431
56140,8109
75087,5941
20243,24546
58891,2731
73120,24218
94110,26040
47017,29680
66329,16942
77762,19012
40551,7799
89954,9213
30031,19406
93095,11004
22388,17763
26341,21474
42785,14490
43053,18781
31203,15113
74172,7613
80598,9304
97461,7128
54284,10942
97200,480
11689,27526
94917,17420
24854,21568
40991,24382
93103,12910
33885,29124
34212,14290
20440,12851
44119,18907
49367,15508
41954,5198
90255,6471
90073,12586
25513,8033
87857,12079
81910,16558
36278,26973
11924,3734
21252,24356
71113,13859
33969,24670
58375,22257
76197,5601
23593,23670
18791,27720
19433,17962
69095,15246
10000,18182
94389,18566
13066,18169
78654,3646
50735,17440
43455,22862
16097,1902
80480,1314
45083,4043
49038,15163
88366,11862
45433,9584
29638,1019
37167,4820
16283,4775
18547,17824
78888,22157
46697,3775
90607,24187
85905,28595
45726,17096
64128,25449
57312,23535
63051,6602
20087,2412
13440,4214
11416,8113
70954,19017
77390,21929
52466,26365
79645,22578
17910,7149
89104,13213
80999,1131
71022,2255
85297,8272
66145,1050
93796,25550
90693,15995
98278,11164
83634,6711
39770,14809
61855,4683
52502,21172
30717,11178
94593,18338
62695,18038
13979,22290
90626,27165
36860,22929
73869,6862
31009,7101
53637,11689
42082,7864
55952,24588
88620,12383
85401,1786
29982,6553
67620,23575
20168,23879
45196,12439
60902,22152
58227,1912
67330,27813
78402,17015
62717,17069
26584,19795
84111,18811
84513,22382
80174,5996
60488,2394
72613,16398
16481,9282
48809,7723
30961,26938
45699,27629
72482,21258
17761,29607
30530,2909
47505,25403
50522,25041
15744,10634
21945,26425
76623,16440
45430,2023
25713,23700
31840,23408
42910,6575
78553,25798
84837,17181
21820,9908
13882,7377
90158,11234
99292,11140
94672,21266
76130,9867
91047,15011
57978,11238
62817,13100
24255,27806
23811,7483
21096,17324
33178,14271
33792,19647
65912,5879
75376,8926
67955,5238
66126,3690
78059,29973
65707,9826
66666,20368
44055,11993
53235,26292
10239,8047
15702,18385
75181,19229
89733,14969
83886,8011
90127,21051
95267,942
63481,8009
83383,26933
24491,22667
89726,15193
79245,23783
57284,26316
32425,4631
30412,14940
67750,9331
72131,29055
63698,19811
67427,22623
15049,7601
85818,25668
60746,23897
18501,17905
91572,25433
76775,9384
43350,25383
18254,9922
81431,4290
14319,15697
14028,7277
94743,9061
48063,17430
75579,20234
55013,23846
87091,11819
25682,17468
76496,26941
44981,4477
95716,9257
35384,3441
36528,14199
53054,8310
30460,14873
12691,27795
76575,11613
85612,25582
96214,6133
47057,3999
89939,1668
73847,20831
22426,3027
53049,6866
72313,8798
21431,15796
27351,22208
74265,12959
62444,25128
29194,746
85041,3261
40318,15273
31256,29912
30509,1681
36181,29688
54268,19208
89423,28644
81500,21855
86454,29281
46816,28731
47021,29615
89863,27231
63588,21341
37269,29707
90705,5729
59271,5405
35176,9960
63648,20388
91772,21725
78314,11703
91915,8659
68780,22518
27404,1034
59776,22432
13518,13583
81864,19122
82793,26847
88304,12596
92823,629
93431,25710
10159,22769
42444,16219
55383,1207
67010,2455
51522,14546
55625,22515
53164,22830
42497,4957
99043,3212
81785,15711
73609,14421
38017,3688
16942,1192
32296,7440
80995,23957
48541,25731
90418,17714
85822,2245
12540,3826
21628,7134
20581,13428
82650,1750
37232,22198
90770,4615
74036,23047
35161,19553
31974,2792
89077,23436
80947,16537
42278,16229
67831,3640
33443,10933
75649,5705
96558,14516
85193,19106
88150,21866
29604,14274
72165,28837
91596,6432
77499,4756
19530,15516
21156,14311
98373,13014
90604,13817
70183,3078
29092,7840
45139,25397
86079,4083
89460,1603
24306,20235
15934,20710
21701,9186
69905,20597
99725,23552
23054,2505
82972,4320
87974,21722
57496,23548
14502,4824
59340,5146
38146,5509
66083,1375
43901,22747
15200,10326
73585,8875
14963,963
71118,15613
31117,28126
80762,20520
72321,23783
45496,19370
55712,14274
90823,27304
96582,24324
27128,14747
23176,16550
29887,19791
33091,23632
90706,19220
51247,1828
89822,27138
55211,1708
86417,16578
34771,19917
75816,8026
33365,5067
26184,7068
68299,26309
78752,6745
67925,5454
57145,16791
55956,16727
90567,15912
40303,19638
50393,1823
85431,9541
92925,14214
95537,17839
87386,8188
16084,19359
36210,23930
69730,28569
73036,2651
62145,13162
49532,15523
69583,1039
96918,11501
93653,24216
83571,12758
31360,5249
32356,814
21358,13116
42525,20293
40582,24131
22652,25658
18385,25857
58740,10988
70865,14164
74537,2003
49965,24940
63601,5582
80264,2950
94136,13192
31280,13151
43501,16477
90591,5887
60471,4976
10136,26769
56442,1089
27226,5968
36800,911
24480,19630
64943,7530
10460,9581
72781,17016
24420,11112
35560,6002
28115,10898
75034,21648
46870,25842
21517,27526
49195,26088
71238,5798
14538,3706
17645,15685
46492,26338
59132,28979
29400,8488
64954,13482
50612,29532
19904,4714
68635,17948
70451,27314
30867,19310
13686,504
72117,9719
47719,19256
63190,18225
18071,25392
98251,20108
43372,8598
56373,29898
30883,13757
59023,6409
47676,3881
92395,14884
65738,8729
28790,29380
48357,6061
81527,16332
35730,5280
87665,28194
92379,1381
19382,12675
15631,5122
26443,26976
68679,7146
41865,18080
96210,2341
26829,850
59254,14818
48340,14503
35745,12617
72574,13498
30602,3253
11815,29197
92201,14890
64346,14847
74757,20931
74836,28352
40920,23632
53033,826
22169,29834
43074,29348
65407,2885
48539,10020
18322,23261
69588,5462
81890,28905
71138,21202
75895,21169
42358,17709
14804,28795
64996,22112
82990,15851
45641,7563
88465,4928
46727,9489
35740,405
13856,16295
88678,24697
41282,23171
28312,29444
94569,17380
20634,22104
37913,25503
95952,24388
93615,17144
59817,16600
82703,18386
19091,24028
37921,18551
51756,21091
74091,3234
72380,7091
16667,7606
48984,16589
15387,22851
77822,24082
86438,10948
36150,10230
54258,19849
87028,3356
95224,25881
68244,592
12230,843
48014,15645
94981,17399
15652,11043
58433,3057
18304,6977
39039,8737
10366,8222
61986,20040
96627,3417
68726,24886
63190,16764
15862,28298
94872,27803
27633,8086
39335,27308
41375,9315
95664,119
36125,11493
69917,11178
30752,13872
73601,1850
23922,10408
66252,233
15668,3939
43923,9416
60779,21818
96387,977
43644,27975
93672,27890
36806,1172
30139,20223
97499,1247
28083,12156
55472,15744
71799,20856
48269,10052
90179,25663
15377,3390
99417,1634
94708,14829
97600,27991
88475,7558
79680,26072
94638,17090
38050,15635
73307,911
43151,5370
17405,6523
58330,8313
16403,3835
35970,2818
73771,29976
33605,1829
98776,16175
68426,16934
25289,1932
19654,7595
14364,3349
48222,16313
55316,5306
54611,27176
42890,12424
61851,18369
95011,29059
26562,28367
39519,628
13827,14146
25724,7975
11688,13561
66758,7480
88449,4337
63499,15071
88810,13207
20951,14253
29362,10581
15224,1923
46492,7424
17182,5479
64337,14887
70019,6478
35683,11185
13011,25452
70439,14694
26001,2104
91259,22473
36165,14854
56078,26041
83921,15040
74033,21021
30084,17201
69438,197
33479,22719
75497,3130
73207,29035
45440,23073
55688,6797
21612,656
75234,4249
38257,17492
84459,8160
30984,20793
13277,16496
37483,20506
17729,19394
74139,17848
85888,17580
48516,28501
56018,29560
74866,16716
31665,5900
74974,23346
68083,11878
66423,3729
72095,14428
85549,19777
43404,7835
51955,16848
32873,18307
19898,24831
76154,15188
98549,8551
47794,23393
36102,8202
78014,22264
47777,21336
78763,19870
22188,27566
92857,265
63098,11902
93491,25020
12230,13856
49629,9973
38543,12113
11250,25046
18271,14131
67802,19097
48738,23940
76611,15855
24928,7950
49341,19822
62422,10864
69456,19652
90034,5435
74190,8092
42360,16626
74217,14085
41884,26790
92638,17009
77380,9619
48200,5939
68068,13643
44773,6619
67253,24785
25911,12551
89703,13532
22086,27167
89898,1631
74241,2778
76402,4623
54074,28882
71303,4509
10383,29846
85420,17214
16144,24270
90815,27032
27677,16924
40112,5048
36597,4746
84058,14448
55009,21384
68145,12630
41399,13778
56506,6228
52889,18230
20463,22961
46359,21981
31735,23090
35196,105
27617,179
53096,9149
63836,28439
95259,16803
16526,29257
21304,23950
46130,4226
57163,27134
63742,25176
72404,25652
80661,13321
69734,15408
87008,28954
64553,13379
68994,8258
56516,23937
21662,2297
39659,15425
30741,13336
92657,4228
58502,20445
27341,14219
54797,19502
35989,1082
81451,19954
98454,18354
44582,4544
49092,18422
61689,13997
99517,15487
13803,19270
11880,19975
66735,9663
98454,27675
41793,9137
40647,7086
11055,15196
41876,8845
13402,23356
39937,20866
97064,5601
35815,17014
79007,10446
70998,25158
75040,23614
53623,12874
82854,14641
91694,14006
69476,15009
68896,3187
21679,20241
81991,4025
79903,17259
30125,11043
38744,3969
31066,3013
94891,1952
77075,11685
56736,26449
66048,2206
59385,4368
50016,17832
85518,8753
23909,11262
36737,12103
35742,24258
50579,6537
60650,3192
87805,23919
55752,18286
65608,18235
88023,19111
18134,8847
83171,17422
79133,21791
19927,10838
28775,23371
66439,16107
13561,8113
31514,22489
94630,14640
91693,27662
76219,25600
18844,22938
11660,8384
74374,7281
24234,8153
74859,5996
16963,29741
48412,3609
70485,10484
95918,12185
50913,8592
15074,218
84335,19384
85521,15849
43868,11455
18263,7664
88733,6197
97970,25084
32580,7323
67642,3821
22710,9050
14423,5597
11569,18925
16131,22107
13598,2722
97858,16047
57765,12650
32837,3620
65003,24673
35154,26218
44414,13531
82014,10589
18262,20320
93600,1771
67746,125
13507,1977
54173,2214
69119,18408
63827,24403
59776,2062
63378,3549
33866,29562
71514,24387
97710,9245
20885,5000
36548,28148
61955,10752
89615,15544
27581,3952
67312,322
43088,16827
35819,21952
81397,12251
85715,13166
86101,27201
46476,20435
45576,15664
10265,21558
61579,23747
64080,27671
10631,8377
88004,5007
86139,13156
67140,23675
50532,19942
68862,6952
36319,12020
20539,3458
94626,29702
68922,4832
99638,18379
55345,13035
57905,26030
22224,28122
35094,24456
71633,26641
26368,17516
22801,502
77903,13913
11671,17070
62916,10231
40941,22496
53368,9849
32443,9008
55012,27618
87215,21747
31717,13314
19932,4249
38080,14511
13815,4026
38790,4770
74732,7381
37648,27169
29573,22653
90110,27186
33441,19139
96597,22003
48945,21580
82708,29158
67487,16111
92209,13907
34268,16598
75338,13731
37399,17732
63079,14639
35757,16614
12591,12947
72375,7858
52624,27488
39140,834
25747,7279
27882,5407
54769,23037
10677,747
64292,6685
31618,7474
90298,9443
79498,29527
19505,18117
50247,24186
33538,2961
88914,25789
24507,17693
38225,14985
30310,5296
40918,4621
79185,5310
15897,5512
59501,802
39112,7885
27798,26950
66598,27198
28638,9815
68273,2444
91273,1241
42243,20087
77156,3538
43359,20260
49769,12679
37976,27485
86309,3247
14882,24677
92811,14672
13193,14538
66324,1135
29842,22324
66584,24514
25720,16721
34958,12391
72881,8390
26390,17338
73214,2395
80279,279
57100,24399
80864,16912
57682,13116
84214,2390
18155,6509
27746,27303
43107,11535
47429,20254
65092,29752
78336,17779
79464,28139
67960,28468
54213,29907
42636,4889
26499,14853
69979,3724
52221,23823
90981,1378
77714,28161
25061,28093
49385,14307
20545,20111
31342,13203
32864,13054
80241,340
98271,1952
67465,19675
46174,9927
33672,6043
31080,14344
66141,2596
89188,24522
35641,23087
18735,13558
34452,22945
55840,1306
54227,27946
59525,21977
54146,10465
98202,12078
77797,13748
55873,27136
66320,28469
30345,9946
61006,22519
86805,15219
82942,12666
31652,15335
75316,22619
61119,20882
95219,18211
88471,19403
63160,8183
56397,22437
39406,1131
17733,24962
60929,4471
29740,7138
77914,11797
94290,17529
84377,11103
76396,23589
48296,14274
86961,11108
31440,23696
48473,16956
31152,18159
16014,23582
37636,10933
40232,3359
94335,2494
26399,18222
13175,10936
10736,5835
80056,8893
53890,15975
65357,16488
22602,9496
14103,6669
61793,1779
73337,22689
79852,24731
88556,511
65002,18013
95278,21195
19217,18356
38333,11850
44051,11836
82349,22942
50265,8592
16875,18445
83469,7089
67359,3886
96118,15769
12190,4745
83000,11762
95734,4413
65915,14721
77360,3684
75913,9731
53761,25760
49639,14139
55246,11637
78667,24890
84492,9161
82680,9213
91191,28221
45041,1366
93303,6766
48794,13537
28409,6892
63521,18846
97211,21805
94402,4802
27815,18379
90906,17398
10325,10955
96254,16587
25558,4136
99609,21286
35334,159
39470,17822
30673,23393
54080,13032
64948,14650
36681,16721
93289,8807
65339,2324
35833,1943
72691,2842
26380,13397
54588,28065
35457,8543
54191,5344
55064,9743
97779,711
83534,7149
33445,13625
54099,1130
61403,26306
37829,16820
65646,24464
36716,7537
26646,21368
98974,21893
92805,26297
89041,6768
28191,5789
30527,1689
99404,12481
28846,16514
71954,14306
45304,21445
72905,16206
33898,4312
69760,17536
86069,8939
47717,28131
66501,21524
84617,345
16198,27335
28036,12834
32299,7373
88731,23626
24226,27792
27996,16953
32416,21652
83916,19303
52588,22494
59482,20236
88137,23275
26679,26486
69987,5169
68834,4912
65780,9776
69766,11509
20465,27354
92129,6869
54925,8057
16671,10785
62974,8122
44006,1110
51019,18530
15073,20176
20669,22520
65280,11381
98590,28246
75620,14664
15584,27260
27922,23575
61578,16025
53873,17307
69415,24732
95522,23315
97850,16724
95551,15547
31784,12586
43561,29744
56175,6548
78003,13579
71957,21635
39571,8776
92924,12585
78333,13190
83769,22219
78006,1702
93686,5561
10004,19947
57437,23297
34357,8914
63420,17787
77055,14983
55187,15738
23710,29010
93420,5466
44691,6930
12433,4187
36269,14020
53990,24978
50841,11002
31806,21639
63309,26516
92760,14248
15930,13953
29403,5352
82221,12538
50476,16224
80251,25510
94397,29495
63129,1117
50098,1316
74091,504
49150,28499
42812,28532
32471,23924
86239,24084
96547,10935
12247,18456
30407,12650
14980,14393
50228,20115
11844,24995
66469,22277
46950,10345
37247,27041
77282,12521
11261,21405
20616,23321
81276,7582
54691,23584
40359,11000
69626,1984
69898,15716
51026,27100
38064,7668
58273,7242
36278,8137
69437,381
25324,27630
91257,15860
11594,15483
72359,15081
32064,20781
67981,703
26274,28017
99447,4095
40032,23393
41289,8805
30444,7890
29091,6022
77836,12077
10272,514
64347,19984
61136,21659
82242,17214
70644,25642
85061,8031
45982,14174
54142,27106
41010,23120
81483,856
99645,28839
28959,13063
22323,21622
27032,8053
89146,4120
10609,27948
14176,22146
48568,5257
85214,6361
99199,23199
60157,29597
43289,4259
38448,2936
12664,27353
14839,12972
70069,18587
83019,15217
92404,11895
55281,25181
82243,1855
85086,8249
64812,12236
66130,22920
60063,17595
47755,9620
46052,4779
13967,20793
38198,13847
79438,7624
89197,20069
21458,8956
76740,15582
75323,20066
21477,20971
79674,1925
57918,25864
87082,14233
51999,12249
98704,5882
83086,24120
38124,21527
28511,6401
81887,14015
14802,28968
90468,23811
32045,17462
50460,6357
58938,5164
74118,5285
70644,5170
83647,25876
21886,12045
50524,8005
73732,28837
30061,26296
47761,10850
73515,13299
62169,4826
62705,12696
37544,14300
39250,6749
48495,246
99971,12364
44707,4411
57746,29446
87856,10958
61986,7007
75860,9229
98677,16857
40396,29412
86386,18738
84376,20724
81567,25015
16957,21635
80805,1587
31161,23317
50848,15063
86838,13230
79324,1963
72088,22652
43048,24888
17006,12667
80823,4401
10735,23217
29686,15412
84334,23048
89850,12144
31536,26980
50432,9828
83373,15530
13717,13916
80063,10902
95435,6214
87608,17057
34445,7054
15483,15947
31223,8525
31325,12653
45838,20440
34304,27562
43585,22315
54159,12291
71490,25915
78789,15828
76505,28553
58459,26904
17443,17213
72982,23460
18063,29012
10624,19115
55332,4577
47494,25506
14129,10662
78338,572
13715,23958
77205,712
17123,18102
33954,22665
66594,24200
59539,11034
95717,6544
77018,25850
28282,28437
21370,20177
43968,27835
59563,4164
63996,23303
64141,26885
74655,1109
12764,17625
14216,22582
81817,7944
89981,7272
17256,21659
37984,29633
35526,17525
57157,6345
32552,18897
90191,17615
93105,18899
96980,21010
75136,25863
29555,28693
93183,25665
31708,233
52310,19852
69001,24323
57600,26705
45980,10723
50326,14414
23304,16997
41483,11256
97306,13611
35539,8518
14967,28445
57804,19829
93576,2551
41859,13150
11582,12568
11154,10026
49628,27830
25133,1911
13943,6876
52044,28843
24963,19856
81024,28540
41848,4552
86213,17767
26483,28772
76715,15308
69509,18843
19995,5657
88896,23013
18751,19602
92303,26060
41756,24358
77527,21673
74584,12141
43927,2127
53947,12253
84824,19110
97565,17110
28826,15552
10986,23491
59712,5983
57852,3214
56419,13337
19603,1313
43207,9335
49999,5926
29068,13165
83290,4740
15002,20445
28336,13992
69667,7205
39427,8305
82837,29603
61502,9688
45768,16453
93035,17345
34329,21980
81977,4403
90684,16126
57399,11766
25590,1709
47072,7536
14042,10659
25841,1780
76809,6673
30821,26044
76556,16555
82015,27442
22676,28169
92423,26145
50455,21493
35943,12432
62575,29512
69693,25611
50281,4160
71047,21464
88215,3484
69311,25488
57952,13005
87611,29946
74688,6367
83250,4827
75782,20166
68114,7209
53458,22182
44784,3245
77084,26498
65821,26782
15804,17210
28884,16660
24439,23083
11664,7512
81328,14532
98972,16214
72681,23851
11639,29341
23006,2141
28665,25054
81153,4748
90679,25444
76500,21146
82486,14556
44881,25226
15417,13879
61090,7100
18430,1867
75055,2270
54745,18814
37880,369
21059,27416
10571,18856
29316,26819
62193,6661
78291,10086
95603,5070
98039,17112
61590,12714
38279,9927
61864,20113
82927,27411
72148,2439
12434,24799
72962,16887
28408,9003
41976,274
88904,572
81003,6137
86866,28875
83157,12003
33256,12340
36086,11798
87124,5936
67674,5928
50164,2928
25930,8654
75958,3036
22966,25319
53623,13583
41795,23322
79581,19119
34007,14224
35981,9226
20196,6758
37417,5850
35153,16020
59732,25251
27547,8757
45599,1387
96039,16694
44374,1489
95777,14094
55710,7037
43687,16937
44634,20023
39660,3742
66162,13000
52043,14620
30183,8952
32136,6697
38116,6965
29036,28459
24015,2252
38061,13892
74566,8825
10980,22059
47439,5941
13799,12901
62502,6444
50088,18581
61616,26367
89674,11101
77055,6210
66898,2554
88235,29199
58842,24381
97794,10125
85350,11298
96263,4202
41733,28633
93027,24130
38572,3236
78135,22890
13891,27526
39356,1229
26475,11164
80460,4536
70893,3772
66889,3415
91546,20261
95717,26683
87288,12932
67239,1153
43927,13943
97824,14383
20034,25277
13177,23802
35075,2589
98762,10990
81071,11799
39333,25343
89418,16392
81196,1135
21324,19691
96232,8940
14347,16179
98014,22742
16059,5996
36870,6444
89721,6197
22080,21675
94448,6123
64033,6419
35121,28959
69735,21067
67098,2281
41671,18910
94270,23751
92983,6865
64086,23939
91722,21221
44277,28691
39521,15574
92787,7235
59697,6742
53598,9263
13813,12629
95294,19038
43453,28192
74020,9290
24425,29154
98622,13780
17453,24232
48849,20781
69919,27200
68708,6445
93446,26428
39422,23866
11370,28590
97482,14844
70568,4729
69991,17216
75209,5214
37747,6579
57202,1451
11171,16923
69647,29461
62074,7445
65808,17760
39598,27372
16079,14886
93461,12506
19769,4289
63720,25044
99995,5119
78882,5884
82115,9141
65677,19529
80088,25181
74253,22159
71918,4851
80371,20321
36978,24826
43441,9348
45871,13613
76236,9257
78679,28127
77154,19229
10158,28441
26672,15696
80945,25518
48973,4706
30054,16526
21394,6885
19953,1797
54381,21318
45839,12806
51367,27264
54400,16971
86502,3061
39190,614
33502,4451
77017,20466
75771,11011
69335,24404
14983,27946
61797,13103
74647,2408
36778,24715
26434,26360
65160,19742
70823,13197
80003,14866
28682,11090
80091,25003
99857,13677
43827,22260
31014,3297
42494,27203
85334,13377
91184,1047
77307,8071
84252,17304
72493,26302
82754,16005
84209,29276
84052,11703
61017,6827
77368,10973
78921,1896
28341,24697
92883,18084
13688,553
26671,15812
46381,27357
97987,29885
44741,8428
25931,28294
93206,9300
70116,17615
98906,10377
35627,9339
32921,9212
33525,26121
94558,28290
43223,29950
93527,29598
49666,24643
48469,2934
82090,16022
13150,11112
87862,14897
25403,4274
48292,8397
87260,13115
20588,17866
38822,28467
92100,6352
38975,18149
75932,21762
31710,29917
68006,19289
28926,4037
46217,22215
63789,13754
23368,26324
84655,12796
45519,13138
38786,10025
71082,29463
97790,7216
83763,4635
66872,25945
46174,18027
58375,27671
64087,29301
57834,7538
78765,10087
13304,15826
86050,9136
88477,2367
64214,12197
35111,23885
78949,13881
33743,14963
46710,23792
66931,15049
45617,25081
89238,17668
18917,17549
42777,25845
26661,8794
77340,20180
73075,16685
36828,12897
79499,20602
68471,23500
32629,4091
21809,20052
24677,6084
25605,7493
70527,6016
83992,22521
47087,25848
41017,17733
72306,22216
73287,12681
84057,414
84461,5655
14683,2091
23514,7993
39478,24994
42110,26447
53621,5107
52470,10189
86153,21629
39971,12234
35992,16985
60645,23460
63412,3352
44564,21529
77835,9142
97771,6717
98254,8271
64614,11419
79357,3426
77692,4550
78114,29084
90024,3818
52831,26434
12807,28901
23396,24954
48040,25364
72404,9994
25845,18816
27795,12011
50682,12653
14947,1866
30128,8395
26869,22712
93226,2863
30928,29149
70992,21337
85227,8201
92718,1614
82640,23915
84084,15606
68389,6336
77950,18644
55783,4675
53854,14106
33592,2279
16774,19908
53680,26108
93427,23640
96264,6088
83229,14943
36068,27233
92217,2560
22092,25115
94461,453
27977,14203
73493,5924
90430,28181
31169,18537
25240,27508
88062,20670
20299,16423
55975,3443
31153,14126
34878,13038
84143,3210
90782,27212
63898,22847
12199,7371
59916,11858
82505,1278
89843,8825
21110,27741
21742,13700
90223,24050
54675,8240
89371,17506
53321,221
73379,13467
93445,27621
29593,16933
95183,7868
99318,14603
72583,19703
12397,8615
48039,13796
51498,14594
84217,22620
46659,2350
65004,20492
48054,18478
66469,8677
27616,12694
90229,9709
39747,24143
69900,7821
50962,18428
13225,12262
71891,4719
63788,27481
31643,18345
23414,19348
34510,1385
75522,6634
81004,12194
47108,23998
77305,18615
97537,29869
64627,21044
62619,12893
20069,6099
68013,27557
78423,8003
15843,19388
57242,24689
41531,25309
74869,20585
18343,4349
38876,21636
94173,13882
89763,530
76855,27661
93785,7979
55656,29592
90549,26778
73838,9943
24382,20918
32939,7751
80443,20569
75314,26164
93721,2317
80490,14937
90152,28989
55456,330
56142,2798
95013,18334
35617,8884
34382,25735
40820,10677
14343,21332
85358,21199
57513,24184
21774,4922
33736,27639
92079,5385
43095,14184
45852,19056
14121,23036
36902,28239
40395,16912
79245,26364
82704,28469
74630,4413
63094,17110
45374,10609
23088,27572
73368,21925
16261,3351
91772,29563
16747,11162
49076,23225
56690,3096
59416,28114
18709,24335
57246,724
23807,13774
16539,23699
46496,15365
47953,24533
69614,23827
50534,1113
13486,10381
76440,11776
63912,25752
14386,28305
45107,24446
54358,16221
80311,11070
33902,16852
87906,4666
56027,29141
44535,5824
89205,18945
26863,18219
46778,21612
13663,1573
49431,18420
11106,12146
87615,24739
29800,24331
65449,18839
85470,28509
61813,5239
15148,718
75386,10651
40493,16085
40016,10150
17718,20069
30223,7823
74408,19781
95304,11212
24684,4711
57041,10181
76783,26807
74830,20454
51051,27969
60424,17356
42870,23665
32909,7499
66628,12549
63125,13320
36395,24915
27920,28393
68784,14034
14992,9309
77793,23406
19861,8921
37160,21701
12321,24003
44513,7286
77118,10037
89264,21059
79044,10771
19457,17105
58434,19852
87152,10985
67231,23204
91610,10558
23474,27024
74742,1163
19481,9436
40595,24868
81717,29707
59989,3777
51896,7238
21404,7365
34545,14292
52910,7670
63572,5506
95031,25677
95726,25158
24599,21911
86870,17954
37009,13208
51629,16365
44016,126
26710,24002
41953,23945
49937,28213
64222,2555
69443,13572
53739,28013
65565,16007
68727,17991
60633,9008
94440,14548
32291,6359
85753,12242
79300,18186
94635,19734
27247,17744
60052,29060
92747,6496
66512,11161
72393,6999
88177,13345
20989,25600
59160,3512
77068,25935
41982,8048
35560,10252
25584,9238
35198,16048
97773,28790
70737,11036
37563,29816
95646,12786
19567,27969
47788,5841
71158,12837
64701,9580
53114,20280
43999,12999
98933,25749
21897,16065
62685,28253
55739,26117
80136,21905
22944,2789
50677,13874
50954,10742
77751,5087
86370,18542
35064,10377
37279,11306
65252,16640
42168,15319
69669,14410
93124,5107
67744,9311
96665,25681
51343,5031
73774,6343
49686,16906
88234,16759
70614,12475
90908,14433
40409,693
72601,21433
53181,26556
59177,4997
23474,4269
79189,12368
50107,24934
33709,12120
30174,29825
66151,14835
46196,17729
79068,25621
45541,25339
74366,13508
70851,26115
65623,27231
40672,29701
96354,24230
92917,13551
48037,688
67904,1290
52957,23464
65722,2945
38637,25223
54545,11820
41833,16437
60622,9145
31014,18486
25535,22059
26259,11123
58526,14414
70240,22779
29809,29919
56351,24083
53289,25875
20241,9693
68325,3524
43973,21236
26273,7564
21337,11030
27114,26869
16618,4878
13757,25320
96786,11285
45665,1665
89160,1692
15407,6765
91413,11377
40038,10828
41723,1708
67149,15850
29675,5679
33198,24105
54690,1786
57839,3216
31259,19851
70668,2665
72742,20273
37884,16480
64238,7802
29339,6534
65895,29761
77385,29584
79989,22976
80101,5455
51363,15538
32582,28552
15898,12713
73160,24536
75351,3517
43068,17008
95874,17853
54482,10295
65144,17022
47588,18521
64172,12064
47265,22257
50624,23300
33929,6283
51219,15164
79992,8554
39018,11852
31245,16960
92799,11367
58532,1437
26836,3842
22581,4954
26223,18716
70763,22680
95744,11966
30710,9413
43720,27701
22912,29904
51996,19678
16587,16857
32514,12047
38458,24284
12261,5871
60306,2131
93037,3614
87100,12296
24586,17407
84383,20429
54625,7386
77578,9890
44559,28640
75476,22159
43718,24117
98203,17263
18347,6535
43328,11043
68642,23527
34264,12680
47996,17413
58769,860
43705,6827
50955,10455
94988,514
48513,22935
67239,26652
63557,5045
76021,4157
82075,18721
78865,10686
34771,5857
80108,27809
70811,23265
76560,10406
57833,19744
14204,8605
17837,24112
57108,19887
82235,26022
67016,25131
29521,3952
13570,22481
40297,17241
54346,13195
86311,26868
51400,585
77086,8428
88637,29573
29738,2699
27026,2762
35996,22401
80406,5548
97884,25637
66439,27513
57428,17533
66181,27369
60349,15821
39804,25479
71019,29602
30467,22304
83652,17462
53524,22408
71993,16659
10462,11516
51764,8276
79268,27782
19823,14742
36814,23068
97005,25356
22189,872
78748,5180
86950,17601
61875,19243
94524,4555
90464,9182
50982,13306
59479,23628
39832,14891
41124,18372
65152,6670
17563,6434
20925,26784
43040,4260
73250,20139
43815,9529
13079,6525
34143,23977
79365,123
69501,21535
40300,1621
12920,20239
88523,10016
90930,12440
65608,10032
53013,6738
70604,29193
71930,5798
23189,29895
90538,896
62294,25968
41476,28374
16018,1506
19693,21973
41915,5044
75338,412
98953,9444
88932,27336
82946,10507
46081,4327
14091,11355
29254,8366
56813,3554
18542,3278
32167,26554
85408,24581
22936,14788
38327,25650
41658,23919
21313,22548
39334,16213
13975,25482
58857,21473
24244,23002
25111,26448
55672,2959
35291,20551
16666,930
89597,11499
26805,6076
41925,8402
10549,16787
71830,14634
83865,2439
27205,20570
21832,22972
23913,21481
43159,10571
63687,19895
12495,24825
81984,25417
93144,13516
22466,16118
34847,11915
30819,19263
30587,23999
11318,15846
62523,21588
61390,22054
90290,2851
40499,183
58607,11446
43646,25634
49341,25271
83715,25292
78553,24601
50851,18576
44623,13323
70251,16614
49580,7253
51458,2566
98031,23841
59794,5867
87531,1804
49601,25704
36457,24626
50847,29952
46141,9878
32010,6252
71599,10858
10835,12558
38798,6991
48446,12290
25586,243
31475,24668
74112,22358
15894,22417
94614,27020
83110,23261
89187,20138
43262,26184
73962,27299
68478,7451
15243,21485
68941,28127
66982,18358
45241,28582
11941,10885
96922,13131
32899,13041
54353,15447
32728,24371
12562,26487
32307,18238
65301,25453
33715,27989
64844,11556
70960,27176
72321,102
17745,11337
27067,13380
87685,25045
56810,17549
78460,18526
80374,305
81158,11700
89738,2196
67130,10284
72798,15386
86208,21989
71049,27521
13572,12005
59185,25509
63293,27842
40532,26577
88199,17608
18427,2132
48940,9606
55238,5070
77488,6290
18131,16666
83319,27001
28945,23030
36676,25018
53551,4466
36503,9031
94006,4485
99188,24918
84136,17946
14860,167
35700,21327
81645,18849
94113,3897
40728,16338
31864,5605
58168,6118
57752,22056
28785,14671
65263,27670
13667,19104
15159,8010
68982,25297
66046,5038
95007,23220
24637,304
90721,23693
34841,13252
46621,5695
34266,2154
53856,26610
33126,2858
85452,21310
59979,21326
73396,23006
86000,8924
31823,24223
44801,19138
57570,27688
58805,13423
59321,11013
63549,25125
57386,2650
68510,17029
54098,24122
10884,19879
28144,23969
33032,23899
25503,16575
69249,1088
19875,508
42020,9181
13777,26650
12123,17736
14044,10639
45941,22784
70450,8548
46067,22181
54509,8995
53274,9839
23984,24421
37968,2336
24247,6847
47375,27519
28592,15085
80077,11543
37650,1018
37814,19487
43202,11129
78670,26915
42686,26382
48605,10539
92108,29480
13646,10641
10318,14106
89281,3598
48241,23785
42654,11900
15081,13219
57567,21122
60645,859
49358,6193
53681,22698
61631,5425
26860,28320
32013,18012
51973,18493
77810,10783
27307,7925
28271,27446
55633,11046
36335,8588
45613,26110
53823,8393
13274,16699
84402,24822
63794,12434
65268,6858
95649,7190
73347,4873
91054,11276
11109,12645
89280,10081
47217,8419
38001,27827
78586,25246
26126,10654
11655,28614
24229,5800
52008,23052
24178,5430
34796,3161
56085,28969
19372,2601
71383,2919
64398,16310
33741,21424
94087,15223
22575,13694
14212,17127
11730,18031
61384,28036
42539,20402
45491,19726
18829,12036
41352,26770
64918,9354
54444,25130
35159,27754
60718,23652
75797,23253
34498,6126
68875,25237
40574,22014
12766,28107
73160,5313
45691,7556
89162,22513
45237,16892
76621,8990
44519,9179
44544,29265
65541,25560
86883,258
45929,13466
39366,17860
57379,4090
52539,11329
25264,8333
72812,16994
73701,13768
61418,12680
72855,9235
88326,11890
81742,3479
57966,20413
14031,24375
40928,3173
39800,21170
33052,4880
67181,6580
88416,10436
20239,7794
18825,2542
99327,25778
24152,18905
94687,18289
55379,15406
69174,16803
10848,17191
68695,13963
18965,25013
10226,24146
47007,16188
86897,4140
55045,5233
87762,1791
86241,7320
32377,27886
38463,278
98055,3980
77172,24465
47332,5731
22413,6670
15254,4860
14592,28681
37265,17342
57052,19762
26131,12889
54631,24879
24654,27989
54067,7862
66442,12723
82977,321
60712,18631
59345,8807
44189,372
25465,25982
46026,18669
55473,29157
34752,19126
35787,626
78994,11832
84631,20542
41093,9787
70538,27097
87419,2584
59569,7600
86638,14310
61210,15915
20548,13779
92377,22398
21547,17658
44950,18461
18426,3982
33967,14534
15045,16245
61422,27495
87514,25017
77122,19831
40239,12084
91084,6214
46316,2413
63756,13261
30129,11517
94118,13654
63309,28283
69035,8240
79777,12652
80817,20649
13306,17000
21095,11598
49802,21763
23164,5537
20366,26799
84453,4376
17546,27935
89033,2601
39943,15826
32753,27910
64394,15183
85935,16215
70819,503
78323,14787
74546,5231
64512,24252
35118,293
90758,9860
45056,21286
85106,12313
19850,18875
12909,5403
49341,25547
52219,9669
28523,25359
98631,17845
82991,26134
82668,21458
98046,4043
70356,23115
23955,17561
70164,20532
32982,28235
87537,2064
48174,21574
53860,12713
96951,26942
53747,8077
71419,184
74106,21094
50847,18623
26223,20574
90076,28166
98280,4368
68909,16472
43511,22195
82301,29243
68937,29502
28570,23685
83705,11293
64313,26462
67495,21809
66250,14221
21487,18754
48226,11990
14788,7004
15961,19793
58079,18853
90157,678
69703,26243
99797,17494
84639,678
80705,8352
99374,23362
69186,26847
99710,28614
85120,28107
35335,10283
13897,10698
29027,7605
60763,6172
41718,19229
81975,17776
62949,9824
33019,3355
94642,7794
84768,20503
15413,2106
43806,8048
99663,17324
37983,8497
51335,19136
28405,26806
36734,21093
29606,15697
43707,29387
45311,4639
77361,13024
10120,2757
20537,10589
87321,21053
41939,23749
53649,18705
91559,10526
19164,2526
61830,2579
29318,17867
94881,28848
38069,197
91162,125
76788,22371
19962,976
61972,22833
93194,6155
63642,5352
44143,17597
95124,25080
33081,18439
69411,4708
11249,6118
55997,10776
97817,3932
64579,29639
95454,15620
90436,18399
81039,494
15597,18293
37353,25504
69817,29506
40309,29485
68289,27989
82391,29881
63876,19422
36653,21442
70362,5601
46718,16931
48361,15993
67953,18585
68167,6798
16374,15671
84485,22267
30750,16832
89283,1071
81020,15247
62731,11093
41015,12851
50656,10081
46370,23571
23892,22345
86399,25715
62102,12305
39419,24720
11559,26431
92865,11835
66127,29087
60062,14255
23754,20659
57897,26024
25894,12515
50865,13683
19345,10310
91518,14887
13187,6915
41939,17502
38635,28768
92223,20768
16671,16961
61666,28785
47222,26903
85196,6290
37001,23913
62040,1257
83950,3585
83831,5321
19295,8528
91411,24467
35035,23276
81574,10242
19596,5442
71023,24937
48184,13804
47064,25524
77312,2199
89204,27300
64966,3379
31344,11513
64982,14746
55427,19853
49246,6541
39114,24017
16980,8805
25801,29325
34481,11600
87167,9786
50324,13888
93458,25416
17689,11840
41353,16548
74762,29799
97882,15677
43470,10581
91158,28214
81126,14887
17611,8009
33759,28167
82978,10841
95423,20409
27901,5208
75494,25204
84651,25822
15361,7908
47966,25571
96372,10862
25567,20059
22765,20399
39450,22054
29816,25359
31146,11547
70717,26954
31671,9776
58882,378
16596,25207
46349,2746
94317,1731
80038,22524
28344,8146
49453,2268
20198,14400
54613,26360
32822,22274
49182,9271
35315,16510
74773,22012
22079,4024
92571,13716
58404,9141
73355,11645
39115,25708
98952,19511
96131,663
19010,14427
39301,2583
53700,12731
59827,4492
12465,27146
65326,13600
12745,25426
95319,26876
81130,2341
87836,826
14360,17081
31532,13847
26696,11546
59107,4550
49782,25385
35904,16260
67550,14830
75794,19098
39211,10245
83329,1848
74815,24399
88752,6933
48984,1877
89646,3806
41598,160
48924,3409
13369,10276
95874,7170
19651,20945
73368,22123
36449,16617
58239,15393
11482,16932
21554,6864
35003,25290
24769,25413
60382,15451
29634,13677
13422,14832
36359,2073
29132,29003
99625,16657
30181,6240
72443,14182
61683,16329
52164,5629
40204,4071
49479,15493
84908,3865
84724,23659
75651,15375
42929,6679
75976,23324
99882,24422
50388,18475
97763,20593
83431,19684
63421,11735
48390,16404
63367,18716
84028,7403
40996,3074
39819,23199
38977,18153
74437,14799
72273,182
66981,715
20672,22745
34025,20763
30458,7599
60099,986
12345,24408
14198,1052
55596,27934
44230,28611
45523,13526
28944,20460
92893,7435
19927,8755
60774,15289
67336,7472
12600,19805
69277,9222
35162,24092
76248,2126
12658,19430
72717,1757
23539,27986
22010,9916
13846,27733
40820,13131
77251,25044
72821,723
77495,8869
84109,13355
41165,26986
52314,19653
94766,13425
77064,11834
37727,14868
76799,13246
39836,2997
86503,16897
13057,27741
22415,23997
14651,25868
42105,926
22873,29980
48943,24672
30180,2650
41452,24642
18862,6256
81786,22636
36833,28395
46861,22582
87094,29168
26221,1407
60324,6442
31811,2105
54194,19163
82474,3137
49000,14944
79063,3627
55315,13395
45579,14458
72376,24336
55429,29570
62830,29027
54059,5796
34253,4859
73837,16298
30749,15628
30818,7386
70878,8820
33903,18746
36469,26836
48073,11577
49982,26316
23864,24643
14796,19707
84231,10200
90092,18570
55100,27812
20244,18592
23830,11423
73031,11800
60987,24606
69981,21937
29217,27862
41216,25969
25613,24492
92677,19222
23969,15740
32536,20854
68098,16314
34481,20020
58037,1597
46901,18593
20239,6013
57177,27977
96659,25081
92806,20259
38938,13993
28376,27714
47782,18973
11760,26231
19257,16639
43479,10434
87042,4239
89757,23281
98474,21075
78944,12023
59269,14497
81447,17616
69973,22858
77433,24298
42697,24321
25586,21842
99010,10107
23224,9864
67249,2250
93693,18173
51838,7082
57948,14269
84482,11902
29251,23422
45667,1835
30700,17752
12001,13427
36022,3795
37620,23777
30078,10041
59226,21111
74982,14697
98223,22698
31266,24468
14402,13909
31760,23022
71570,24290
89918,10031
41045,21825
27805,28880
37294,21968
40175,16727
30218,18064
65420,11237
18276,22059
16287,18631
98872,29451
36561,11203
66666,5163
87106,20541
81142,28354
60235,12530
70929,2818
77526,21111
40475,11192
95604,9853
59914,27399
81437,24536
62333,21534
86867,21575
64625,6139
54235,2526
27614,3193
44334,26870
11720,11660
87832,17318
34522,10638
72914,17782
25733,6136
69431,25188
66101,29988
74793,526
69268,8400
58581,3779
34270,12908
46734,216
89932,4328
27149,27904
47324,17979
26579,29853
79650,14489
73843,8946
69569,5816
39342,25919
79767,9191
41975,24405
49479,27755
82314,9540
91604,3110
37584,12542
88927,20566
93640,12807
64721,28802
54896,7594
14217,23245
23115,3907
91962,12732
11511,25759
54968,1071
28427,9533
63126,28581
15892,12605
81035,16088
40154,24910
72290,5274
18828,24000
17441,23094
16341,16696
60336,19208
84411,11797
70102,4371
73550,19037
16580,7527
84322,8623
98031,22039
49780,15995
23155,28568
26633,3822
50452,5952
12822,28389
75069,2112
66342,18603
34540,20675
34670,20144
38406,12804
51465,16013
69196,21853
82277,24867
77373,883
92065,6124
56112,28979
81183,9666
17875,11681
17326,8732
75810,23270
88212,11314
17635,4564
49869,25440
76891,29595
14880,8783
56973,19174
16070,22574
87229,12641
69204,13372
99361,15821
74071,18762
33313,12326
31492,4569
46455,19659
25241,5157
96017,10494
68786,6611
63443,9935
97783,26742
97568,24262
70397,26614
73263,25395
83647,18929
40960,3413
59471,1911
27909,12105
84728,22929
26749,16738
16863,525
42222,516
87179,28065
75176,6382
54053,17475
77298,8332
51432,24954
64250,22941
24069,15154
96557,180
19509,15329
69908,23414
18569,22791
21734,10624
91406,27193
85170,25557
13340,21514
83930,6715
66181,8063
91995,13905
97638,28435
84580,20298
48687,784
50845,20386
39780,6526
50453,17843
59875,15893
83512,25939
31244,18533
47266,29354
60685,11839
77462,26128
57546,21378
21771,26646
84856,23687
71909,12548
37776,6258
15617,11595
73042,24519
98653,4222
53884,12380
21738,14302
66083,13697
56211,1529
82560,3578
74231,12014
68082,15982
56367,8725
12319,18200
30629,17199
84094,12062
98704,28062
91845,26923
71932,4872
71240,23219
85474,27483
28583,12920
81701,4131
79697,25102
82317,18283
57241,8475
99058,14066
60932,9347
98629,23887
78315,29389
14603,15568
76079,4409
64273,6765
53659,19221
12465,24699
80678,21651
31018,18651
76877,2609
83086,23439
97172,6886
16868,11003
34469,20264
82407,24879
86920,28663
18208,986
93618,17004
24846,13693
11327,8386
95248,17718
37939,222
28222,14845
17391,21705
10716,4052
37289,13163
40697,13400
59195,15204
71322,27975
33719,25453
87859,13903
73832,27398
43246,4141
24589,6982
21290,3799
62392,2414
93020,7374
54685,27172
87131,27676
34844,12396
69818,27056
89333,21847
64799,26241
82037,28354
75640,17365
86614,22041
36423,22980
70859,29341
76126,26100
51984,21458
81147,28494
77050,3051
42161,25053
43739,16552
26288,29175
60084,4458
99709,13671
88140,14260
59879,2597
10026,6671
78495,13516
22632,18922
37529,13358
86705,22656
26931,9517
82765,12669
99477,6074
41827,26067
31321,22979
98362,5070
10294,27431
10483,2659
48458,20249
98382,6936
38290,27441
81001,19566
70799,20815
18096,18019
31814,23154
42889,14292
50163,25377
11692,22594
96109,22502
60461,2837
73145,21704
61722,4689
77099,18209
24500,20655
59390,23354
74690,17077
17237,20883
36138,10431
28447,17535
31244,972
41969,24362
33163,9571
46594,546
14427,9220
60334,7290
26870,10824
23143,15454
45895,1209
89352,12779
11388,15187
87618,24246
60089,19002
79110,14247
14125,1020
47765,12312
18768,2096
55093,10992
12928,5481
29243,8587
70470,29842
39932,28464
21256,19855
84567,7039
21720,19876
43926,14930
23128,9608
65672,16587
34174,14407
29020,6105
86962,24685
90054,16770
85888,7498
27773,15383
24835,26452
69776,4938
43178,26833
68921,8525
42142,14576
67903,4876
85689,12205
74542,3084
23159,16388
46412,10992
41914,15313
23050,21222
72238,27397
51553,16754
80575,6622
48881,9539
18693,9732
72634,10105
23254,26710
27560,9595
77843,15801
56059,24327
19099,27066
76475,27179
80086,11946
67793,13438
29367,22959
27695,24715
14293,14967
65360,8828
11922,24048
86249,9407
89598,3837
65352,25283
54313,25332
33417,12953
54268,7015
48186,12976
97567,20988
43976,3633
22158,24641
47727,5539
62854,28776
71345,2211
49726,21620
92214,24019
63700,12034
23778,3242
42384,27978
73201,14788
87775,27976
57173,4531
45695,7165
87335,15075
86196,18950
12924,3299
40961,12350
22989,1814
29931,20593
85370,14811
11150,11737
43549,4266
44556,17913
78209,6426
86747,16417
69557,28609
61669,16447
21143,8054
12998,3823
50340,13057
68375,22448
68055,28273
29397,25152
94020,22766
13229,7002
43532,15852
62489,10248
18220,539
21377,12704
46913,22272
86027,7535
92553,19091
61924,7377
73685,8413
73075,18247
73340,6602
59101,9023
85709,1103
74572,9244
54923,9822
46439,7526
38913,12550
92630,20303
73297,3993
93242,29917
73591,15677
80147,25327
65351,24273
41739,26724
20500,26886
39298,9079
12588,16179
94010,354
84802,7904
79473,20015
80512,17830
28430,23564
79152,22005
25808,13135
12037,12768
44468,8077
74303,23994
19924,24954
70674,4908
41570,9064
41843,10822
76164,12645
60779,27557
54733,4400
62120,21443
35598,20938
23097,16327
11076,26992
96196,24840
17690,22394
37298,9716
55581,3059
75200,6530
91993,26373
75200,21623
80780,16546
43928,23976
65280,6844
49560,20101
12857,3277
26101,14059
44935,19141
10334,26442
33602,2746
28921,9868
51090,7401
27855,13825
77866,14851
22602,17388
57641,28368
46520,19656
35043,24562
25347,10450
89875,24761
89560,26771
80015,24956
61816,15513
10052,28417
50524,13811
98727,5685
48018,24522
61385,19646
37641,9017
97430,11215
42207,6980
19620,25994
60865,10519
56513,10126
21365,1713
27117,24947
33132,19677
66299,7212
48603,14301
23097,17493
97750,9558
18910,23994
46050,16227
70698,6076
95153,23982
46256,14740
60791,12909
84632,21177
66973,1788
30776,13452
28832,6210
36935,7140
35507,1481
39077,12651
70218,22642
21476,14471
21222,28681
93292,26693
42375,29799
67177,3170
59486,12342
16441,1321
44069,8216
48188,24707
14774,5845
67550,18687
61127,9848
18503,10424
95389,12518
72458,24432
87453,27598
66563,7633
87929,22004
17827,24324
95563,26630
69423,13682
24744,7255
43668,15138
31307,5209
93515,3413
91011,2028
22103,7572
37626,8042
49877,27086
46681,18990
60211,29594
70798,7731
77047,3310
97273,29982
67291,28290
13347,10144
90073,19055
49776,6897
95234,25225
86043,26989
28160,15563
65475,18984
19448,17971
76536,29810
24181,17161
84523,926
20141,17950
51780,3291
84806,6944
67715,25521
63176,11070
39286,2831
93713,1984
59909,4812
40556,14673
82833,1190
49628,10842
73538,3098
92770,17042
38573,15694
51417,23606
43340,23362
27860,2562
33293,3573
32938,12787
12486,11724
18543,9724
68483,3215
84740,24799
70517,7864
73358,5672
11835,24777
21744,9124
50769,24942
94676,6387
10892,14179
89416,19406
74911,8084
35124,25627
55706,9019
38683,26929
33317,12889
16801,17345
80389,3254
51447,7567
39945,26080
90729,19086
79658,13523
83131,20069
29874,8412
78725,17327
77366,4086
80650,16593
51306,26385
25885,7681
41714,23612
69633,22775
78414,12321
34499,4590
50692,15282
13348,18920
82684,18974
47746,386
49575,11575
20107,26538
42435,7388
12774,7186
16296,21468
36389,13574
77590,17506
14822,8495
50959,24350
36594,17491
56338,9475
13835,7450
97017,28461
99884,10374
56550,25704
30340,7776
33651,4007
37293,27392
75490,9484
14277,21630
76539,1690
43872,12243
11207,21960
99026,29777
59386,1119
67466,7614
74922,10408
27657,25659
67733,22240
41126,25825
99818,19408
61643,6609
17520,2507
44502,16586
72862,29278
37831,11335
49786,21979
84973,17445
26350,28014
81357,27146
65185,29713
14846,6704
16903,29438
26691,24314
43299,15749
67576,267
88498,26754
77918,13714
86448,21898
20781,5267
17387,22438
94990,23638
15746,564
10414,2894
79487,9017
32783,4738
54379,27134
86043,24531
39813,29253
10120,1580
36179,26425
51294,6649
57764,9914
67274,8353
64680,14905
42473,12755
32156,9371
26859,16380
22639,2765
27798,14081
68972,28802
11408,15082
56458,28889
86957,4760
17617,2511
44296,4981
12071,2976
39431,19094
43483,7611
60097,13413
35277,1638
65254,16879
65667,20483
50970,16813
69368,21812
15968,25835
30108,17690
32782,1817
37361,6758
66518,29021
75747,17345
13882,1804
11201,8468
41038,1390
50203,8401
86585,15982
57961,12108
71640,12658
23148,17181
57988,8079
70134,26737
43059,2994
54869,5281
13495,14667
57384,12847
20337,24364
43096,28935
92671,16416
25844,18940
11489,18606
53656,8133
88199,28178
61210,5339
39474,10187
51906,4925
11173,19619
53700,9565
21827,19382
28017,15654
50479,17419
30811,18662
83433,14413
19674,3612
94276,17113
63241,26023
12694,23475
60222,924
95577,20839
99085,14591
49084,26762
37041,1204
33671,18438
38277,27887
34961,5564
85778,23959
99776,8872
13630,16847
70042,27197
52762,14376
74047,25031
71138,959
22154,25621
64822,29021
88386,14134
98931,11567
36749,25630
18498,9712
20175,1274
62221,4952
51068,17100
36751,20308
36513,1809
80331,2595
36062,17491
51947,3396
67315,23156
95964,10260
37533,27214
64718,314
74677,15171
83113,1549
56997,16543
90244,16756
38129,2867
47758,21268
41682,19390
47795,26404
69252,18734
53360,6365
74392,16327
58058,24082
96193,13351
47283,21393
15220,29620
55537,15043
59921,13958
37180,20353
50155,19267
82350,18132
53282,7686
71804,9563
96947,22179
78350,26049
34053,19098
84390,3055
52564,24203
93300,3447
26677,29233
30664,26649
12290,26524
62165,29787
99504,6743
94061,2618
64446,22437
86325,17211
46662,11508
33712,3057
46322,17205
39619,5312
70050,13633
70964,21346
19908,4178
62853,19307
65584,7707
29625,21643
93191,147
92688,22198
93051,19262
45410,13426
45790,8996
49539,12899
19520,19722
14164,9330
67053,1661
49193,29682
67243,4230
19291,27560
62603,11404
85960,11340
53743,869
78413,8256
78090,23749
51108,14193
30546,16976
90711,10935
12822,1940
30297,20271
97065,3736
11517,22163
44206,23599
16292,8530
71059,15988
49186,19722
86110,15729
79278,15317
21097,13515
51600,15096
36817,10978
63879,21978
94159,8993
65158,20470
71932,19765
71165,7627
47799,29096
72145,21268
32583,10830
75105,29480
21736,21979
46837,770
74156,12581
64903,4462
98844,29379
68078,15564
64369,3205
81763,8504
23373,471
46979,22765
99347,20756
25538,26476
42088,10252
36340,23940
40297,18602
21389,9061
32287,3264
52141,100
38526,26179
19640,5277
12582,12115
17793,15428
75851,23704
85031,7616
93918,5875
11145,1959
31378,280
18703,9746
73535,3967
20182,10516
22658,25447
69655,1792
58805,3333
46095,28722
21484,20471
19881,10463
88119,24444
98266,15249
58182,26262
52800,2804
50210,26546
83591,27920
88567,6637
67340,26349
93648,9159
68492,19234
63504,27159
91659,13724
73654,16219
76975,28524
27945,18759
24769,29230
21159,19302
32246,8264
10368,19413
44264,28722
57841,23201
99516,11859
87373,10643
60343,20135
15640,13328
58468,22210
93377,6068
52646,28852
46954,15152
99918,12765
49566,23892
53389,3937
47438,8433
54811,21951
94264,29721
64936,18845
55460,28069
87902,26276
46214,325
91851,887
41207,16051
62763,16413
69563,20077
78503,14968
41490,18039
43426,7147
96677,21634
26645,10382
87079,20926
46505,18550
90709,22817
28175,28173
67967,28013
21180,28967
98450,26053
96872,133
27511,20074
94980,25475
65637,20393
27111,6246
40322,1691
62514,2800
27898,11222
59268,8301
76822,20957
86400,23506
38011,28600
85526,14663
17896,17021
75040,11787
87523,13921
61875,2824
39276,23021
15009,14365
83287,7457
33321,16138
63773,9213
50228,7978
50996,1743
43146,4011
10501,15441
34554,433
31642,8399
92177,23412
44510,647
91893,12740
97772,26647
88594,2040
52801,24250
26256,10023
47983,11187
59281,13607
13541,26003
99634,8271
63158,13926
39236,28368
71539,4782
37814,18638
42825,10161
64694,975
12869,4701
42751,11570
84673,14203
24948,26875
39285,7947
96795,19453
71039,24173
13084,27201
10506,25465
55575,4632
28423,7900
75073,15598
40807,29790
57596,2482
79203,29213
99228,28854
57706,7410
28830,20253
30308,18357
47557,21249
52597,17591
22965,19571
65188,26533
93526,4828
31400,2414
81459,26304
56589,21096
38799,8419
18150,17347
45722,4389
79909,641
99248,7305
23433,22435
76239,28143
23857,12385
97474,5349
69418,6901
26742,16375
42181,23329
47397,4353
46775,2017
66298,17961
47781,13123
97715,17138
96812,19561
21334,15263
83340,26121
38279,7345
46715,8930
44124,24964
17406,19848
17042,20889
74679,7820
69754,27199
82364,14642
22768,19840
74239,4140
51079,8421
35053,21097
82248,10584
19074,325
89130,10409
35601,24020
60014,22653
25245,21928
41531,453
53525,5607
63345,17632
56917,707
99564,24291
11056,12890
88432,21436
81604,25598
75350,5785
60859,25897
70105,8473
67149,3325
73130,24288
65107,8328
16240,5481
52526,28981
88428,24441
55919,19032
62343,6606
64236,9831
44263,29824
67934,3397
60370,29436
56607,23321
11016,12829
66772,29625
85514,20375
62891,4190
72163,16557
57330,29841
37859,18029
91751,8864
19741,9605
77286,13017
14901,24493
17837,14780
12150,3313
82339,7659
23560,26379
69101,25044
64795,28488
92761,258
16698,5768
27121,11313
76632,3335
58933,18014
59494,15303
30681,27766
97459,9199
67316,14166
88332,4295
27078,20235
53664,6252
13420,21254
84850,12085
83733,6168
15481,2272
22692,27256
67457,12246
95963,10106
36641,16481
22750,424
23297,7444
83842,21308
90904,2641
36382,3300
34102,7567
80114,5277
45123,448
68642,3888
71429,25334
52615,21133
36198,13570
34960,22210
71756,16959
48911,877
11302,29825
89206,15400
81063,2708
29675,3950
81741,5359
20641,15076
11254,26165
11833,13615
22606,26087
19811,13998
69603,3564
57768,21153
25566,11929
21211,22464
54868,18740
24236,19304
47168,21494
23924,14439
17420,7587
13097,3601
38305,13988
52697,3439
28010,910
85849,498
98811,17651
27131,22228
72235,10316
45700,208
55878,1272
69041,10647
53661,2568
38143,3965
34880,23275
80984,19676
38026,29794
12861,27890
92073,26732
69719,403
22708,28281
33557,27742
62236,11681
38991,7470
60078,6801
13306,12155
37134,12211
81865,17080
56703,10129
43274,9441
17810,4327
41847,25794
20790,14270
99650,24646
66238,28120
20118,11596
23533,1626
49083,29398
80382,5900
98475,1984
39007,15765
78237,1854
98754,29347
89960,9815
78966,16263
89505,2033
52333,18003
98148,15821
96248,21590
46256,27255
93258,12376
37879,25825
94874,13595
71538,18003
75463,10188
10810,13987
23122,1455
47681,5831
40699,10796
67142,9059
36537,13459
43351,24932
25695,9485
88993,881
63536,4962
54490,17143
34198,20968
22138,29165
63196,1655
64707,14629
59098,15865
35780,23625
10470,28690
35484,26360
91110,3330
31015,734
70825,9597
78575,2446
21126,20757
94711,7885
39203,21569
86022,10934
62568,15336
62363,27641
81366,6108
56536,25230
45666,6258
41420,24054
80164,7591
71357,5322
61219,2042
90540,14499
51942,10034
26731,1273
75218,21418
78547,3648
13502,23508
91945,5193
33360,1173
90771,611
87018,5229
63392,24496
59476,16946
56718,11534
85385,29934
34200,11460
44831,3516
12259,15043
18047,24794
30349,12223
98714,8583
65496,10425
74171,6853
97962,21271
81821,1850
18160,5433
83119,5743
42797,1480
91453,25849
27277,10659
24897,29089
10495,15908
65983,19870
95932,4247
71242,1714
50677,19884
47705,12515
43080,1451
29423,14490
62597,9263
51796,5672
99949,8864
58191,12849
22123,1344
87921,27364
28194,6621
64666,9519
94184,29367
62004,1332
74962,17059
47233,16667
73257,29659
29821,11880
44814,18492
93135,27083
14712,20305
34326,22818
27248,10060
57211,7628
50402,7545
68696,10325
24590,12414
47721,20181
22648,908
58950,13968
32348,13067
45246,25986
99487,21728
93081,7105
56953,25912
73978,4573
52687,27253
63862,2021
10703,10592
19146,14928
26627,17265
61168,7469
77218,15734
65985,2508
48927,21140
20646,2906
48193,25923
54753,11341
98897,13968
15644,16840
38753,22928
53763,17588
22657,10377
30999,25137
55077,28272
74388,6479
40007,3495
81452,14571
55358,7759
87920,3835
53003,12971
73465,27463
76046,1690
51620,24981
89559,3996
82913,11183
23126,11021
73612,14158
25283,10095
53200,28840
55038,7543
38533,24589
21724,21857
61769,8343
38466,27817
46098,28240
73073,27722
73134,23495
29621,3231
34597,25712
33663,15444
56902,24121
15739,12088
73541,14274
62112,1443
63332,9668
55510,22874
34011,1558
95359,20088
73957,11586
62689,2971
71073,18646
25067,11662
80887,7139
55835,13440
84050,19806
15651,25403
64503,25830
46507,27032
29140,5407
88485,11288
14288,27147
19412,13145
26240,20100
16752,16016
27320,29948
62071,13802
69008,9766
92884,17456
46659,16338
54123,15359
56567,5507
19902,23646
60124,23160
19971,21612
87735,14257
27622,29535
79913,5980
16876,29181
70082,2266
84449,21955
53263,9284
20180,15034
42695,17673
35197,3856
13461,4006
74116,14951
86662,27725
46775,13111
79669,11520
44950,28056
41657,20996
26343,25427
21797,102
68445,25824
24269,6979
22139,29948
66069,24919
48118,19526
65274,8263
47871,8160
66235,24348
69084,14696
59887,27964
72468,21610
33811,22758
67666,24324
93825,29830
71547,23978
80396,25093
66564,27728
31029,21105
28474,21827
66313,15686
36165,11352
84836,18547
10330,16415
77810,3959
20250,12493
19594,21714
93092,1883
32087,26417
51033,17618
60561,19841
58595,13870
72393,17299
13913,8671
84592,14053
36457,15746
84950,22655
24246,17514
89861,26363
71882,6521
48499,27988
16629,22896
74394,18400
29972,21395
86341,5713
62795,28842
43082,12924
21628,29462
81828,13648
16171,17276
83444,5871
10783,12231
76193,23910
65938,18977
83544,11353
30786,5165
37659,1551
51023,12045
52712,27964
36887,21060
88194,7889
83317,10995
48236,4593
55925,7961
54446,15708
94866,20574
48444,1548
78934,24227
98669,29019
31448,22532
21789,11407
26642,3311
60030,5007
37328,28214
79797,26391
64677,29241
78813,22083
99756,10363
14721,5430
59933,14921
66815,16045
71827,20956
20487,28592
26068,23384
46031,4057
16976,15076
52733,20235
17478,20286
69032,1933
57355,24887
44224,18015
42750,28358
77741,228
34989,17517
65199,6180
87481,12732
95756,10627
72586,5557
89049,21309
68701,16288
16160,18650
96300,6034
93874,13101
40881,27509
40412,22556
36548,13399
66010,8846
30654,13820
34309,13265
45388,3927
11790,27420
20526,13782
34653,5625
72640,20237
60048,14206
46775,5034
74686,8160
13936,18845
27412,26413
35817,25330
99562,15838
46651,6619
93359,13950
22130,12704
26916,11726
24544,23053
76968,8392
19086,24509
69892,9435
97516,1399
77089,22646
98041,25627
62802,9746
82475,4453
10401,26805
48512,25689
48144,24928
96539,19206
42414,16072
88223,7781
84220,3913
45148,14421
60272,10642
73349,19833
94617,8740
28721,9525
24752,5898
37880,14386
75872,1156
58931,11476
82212,25785
26349,18811
85597,23571
53649,7129
64285,27088
73756,11453
76653,23697
72168,20625
43939,9100
61602,19643
75364,4628
36345,18542
56506,23471
35872,27522
81771,8973
45002,27683
44815,2110
10994,730
48650,8220
13959,15023
63378,11122
34928,6061
82257,4494
87412,26669
83611,9834
70251,6300
91394,6059
84854,22131
64961,15511
28232,537
62826,26613
91559,25206
15044,2893
26546,10595
78021,20871
99819,7507
89631,20926
98384,20904
39102,19355
25789,7279
81740,7835
92035,12909
95297,5164
49054,12254
43975,15364
99617,28654
25215,17704
34913,14770
40414,12110
40088,27923
59444,3198
84060,24656
53418,2820
67870,17330
26592,24469
50191,5173
81312,12541
77336,1961
20502,27537
45827,15565
38302,25887
32285,17175
56053,4516
14449,11672
41369,1607
68941,21673
97540,25962
30108,13962
10262,9129
55852,15454
57448,13193
73438,25492
22842,27488
80608,12109
82341,20972
71697,2849
91167,4076
76177,11933
72277,20731
24121,20891
25344,5811
51713,12906
14125,27740
89662,26095
80433,22368
88274,19697
70268,23296
27529,29906
14124,9004
92092,22052
51606,9804
12025,14451
97485,2350
48697,19143
77548,1134
82474,11902
83452,17007
79146,21911
11461,9969
42062,10258
53159,15349
40181,26051
48866,21142
46915,6388
84946,7800
73490,8951
99665,20214
40487,25099
70303,9361
82551,10729
86741,22343
13677,3322
75970,13402
87196,10936
21941,20190
82437,27618
22479,1097
70717,22197
21838,9438
59661,24294
80228,12511
23970,28804
50090,16662
89859,16795
60568,4111
37284,1962
37816,29888
47271,11288
15999,3532
50845,5816
86580,17236
82501,12813
76696,27154
98652,24372
80046,20018
69850,14795
48592,21069
38502,6993
23764,13564
93814,13713
41477,29949
40842,21801
70077,20532
11984,23466
11009,27193
82248,13328
43826,25187
70467,5728
93453,1758
22634,2350
19015,17603
34845,11120
79764,16050
94852,1299
71970,25828
25882,24733
58321,7102
84699,15069
68934,14776
27693,23826
42835,13102
43186,28538
50853,15746
27525,11358
52086,6969
81862,25777
70357,11190
64477,20934
70306,3882
35407,5421
55540,9266
85618,9051
32380,9295
28423,18845
11916,29287
89453,29076
32429,18813
52740,23362
57788,966
65979,12579
24200,26702
49307,27191
15426,19260
36660,5621
52946,25726
58170,18170
46503,4508
20139,20955
47334,3397
82115,2560
79194,27068
63759,10013
41004,11823
11294,13180
12020,11742
56057,21848
15498,14078
48647,4452
65898,19460
58815,20815
62290,13298
64525,14345
35172,24924
90557,23096
47708,29816
82588,18050
67685,13479
10581,16901
72784,16193
49170,20901
21061,20735
44103,2283
90085,2878
54443,11142
25559,13430
45598,23739
22899,14895
61008,28780
57290,26881
96844,15673
87382,9785
13327,19093
45944,20124
79003,20420
47545,18670
91370,12631
21831,2522
60342,6002
28251,16893
60685,21332
15059,27979
44330,9784
63044,23040
76212,5620
32285,23785
24116,22606
73869,21333
96910,20799
18945,3853
70325,8136
63107,15870
40698,29359
41565,12949
94944,14093
54717,22129
45371,14746
17023,22799
43001,22602
88529,27206
89747,16487
47884,26976
45159,20851
96174,9040
55019,3046
93553,8582
97781,370
12836,12114
82646,4474
71840,22701
68070,13157
91553,2300
64777,19939
89533,26827
36025,6112
50827,2986
94910,24872
90316,27803
92039,7736
31086,22947
89535,29375
68879,26457
64965,2485
81255,25255
84928,23530
43487,10640
92459,19578
14327,10383
92451,5395
83033,3612
22042,25905
15677,498
10158,21481
89903,5686
27691,7191
25272,18693
71355,12603
44014,20122
45023,26403
38971,20565
82648,18034
14126,10987
61059,28583
60397,747
67109,14549
30900,6178
53531,23849
44217,5347
68913,22985
35735,17266
53751,22811
87184,5371
39914,25934
66599,29903
65996,5470
41561,24327
78400,11503
24731,8532
84033,2119
27599,3160
31550,6635
10778,11543
76658,22902
23546,24571
93171,24746
35579,12442
87691,1582
84866,20269
77750,20724
10874,14033
64001,19242
52357,16928
71641,27983
94289,27033
68161,16125
39291,9908
24356,25257
40271,26122
15746,13438
68537,6695
33748,7935
48817,3396
48439,26731
74564,11259
95702,26442
28914,6464
98941,28731
66817,26843
58354,29571
79353,14268
19481,2036
10868,2463
43436,29900
23370,3004
34267,1431
30050,8236
11525,11190
29903,29358
44741,2634
83310,19490
49909,1222
68698,23388
42902,2862
60633,20294
87309,26817
14429,24495
40090,20203
36401,20492
17693,9200
45812,14807
67760,25536
30390,25183
34840,6689
87512,9287
66249,24673
94120,23540
16249,24997
83885,5951
42138,25396
50206,14001
28759,24646
80917,13535
23322,17074
64694,13949
64989,12977
59585,24950
57738,21619
17508,9371
89677,29692
30483,10571
84471,6454
81762,8633
74734,9661
80275,25675
12857,6129
76524,29823
36086,20598
26456,22210
56848,20638
95181,6385
24309,18769
42908,27388
64232,28650
50650,7300
75509,27084
28727,12871
51420,865
30481,735
88317,5828
78452,4767
56296,8048
42809,22512
60568,8966
45030,21606
12388,10372
21015,18821
88312,27762
64950,22671
62765,16447
29132,1670
13237,24881
50072,27688
66876,4439
66491,12191
51057,16717
30369,4234
65315,22152
24662,19975
43750,17169
69761,14228
31307,25499
50474,3665
52411,21821
18180,28293
72049,22452
97103,26946
13818,20316
30576,7447
77929,28100
24830,11886
36159,17204
49022,21077
26911,25515
25810,5778
15821,26912
86984,5022
23850,12368
55281,12347
35828,24092
40967,7283
81925,23066
69072,26867
69424,26164
34018,14764
42670,265
33720,17040
92063,18388
74505,2486
94218,23385
43656,27808
22920,18721
89549,28937
37623,554
18340,28831
76682,1984
19748,21649
58938,25992
88910,20293
31470,9499
49222,12216
64120,22380
10476,17241
27731,930
33244,25343
16315,9409
21591,13539
28341,9627
44358,26548
56239,22255
67483,28443
33479,1941
35515,6753
37529,17215
35634,7591
77219,3302
85147,11303
96749,16673
65467,28038
92304,16856
67528,12108
82887,8482
60341,25365
80325,11953
67183,282
18291,8969
13765,4594
27247,11222
90126,26667
88440,468
37055,5057
98025,11923
20653,20200
62362,7290
97436,14844
59037,20604
57349,12708
99220,8129
57398,10456
49233,18472
64835,28883
53036,8909
61956,16500
54072,19696
90909,13128
25617,13444
21169,21480
66081,16392
29211,15423
73060,29570
49227,27036
96441,729
73883,9266
91957,16267
94173,24282
95099,13916
23806,5215
77910,7351
26278,18319
61888,5896
14085,26565
78631,24556
31674,29741
43193,435
99926,16974
15787,17541
35858,28699
78921,23179
99285,8826
15115,2396
12052,4167
16613,4724
93972,14060
32504,18156
72532,14029
66070,4856
13240,12393
65026,14866
48795,9645
59356,23593
78032,3982
64251,6518
80037,9977
16592,17974
72687,21230
91906,18463
95880,26310
77338,16675
93856,3099
56501,16250
10993,14778
34533,16481
64241,4809
79359,3534
17458,8678
54019,14109
68067,7984
12053,14139
38576,21319
41257,2921
26734,6410
64248,22583
96780,20778
16216,29405
75038,28697
62244,20144
59366,19550
91641,2793
70380,20254
24284,6508
29670,9480
56397,16289
47872,10390
43738,22882
23594,21811
81944,9390
77905,11952
61236,29162
16713,3903
24931,19721
62688,22734
80007,18977
25889,19359
80644,13387
75403,10185
10186,11704
72327,16741
81567,15793
45998,28425
16257,26878
91278,14081
43667,2334
82613,28772
13890,6408
79527,13528
38067,8239
27574,7606
55471,27581
16511,17397
57962,28112
24148,3583
60909,14987
12921,11530
45326,17282
15400,29640
94612,4615
75421,3751
88605,16651
18723,11947
90842,13221
64214,968
42953,12593
23086,5859
34570,29601
68267,13167
96314,15272
86058,13309
40437,8865
12850,2292
23109,12867
90755,27827
38586,1696
49132,3259
57221,2674
48974,24027
18250,3186
74709,22680
85664,20090
64799,20726
82599,28819
18838,9554
65831,11983
92323,172
43196,12373
92640,23034
22033,21660
33701,18498
82623,12899
26678,2526
71873,6702
90702,29798
35950,1370
12766,27130
75670,14531
27670,8959
47205,12122
83463,10144
11868,20726
45473,6376
81996,9051
16718,21874
93917,20923
37956,3702
47576,28644
86078,18508
71964,9040
81408,20925
96183,5333
22639,8198
29705,28089
25101,29053
46349,22137
69477,7120
50651,26511
35952,29546
83478,29251
94556,7023
95196,19898
29353,29790
11463,23113
79848,15562
77951,3694
47392,13602
10949,4744
64232,5283
47058,2918
86908,22258
12958,142
20885,9680
46624,1878
85347,19330
94025,3459
42469,28951
99901,3582
88153,29127
83230,15555
44615,23825
17877,24290
49896,27611
97961,26336
98326,15860
81559,28546
27077,19854
30507,17582
67951,26705
91194,14658
44751,8500
62977,15958
13638,19881
39761,19024
62631,5424
20581,20796
18726,4334
17396,5587
51850,4365
66355,1116
77572,7123
91984,18005
89500,14827
81403,9541
46196,9096
88066,24580
70518,22098
81808,8122
21118,23737
86162,26219
95357,5197
85702,14936
22598,9917
31047,22896
46830,4106
20325,22766
39752,21276
77175,27509
59675,1348
32697,24990
97921,7574
19179,21114
30348,7759
18574,25900
71581,12744
69071,23560
18909,6687
99134,21200
32669,2870
72056,17293
23255,1093
21824,5542
90282,16838
70986,21755
28394,5382
81217,303
89937,7465
31139,25753
84581,10105
18672,8722
84343,25395
52242,10292
60410,28469
29714,28433
94099,26787
96584,23793
41185,19393
42431,3293
82102,4285
84694,2005
16464,971
66060,21331
23050,18637
14271,19244
84840,28477
92831,29226
49544,10035
76546,7022
98798,20064
38527,14236
74465,2349
98121,8816
25888,24272
73945,27361
55755,24216
43298,27675
27098,24879
60768,18618
41051,18067
75968,20432
48042,18858
11472,8478
32220,15556
52468,21155
46134,28115
36522,2094
81523,12037
20579,16047
34606,677
21528,15162
83862,9246
67785,213
72569,5611
50691,28984
74184,13240
87506,2534
40046,6114
72175,18164
86138,15208
48966,18133
48899,4951
29609,8634
70761,13852
70224,10967
68093,25060
82402,20147
55184,10960
58120,8302
98422,1515
11571,6625
49205,27056
56232,16803
35191,5503
45101,20907
70311,17410
83527,24591
66173,4525
37535,7464
84548,15137
15489,12806
74639,2059
20202,9281
46544,10477
57268,11153
72646,19823
76689,762
49982,3426
87921,20102
81524,14888
92917,29844
17994,25896
94775,11814
11345,14420
32598,9620
14380,18082
95227,24816
49740,27803
99984,23643
66315,18434
27794,15807
51002,17302
71349,23807
41257,1191
95493,1289
18692,22438
51652,10621
48227,13125
81288,763
14039,25429
48489,3320
19032,15137
59829,22136
91060,3063
10555,6267
41597,20996
51677,15315
19427,3806
53778,781
76683,12960
53334,6263
79620,9087
18097,17401
98300,28716
35728,13907
50824,791
72792,19373
80930,21154
77486,25580
68795,27623
12157,28669
59685,534
93146,25957
38145,22737
75492,6738
12375,11915
64739,28255
89066,7518
34294,13549
12149,6641
34005,6195
97973,28224
65882,23260
96227,10888
26129,16312
60720,4446
71445,28102
45353,22752
37050,8250
64180,10422
79114,4335
10121,7965
23204,14024
88573,11795
48576,7025
69463,3090
78445,24165
30310,7247
26737,7980
58933,12840
94165,514
57057,16927
70286,3750
89697,11246
58167,10622
27380,19750
58086,16662
32726,23767
91499,24739
84725,27815
24259,20859
34739,8341
77805,28357
23301,956
55060,24173
91594,4655
36263,13499
63361,26961
50720,21347
47385,12311
15733,19293
50608,2826
55978,5514
69969,17917
17165,25547
27697,5826
25608,4311
96596,5326
72621,11783
99467,24397
69184,9877
95697,14184
54191,7727
74418,28408
60038,22379
78186,8296
46021,28083
11351,9391
86577,25379
59411,26175
67420,9183
36033,3582
85751,10256
57886,8916
36666,17933
11386,24676
70575,18789
93882,21249
21936,19853
32406,5040
89583,23123
61282,16195
47335,2662
10639,2598
20786,17780
93261,14074
75044,28610
60465,1849
62977,9887
79302,5105
32297,20063
79159,13287
13926,4412
91611,20214
11045,27356
91118,4641
76136,12206
55699,27616
54639,19546
27895,9375
13100,22590
83601,7332
29088,7816
62644,21226
98087,20864
13480,27044
14743,2569
21334,22755
44747,4080
18758,9906
16066,10231
18861,29875
30278,12190
49798,9549
20846,2407
55717,10208
62086,22372
62803,21283
95747,8261
99223,29248
12439,1813
91211,10746
33572,5161
46769,11396
36798,4431
53476,12965
99505,2401
37339,24244
68591,11421
23177,25001
39913,27475
68106,20370
67052,26909
72432,6031
76903,19456
27718,7794
52661,7927
55665,26409
45055,28092
55666,17408
42223,14865
20994,17110
68263,6583
64068,15604
54406,20816
78923,27569
33057,4951
83070,8356
48570,10623
23490,18631
74229,9162
65923,3534
94825,17964
98874,11271
76834,17400
50392,16914
92173,20113
55937,17043
66432,7517
54849,672
64869,28754
38516,16406
72951,13943
72692,24755
54320,17408
89947,27506
51069,7821
26367,14134
52128,12742
10709,2555
82127,17982
63449,9007
82451,20140
37222,3848
32687,20024
55124,17021
59376,10559
32733,2822
11338,12269
37112,21802
23605,3897
86106,12492
62913,25601
14249,14723
91305,7812
29837,19702
21367,13362
70658,23131
93944,20026
60491,16782
88979,23583
56893,22317
16728,5496
44348,12462
38344,22691
79629,9654
55251,21171
95235,16487
63735,4206
90980,28424
15531,29472
55029,12597
27838,24608
55168,28551
92871,28910
19459,5723
73104,4299
79534,28638
87427,10250
68898,7042
62458,2697
70760,18395
58804,28291
52024,6895
61338,2177
23810,8460
57113,11066
26947,28144
22517,6590
46134,11253
12401,5671
58861,25293
31213,6507
71019,22590
53369,9704
54226,14072
65575,22719
39617,2520
90953,11456
37037,9149
56832,1921
84480,6364
41469,24675
45427,18995
58056,4427
98265,10949
37791,6689
75097,22930
87802,20607
57798,10776
27725,28249
60408,21386
52976,15466
83227,19876
11640,4786
69409,25784
23930,27829
97556,28717
51521,19762
31800,25769
26738,2645
78405,17902
35108,27642
86220,6282
31663,29100
60555,9509
92681,18995
81652,26137
59142,18171
79528,6231
98386,5803
73030,14751
54940,11722
10594,14055
70653,2973
53706,13462
70853,17766
16903,9051
85684,13771
54415,28066
25583,10607
74390,22911
85664,22573
62676,24482
53788,23175
77792,28578
22535,21134
81110,879
29673,6192
54571,5005
14389,23575
65164,8000
80164,4938
84817,9267
33322,22101
54701,29953
95133,18649
81927,5717
42342,6936
77460,19744
15564,28835
58477,15285
56674,15060
21102,21873
41799,16124
74677,21196
24110,13373
15958,23963
39789,5264
23227,4892
13891,1041
12500,4969
80062,12400
26704,29635
58645,29495
51947,28000
62793,8313
96489,15358
70713,17508
66394,10800
92089,18091
17193,24992
93295,22768
14086,19691
59515,18719
53833,13397
50471,18825
62310,27583
75272,20297
50276,19902
24139,18875
27777,14140
75389,13468
91252,1782
70023,22502
35958,12744
29548,10468
24743,13528
59114,6096
64229,1117
56756,6057
30165,22277
18830,22706
66416,2551
57880,9199
68961,6144
82394,29500
70994,16605
36077,6109
88652,28711
51985,11575
37780,3211
69473,21704
85778,18335
68781,2544
72468,10007
20153,2601
60893,8363
34291,22638
41676,2336
81582,3294
19214,13035
27065,15723
92486,18221
94945,8426
39113,26504
61649,19322
54728,14495
83048,27171
20341,9933
62168,5317
12945,28998
94039,11454
71366,20943
85451,15810
33543,27192
15519,27048
28899,5885
11083,26996
25452,16006
79406,27366
70851,1608
75579,19725
99161,23955
83895,21252
96652,29309
60807,6445
51278,27715
67223,9836
43450,8701
72003,3360
17612,12921
43039,11256
70764,23715
63346,2371
50191,3610
65207,19229
73328,23126
28185,18230
51472,23515
21903,12734
52517,13133
23970,12318
64530,21686
90076,19630
13958,13814
92509,3166
41352,9929
28086,8133
74403,1374
48024,16898
62591,10398
12929,24111
25269,11409
34215,3769
80553,17266
14067,9271
33832,23615
72543,22454
27368,27716
85534,4442
81645,10198
32960,20644
65999,10003
44200,16346
92898,12139
76537,11812
39036,29343
34099,14416
44898,11355
44123,11987
36309,25767
50559,3434
52344,7416
89782,17592
86444,8187
17429,4862
42226,8601
74590,11024
28605,10255
51012,14828
33742,15996
98822,680
68659,24776
52482,14637
73159,12049
55307,20979
60122,16316
41230,14352
34424,23888
18098,22118
35316,3966
47006,11398
79331,10801
62723,8995
43217,5040
23585,28846
32616,2844
94143,22326
64675,14576
72232,7144
40406,23883
82760,17357
16427,16385
20767,4387
93658,25454
87505,27879
74091,225
98824,926
24552,13595
51985,27275
26286,26815
27502,2581
69954,23241
21632,15911
51994,4320
45480,10388
97163,5719
23493,340
87849,29000
86964,27029
48581,28941
27181,28213
28517,25244
52760,4719
11808,27923
44980,10179
17648,14235
44450,25548
87848,6730
47335,7720
54375,2941
52356,17751
69853,5658
31962,1563
66905,11144
64700,29660
61747,27882
86657,15101
11556,9450
17928,3219
88772,24299
50054,14638
19945,5109
55311,13356
77211,19436
33528,5224
38937,2333
78089,26970
84329,26280
66562,23850
56273,648
62342,4094
50212,23902
22555,7485
79988,6249
13366,21536
42278,216
79520,21549
70805,20525
67475,22065
28817,5386
58087,21910
64239,26956
10415,17071
67128,6711
21354,10497
97463,19884
32318,18835
68956,22741
39685,22357
12141,9591
76569,20343
47308,23076
57769,17990
36070,5772
19090,11037
65709,23216
27192,19241
80463,17538
98207,25720
19496,12323
68692,15402
44810,9409
15299,313
30485,13829
29551,1221
10326,29112
29446,3980
51882,1709
72260,26019
77414,5111
19918,9053
16796,14808
88530,23297
45761,19996
10315,7999
11662,20486
32104,27563
37986,24295
37959,14374
65917,26733
17977,23133
41772,21291
57497,7455
23676,26150
23224,10169
23471,29092
46607,14781
13544,20032
91932,14858
18173,24041
32128,29480
79415,20941
81565,20703
55263,9503
73021,20164
10212,3100
74176,9400
98090,22151
65560,21080
10441,21841
96939,24658
96378,21598
93030,24029
58296,20333
67372,2199
16898,24262
80415,20704
44251,23549
86546,15674
41707,28471
11904,29660
93980,14827
73464,12134
49510,23675
19873,1573
31447,3512
58962,6212
81222,2733
61467,2391
26560,5817
84874,5173
78375,4116
52693,1335
21671,6450
94066,11709
50803,22797
22339,13322
76734,23928
23870,14789
62345,6394
44088,11611
57000,24413
92292,25977
52116,6565
57006,25242
45008,27238
34798,11825
61832,3428
90366,3737
54602,4039
94754,25549
21790,16237
23939,15549
95515,12803
61880,2137
73975,4938
77462,27853
73722,19581
99252,8557
59951,3884
86618,3136
67974,24752
27370,2711
88731,1258
33661,28368
89032,12626
28295,20764
69790,17982
24158,16674
11116,19412
33492,21006
89017,6149
65162,20262
27499,321
75834,2513
89379,23729
88239,25481
63288,11103
50012,27957
50400,26051
20932,25484
42731,25349
90955,10577
41511,26711
91513,5897
42126,21341
72887,18289
37483,6135
27719,21682
85352,10197
54332,11182
40569,16243
86082,16197
35868,9854
82760,4963
25113,19548
10510,27419
45078,10879
89244,7092
32188,6304
92000,459
51671,7289
37507,6105
43284,17048
43037,11793
62392,14627
50825,3458
36409,15861
52966,7650
28511,10163
43314,20389
22843,14805
36556,29119
76395,14411
70386,22311
19885,14686
97940,17477
53524,15497
99428,22089
41284,29466
91936,7767
36613,1428
71821,3721
49409,5048
44800,16700
32341,10663
21799,10452
74155,2384
46043,4456
57590,4664
77050,8077
45238,23358
21496,25776
19990,26973
73675,2086
81994,22320
27316,368
56100,6040
74949,7891
19346,20970
59903,3677
62603,29629
34706,28162
75837,883
20658,4881
42949,11239
51620,4088
47794,1272
47449,22093
61770,14399
16242,18630
43446,13518
15459,24236
93765,25734
12411,16260
61949,8531
35683,12132
90554,258
64997,13148
22851,9824
53135,26852
52669,23434
19799,22824
47634,24309
14436,7320
43284,11610
30888,26327
28774,27015
77156,13498
71568,18040
60836,7472
58024,5086
12504,28925
81600,1702
72583,4710
73070,14610
74185,25057
96448,21445
73350,23638
28049,3994
77564,686
31019,3617
33983,24697
89275,17503
32997,26868
33170,7366
95470,349
88959,28409
72516,18986
92654,2289
78898,16934
70941,18449
97015,7078
48298,14272
37779,3648
70794,13463
55163,19771
29898,11795
16468,19151
14226,29165
87356,24905
67140,27750
75367,1447
25170,13753
86485,11140
85517,23722
43094,20766
66501,21540
81460,23211
18161,24230
67503,16468
54420,29912
55129,14113
31272,25965
24862,5074
38710,1912
37886,6727
72168,27065
22523,23733
25445,18749
87639,18835
30530,2285
23070,18703
93639,1865
22808,5732
28039,26482
73941,17021
49192,21046
33982,22054
38023,17765
25206,23833
63023,3971
81007,16284
87485,29020
69776,24564
62809,17293
90953,5809
20762,1011
59545,21974
97184,16823
99106,10187
96867,23128
16940,25372
89356,27948
82338,21566
95342,13555
37802,10050
29934,5773
70376,22752
49766,2720
72043,8191
78662,19376
15818,6954
76193,26340
17985,7278
72664,18711
86224,17191
45268,10908
23982,15542
64747,23998
49403,4466
55200,9548
82549,10143
17309,25936
82990,19390
30121,5031
45989,5144
25142,1793
64146,28076
35854,8521
46246,24499
50869,13458
55431,3251
13487,21413
63581,23780
82288,7158
85586,16353
26992,19474
52037,8189
82413,11309
56310,13770
20930,28176
36798,16015
20537,18239
68537,29355
97454,12190
53010,8833
21253,17423
13565,20955
29643,28764
91706,3600
98110,27447
21412,17348
81630,5161
45636,4549
38156,2161
80076,8632
97394,12865
32059,4931
16071,15988
76283,12433
36230,16099
98332,9348
56211,8223
47148,8197
47613,23458
64629,12562
43067,3864
58412,23983
22891,29690
56535,7980
53144,6755
79060,24141
84298,8885
58239,28925
26522,4824
51575,25317
21234,20705
34936,26089
37201,6647
97976,29190
92820,28366
55390,19161
66435,25953
27199,15021
19621,10158
82572,15067
35988,24687
14616,14498
77991,29387
27750,19609
60471,22390
46087,10535
50607,20990
94806,9000
35770,29873
19336,19658
31620,2026
18421,8914
34989,24760
72358,6191
14600,19099
93188,22615
94182,28492
24727,17692
14639,28029
49863,27795
81590,19417
40316,13799
89168,15174
73095,18173
75310,4182
41679,4687
50382,14946
16823,16068
34715,29337
32686,9304
59449,25663
52417,6829
54776,26227
78076,5350
65243,22983
45570,19018
39552,28710
28052,6893
25700,8518
71765,14062
36057,25522
40247,15868
12639,10595
16906,28074
11417,16650
11523,24560
34706,6466
66823,29177
74346,9864
26715,29023
22881,22463
26095,3775
24479,28461
18647,2939
45242,18041
64479,17520
68805,24259
99157,7111
11503,13715
25474,12545
96802,27402
98166,6404
61791,9639
53401,17185
64981,16476
33447,29279
30519,15626
75301,17400
90453,19895
46752,26606
54393,19141
31074,2904
65493,18428
40902,23128
47493,20434
43710,9995
21403,24648
15592,8615
51303,7489
16127,7551
72102,6433
36638,9844
95400,18279
59196,12749
58919,28913
50091,15923
39130,22630
94174,26919
50921,6956
43357,14290
61155,1481
13520,23137
38346,10462
70205,25708
18483,27783
46877,20707
97118,28509
64117,14023
64424,24418
93355,251
55690,22885
77617,25502
25522,6422
16911,3721
43960,17437
93888,23953
16398,27811
47921,16850
36095,14033
89525,2773
13325,5265
24919,15014
24276,16985
80589,4954
98120,17516
69167,17616
62092,14556
83462,20133
45884,18407
88658,2163
33271,19735
48327,15921
85313,21940
94232,6775
40496,24250
99716,2248
99582,8802
43253,5161
55645,24435
82636,8124
30144,7233
95217,27064
26255,27278
26817,7344
86193,7976
30783,6364
99670,3683
82680,15807
19362,655
65406,4413
76934,26357
30160,19971
79829,14497
24421,21382
90617,20533
20444,132
15236,16521
24477,9936
55905,11216
39648,7253
51158,13740
18179,24058
94835,10603
90349,20862
46563,27074
84754,2571
36186,12340
92146,3503
76328,6927
14221,3446
65498,24087
55084,1083
79528,28720
28816,26520
72144,23409
98117,16699
70918,11331
39171,15728
24162,19698
43722,3325
21827,24469
87112,1580
56576,14661
40982,3842
39930,11987
83666,22657
44272,29266
54606,28057
14647,2081
49905,11543
71067,23396
89616,26803
56835,7315
78761,1768
69961,23371
45698,29602
29259,12484
41141,7013
54616,11633
75948,1776
40203,12481
27511,10324
91147,29934
59910,25613
80311,24285
30894,7910
32854,24239
20574,17037
74351,4021
95259,21329
13118,15649
64763,11265
64581,26187
24738,5558
70059,13870
74661,7121
83794,8938
26804,275
51609,6713
81442,21702
33150,4736
99130,11526
12311,7152
25740,15469
53209,22005
86715,28267
21975,28205
24047,3406
16201,2472
20129,27387
69066,11021
73609,20070
55776,19505
21397,24945
20119,22457
19977,331
87925,27853
24461,9608
99481,3133
92169,6854
59506,6655
59396,3316
14293,15976
62560,2848
79142,15034
96644,14058
30936,29998
29997,27750
54811,1901
89383,15000
82789,1289
20641,1422
79919,24256
60369,4510
33632,29917
85368,16988
79189,16262
33213,7427
20292,6445
21406,20372
52525,16881
65729,19973
31644,29394
19876,11137
90546,28742
59770,1074
94869,7764
85817,16934
60765,20336
91630,29198
43745,16516
92420,4970
60703,11128
89155,15466
82394,15907
52761,11288
61068,9256
87767,9976
18265,13623
36403,23283
59085,20491
99462,3804
49453,5264
84518,26837
63864,1055
14408,29336
62171,25321
17318,20905
30447,26604
74330,19913
19530,21266
90007,4497
60386,24792
30595,18745
99325,4941
37185,1721
36277,2218
36755,19196
16309,14015
72731,23782
57748,2178
35022,18931
18030,29225
14220,8528
53917,17567
61960,4579
55605,26207
73898,16818
17161,17024
61930,20528
13752,4388
39132,25520
84015,5836
26526,25865
58418,28565
86228,16847
41170,25463
78252,505
89419,26585
74729,4195
61459,11847
12112,24244
33803,667
78413,2670
27032,12555
76905,20227
54381,27257
97237,2716
38285,27466
55933,19266
83931,24856
28070,1622
93798,6866
34457,18905
62697,27512
14925,9501
42757,10168
28899,18009
32989,5311
61151,9238
40811,24593
11926,5832
97177,5554
92232,14577
59636,10723
59009,18639
75912,2564
92959,22866
17401,9921
49584,20271
91767,25226
62113,11900
65874,9779
34845,14208
74562,10561
14702,23514
68423,27757
95080,4341
25844,13704
83824,4319
57501,22864
59667,16695
97198,29596
85783,4960
79243,6834
13550,15569
47629,7166
40258,2249
18988,12204
81510,6818
51531,20505
30112,14606
11490,20150
66274,6862
71207,26990
54185,1593
65550,29512
56976,13180
39980,6560
25397,24287
32415,21858
50147,28734
62806,15025
74025,29389
61534,10331
78351,16943
88722,6761
71984,24422
82086,2340
38819,23382
37578,10534
59675,4105
44093,14985
24565,23435
52120,11374
12737,24362
41276,23367
59499,27331
33046,6016
94170,440
21271,18243
47249,26255
37861,7990
26304,15733
68791,25099
78337,3391
54400,27142
52758,10867
54771,5509
84898,23015
11604,1004
99919,29907
66974,21438
13689,7106
70811,16766
66350,3157
79303,10704
95093,6711
94736,13956
16244,8901
44458,18194
17433,5249
45890,13188
99797,12965
41435,18959
70772,12628
34350,23905
68266,13926
45575,19347
47228,16036
15212,18208
68622,5296
22804,18001
61041,21619
23041,3110
80400,10840
92359,2140
90215,22197
60230,20647
52841,5029
75681,209
90587,10792
74789,18088
93364,10670
67319,19698
81532,16641
83911,25570
39711,20793
59595,14066
26634,841
66038,1170
87201,14081
53714,28337
41677,4934
52346,23060
64849,9294
54389,7741
36804,5688
98349,14700
48764,20716
54757,18855
60196,29016
39004,13440
48680,18468
73237,1593
87390,27828
75804,9467
33718,20914
95036,123
87037,8312
11773,13295
96412,2068
72228,16969
68580,4812
45004,27201
30830,13217
79614,13350
32683,18598
82250,22410
50282,7591
31462,21297
59967,8983
24650,24569
62192,158
21027,5442
50285,8613
83131,19266
32031,18048
15694,662
62367,8225
45978,21299
61358,22206
23782,8140
11788,14797
15501,10302
92090,3586
19882,18814
51153,26196
67530,9265
54329,15504
35998,21870
19015,24102
82867,23582
28540,29665
18718,19919
55319,26050
94171,2009
32747,22976
63784,3794
55039,25529
89651,21133
81615,10888
86702,19113
20750,27686
83333,7083
37698,17622
49467,7715
11315,13555
10156,3556
88168,5286
95360,12134
32164,446
77371,2963
29166,27173
17872,19528
58409,18370
74835,9929
77969,23535
69328,28925
93347,23040
51153,16699
14531,6782
30735,27290
61816,13875
65273,2061
93374,18775
77272,799
51524,5615
86288,24765
97132,16302
39353,29194
32520,19206
81656,349
38164,9314
13570,21171
50179,7905
63554,27849
14070,28590
54760,25169
68784,13759
19368,3947
16630,26462
33605,2358
89033,15504
83830,29027
49471,29850
47224,1958
36287,17519
71660,19259
44319,25587
74039,22503
19827,21952
90312,16284
65646,27972
94013,3915
28384,27076
13050,24422
72272,18416
50128,10857
10239,29348
93596,9053
16471,18265
31626,29637
78663,11930
29782,13055
74901,1936
20331,14883
21039,6660
30688,6077
95630,14597
57242,29249
55989,29211
91267,21607
33876,25623
63821,2994
23389,18303
11706,17917
37609,4438
82423,15304
19391,27547
79378,23439
55257,16630
38502,8453
35585,15255
82776,1642
81748,26286
54861,11176
55904,9936
46485,25581
77947,1212
58712,17137
90311,5307
16022,16353
83892,24882
65719,2890
80639,13959
57685,1949
45200,10453
18475,348
78116,16942
85526,18736
36749,29475
24183,22491
99696,1118
30134,16788
40796,4440
18677,29055
26241,1054
77828,27678
47503,6057
12498,22841
93015,22264
82702,502
33045,8645
99032,9672
25256,25806
89641,4331
88448,29222
20102,25682
88816,501
63189,29725
38018,20673
63773,24684
94091,3913
35991,26218
57529,15614
12362,5251
69495,16238
10428,28919
28120,2632
39628,11367
93226,26751
97657,20477
14714,19079
90213,1212
60933,22864
48438,28632
42868,19596
17025,22761
69122,16146
98375,22636
28416,12906
32829,28401
20894,16261
60498,26180
36415,120
70319,5915
80983,20002
58427,843
70968,26412
46838,29108
86726,28641
11996,10913
32867,11464
20408,17444
93543,24732
12073,19231
43942,1465
83129,14761
78532,12114
90675,15005
14735,8369
22188,14154
48938,19701
80617,19850
96525,4798
23014,18521
60482,17514
97588,13026
14103,7524
85861,16826
50516,12728
29540,24110
56770,11910
10077,11311
16880,6120
94712,18087
64698,23730
24337,3822
47994,28803
63393,3754
90155,4094
89061,18764
87355,14217
73816,29608
23637,4557
70742,14769
64363,8309
46829,28987
55667,17088
49895,13345
27136,9454
48015,10615
70523,19619
63056,4483
28988,28350
57190,8119
82750,2802
76006,16387
97939,24134
29183,7096
92381,29392
45642,17682
26410,29125
95942,10823
61811,2419
89626,2557
18208,17840
55302,4583
15278,16461
16293,696
64919,23947
19123,9916
95183,6116
55708,15452
56013,1390
97429,26779
59376,25986
97857,10556
38512,6264
85078,25453
20589,15711
93192,26619
11909,4547
76315,19572
95057,23350
73119,15982
96100,24898
56887,10165
54349,14605
25270,18081
36266,1098
21088,8594
76882,8050
49531,15392
18780,22446
46135,1427
97889,17905
31138,23265
66712,2918
80599,15368
28938,19414
84478,22910
44395,10069
23994,1276
76153,28067
48337,10783
88881,7071
15414,27898
48008,20670
15189,3375
16162,23308
88647,7319
60019,27613
53358,9120
89269,19134
87540,8657
52662,3286
56097,22757
40763,25710
42854,5327
69443,19660
25660,20765
11663,1857
22624,9792
14895,582
29414,4017
50560,23678
77067,17789
93905,27830
85028,28013
36863,25393
65086,13105
92904,4203
67473,10233
82624,23662
51805,2279
57261,26628
60693,2978
37678,13268
44747,14642
92292,19984
55430,4919
35887,27123
94514,29065
29571,12621
73701,4490
64903,577
17778,27622
91994,11429
65568,13527
75753,10094
70373,2098
86765,29067
46266,14248
98314,20951
81011,8205
12987,17909
95156,21220
90840,12477
41170,15842
18614,17310
71016,7370
85034,16881
41337,26033
34626,29909
97432,9682
67075,20604
28274,23013
19435,21208
67513,7462
25156,24761
23737,4266
72952,25144
25318,13962
84158,9041
65788,22890
59166,19803
73310,21916
58239,17389
95187,19358
66549,16883
95667,13061
33516,21999
57919,8674
11804,19460
51507,20971
11738,19180
45472,28731
80093,24950
93623,9655
34691,4745
27265,19564
87379,21548
37883,198
98540,17774
44622,24069
40037,8363
48849,4435
98127,11196
67700,19153
89095,29965
19223,22638
80957,26795
85692,24072
45451,22029
48996,26106
50054,22950
26896,10078
99082,19478
24068,6632
55840,15549
33173,18748
76126,16501
43438,19678
30669,5613
98508,29102
93123,2117
18271,15546
50465,8200
33602,4725
34060,2978
88371,15861
78350,7930
13612,27766
73093,11419
13730,26776
38252,29724
26034,24222
11706,7378
13489,27891
55549,12931
29256,26522
46521,7645
83398,18134
26332,20179
99815,3152
78507,8773
12946,9638
38258,13923
38858,22304
28404,29747
56745,15684
72615,11287
99554,18312
38209,25799
30200,20726
85859,26570
26052,13290
48299,19139
16905,5970
64285,3333
27258,6124
21018,19728
52329,7411
21436,19276
97970,20078
73837,28639
72176,20901
76535,2752
12964,15986
72396,3287
64174,25148
97473,21566
28015,24578
69387,11438
20337,370
26536,9901
42538,21379
88554,18567
62375,27957
57217,26830
62238,19425
15193,14000
78860,5526
75877,16833
93064,19563
42288,11253
10922,7498
43658,13679
47895,21997
82499,9759
53665,20466
55303,17295
11236,7442
74066,15514
47703,18531
58273,25204
83813,2543
21128,15212
87772,29494
24121,25005
86958,13833
67588,3813
31508,17958
23914,4290
70437,24269
25837,13624
80328,22887
54580,28655
26315,9576
45769,6819
43596,9156
17671,4311
10932,20501
43392,28495
53930,20403
76246,4942
65476,21558
45503,6497
84092,28121
18839,11159
31316,2411
47278,13204
18664,10512
94116,11713
20699,13988
48776,13534
92763,1066
58861,5236
83423,6387
57477,23633
12492,16988
86970,16669
63803,16898
66779,8178
36987,1540
95293,8765
99411,4563
80428,20414
73379,1308
62433,25419
28959,13097
68546,10152
37001,752
70759,10975
72257,15748
24158,7084
38723,11227
85734,19851
84279,10177
66183,25802
31650,11606
67732,14310
43980,29733
11656,27124
25729,24379
95300,7127
99903,22771
19949,13797
37730,1058
80484,11473
46680,8730
35623,6745
50286,18537
17419,689
32980,17568
45002,22440
19307,9370
56991,1934
75625,23259
37337,11786
66266,1705
29247,22369
24566,22534
14765,27046
49261,179
49333,22001
57608,15427
98170,251
95066,17198
14262,22434
16873,2319
22561,17539
10549,8985
74570,14414
60549,7833
37985,11591
70500,4184
46341,28395
42120,3488
49894,17135
87634,28914
11961,9179
80804,26509
31694,1942
13801,24343
87630,2378
75728,9124
38525,13305
24095,10169
35597,16487
21329,27070
23635,14863
85696,5691
11890,6958
14416,29049
86341,22977
31540,168
56608,9650
15443,270
71882,15462
47899,14176
50399,3291
62470,14394
38740,14151
80327,11969
23612,2719
94369,10248
46956,22254
18881,24600
88705,11146
78938,5427
13445,17570
55770,25950
85485,21978
83832,17075
11303,18192
82746,14662
88244,28573
64157,8296
50803,24140
57513,25321
32772,25858
51520,19808
98865,23554
42957,24822
14998,1105
77592,10543
20664,16938
84091,23635
54719,5586
76457,17722
10568,14055
24683,5903
49839,13758
17946,25944
17589,13923
20408,26184
13610,21651
97675,21458
50725,13404
97927,29735
85593,1059
97134,23460
11671,2778
39942,28154
52634,20933
94496,20610
84539,22459
64884,23322
89770,11486
89237,5452
21921,27559
29596,19094
90447,13236
15531,23369
54010,15830
22334,7715
42713,20498
87726,18682
48666,1762
66770,10992
19773,15483
77476,20108
78372,15850
28712,29286
53054,1674
55846,24939
88577,6612
81340,29204
72507,2156
99187,5255
50278,9337
29097,24609
21359,21157
47327,4978
84371,14089
22672,4701
39507,15401
19209,29312
43149,28852
34559,1145
33464,3899
52086,26251
55451,11765
69473,26187
13651,10141
46390,1348
12497,20386
17743,12096
54348,28832
59859,5393
38049,17411
52219,20168
21565,15816
23949,9951
67739,15229
60183,10176
44410,9726
76674,22290
73061,10003
14218,5804
47389,10839
66698,10232
86631,21159
21061,9575
45193,23488
12838,6659
55582,20100
34631,16492
43460,1140
51091,1548
73255,27102
67597,5789
54840,23455
17722,18157
18351,21738
37538,19056
29095,19785
22633,16816
44657,10022
87026,28908
69387,22194
19796,7786
17072,25523
41502,13822
70524,1699
57489,14486
36987,5544
55269,12039
30237,22964
51812,29063
72874,24288
97176,23120
87516,22810
69667,9657
71720,17791
29990,3939
29660,20648
21757,23359
11643,21126
59690,1842
86450,4500
13768,29792
96681,3180
64596,5289
46402,21759
21829,11442
49579,7091
52693,618
54796,23832
44829,26668
18403,698
57973,9777
13524,11430
99076,22899
57491,12030
14643,7412
29052,25469
22645,14578
40469,8421
60083,21955
31524,26919
86553,1523
47697,18725
67131,13452
48624,23110
32859,4538
37634,23085
77839,4639
83313,12802
28201,21279
10194,1278
78921,27148
54270,19944
58876,13286
96938,13010
88450,9272
20028,12140
91911,12913
17629,6695
26637,12909
94482,4192
21300,8919
96855,21862
47708,2284
14588,24983
66865,10395
10525,17793
70841,5028
18000,7464
86437,20814
69539,13433
34570,3534
18109,6247
91058,11053
16357,6570
60182,18234
45526,5410
32419,7890
76581,13195
62070,377
55649,12129
83885,22918
36605,6241
90498,4346
84049,27495
10548,27200
22408,4332
28953,11308
93693,4762
66183,1157
87395,3639
93835,14989
11508,5151
94206,12941
87834,1627
27343,24497
83309,29783
13323,28401
22039,16243
91574,27209
79522,12381
71667,3298
44103,7882
58302,1226
74449,29464
49893,29451
93391,26681
24911,15672
70993,14079
92788,18194
78339,16878
59795,12871
68184,14344
26622,24624
89547,14472
88783,16579
14272,2976
74441,10052
89239,6250
51872,7805
31820,14553
31599,23502
69415,15902
82705,2761
81436,10133
58849,3744
70337,11156
19655,28255
98288,2776
60462,21517
10528,3709
37729,26464
34754,6608
39485,15974
78878,3611
13883,3012
24100,25276
83791,29441
87325,1308
82851,19564
15367,15746
91041,15933
81923,4563
42399,803
59863,27594
67743,13166
38994,21375
53696,1981
14372,2176
76533,20071
10441,18279
71203,14910
12647,11098
73277,16441
87861,13419
26299,7026
48002,19703
32314,17165
13253,24968
26002,1875
11096,29410
66570,5729
98016,14352
18485,20363
24083,15915
66413,11863
37018,3533
61655,8645
67016,27425
87113,18377
32392,29369
14245,11799
53556,23034
35026,25755
76609,2249
91221,26177
68000,22957
73591,11261
62551,9008
97226,2578
82306,23287
51907,13450
46051,3217
37377,3400
84434,9594
48269,6229
94067,28852
62641,11512
56982,14605
30749,7437
23619,17161
11611,11781
39468,4888
30612,16383
65001,26107
32733,19708
48968,493
46070,9691
92245,28541
94539,12006
11955,19949
87972,145
43604,22934
89083,26377
31080,19661
89030,20697
83370,21102
47878,11061
52619,16409
48695,23276
66384,22625
80288,29674
29113,5282
37724,27535
87287,29174
11070,4594
10705,6384
44062,16381
95498,21217
26062,22994
50904,3839
15018,14498
37494,23535
34609,10972
60057,10031
48363,18866
20072,6709
13785,3197
99420,27945
55003,15165
97836,14603
48316,13723
21640,18685
85942,9771
60158,19368
23133,23911
60512,1596
23489,10568
87091,5371
71800,24423
21316,8549
36628,1240
36211,10982
41049,24019
36071,22741
13965,27574
89158,16072
78758,21669
39916,27269
75130,3809
17044,7804
58471,28082
69307,16466
60259,19700
35164,5586
34012,13442
64945,20018
72620,2275
60959,11175
18728,12641
46778,19381
29547,24682
82720,14182
36558,5856
24622,28755
91502,3871
37990,28516
93159,5806
10443,25298
10194,2503
64306,5074
52391,9743
45430,23215
16219,27816
69252,28818
88564,4753
73528,23867
24270,24421
97026,3250
11874,23772
66637,3556
11351,12895
50403,10329
95002,7500
53645,10978
40490,27630
52746,3384
27983,22547
51039,15984
46000,27022
80072,18848
20536,5008
49646,16234
40680,19919
85218,16301
92280,17012
61630,27448
96497,14407
89943,1863
94807,20702
64692,10959
80027,14635
78547,20252
21769,29874
43539,21131
80692,7224
16764,11892
74811,2440
69637,18129
30194,3461
29588,26134
90985,29009
35254,27323
70588,2105
68219,29952
25776,27787
75691,9764
63724,5519
20839,24912
82329,11429
46116,704
19783,1598
67620,13640
90306,17838
60783,15529
64927,14125
53903,13515
73326,25348
69279,6996
57092,6911
10728,14307
32130,17755
52214,29307
32413,9558
11564,19823
74384,1595
32000,11118
27384,6028
32083,8137
90210,257
66764,8193
33514,18994
30289,10830
91927,26164
98457,315
58342,11929
21444,4267
10568,9065
96543,13809
92759,29336
85155,9095
34372,16201
36280,783
29933,6779
83731,18271
40927,5642
52392,2255
68349,20312
52500,1597
46490,8573
52906,27301
29874,4886
37904,10759
85169,2792
81263,13915
94320,27334
12196,14535
66748,23284
44272,12621
18391,23857
99483,15383
99112,27830
46578,10612
94172,6482
48090,25359
78701,21449
24653,12015
26916,5492
67627,20821
92562,14723
32597,16938
12294,15009
19117,23858
98772,15780
61156,18363
79012,27406
14774,8576
48108,6579
93045,19872
25352,29571
78421,7092
35953,28483
87083,14062
72429,10623
81912,16940
72643,24257
69219,28672
13074,7215
77263,7737
47009,14213
82234,14066
92721,12554
82123,29268
67047,27705
23912,20393
64648,24010
96732,27083
13402,10680
57727,26563
94611,13668
87203,23327
72357,24264
59976,5773
17873,4844
64729,4419
63016,15368
23897,13439
27964,26113
33724,14251
75551,14627
23668,20606
95547,10699
49324,14044
16143,26997
86611,15628
98157,19657
96617,26868
84486,28541
80528,14004
88288,21930
54534,11066
55847,1171
35126,15116
66145,20779
45938,26140
14898,4154
84171,14056
14656,29377
46533,12674
87466,2726
26654,18205
82235,17720
31162,17417
84434,3161
20764,22650
52818,25024
29418,10037
92118,4114
18157,10200
47613,26639
90428,28982
76441,186
36329,29169
22837,11433
41312,17689
98793,23406
84753,9389
79963,13054
93889,2398
51496,7277
46022,20238
95948,16667
67821,14629
28529,6076
96699,13400
62736,9959
60154,21469
99985,6940
10864,7920
63660,14039
42101,21527
73719,7933
47071,2563
31428,4300
42343,768
60464,27081
35218,15021
39613,17604
74822,5399
70027,22149
19861,26567
92164,8927
53770,5108
83704,9264
94503,27280
39455,8643
91874,9876
76738,27660
60719,5334
95507,28188
55025,11337
96233,24018
21193,10796
38898,2327
94553,16855
62351,11561
20347,12490
84293,15845
64379,9730
64372,15647
82204,21063
79227,11273
59833,25405
58784,5955
65299,19264
54548,29937
28363,21238
92058,10780
56889,25598
37310,10524
16186,26639
48311,25708
86942,13300
74777,7821
78590,7358
63119,27714
20589,1304
66127,19472
12183,27787
40619,10983
29640,7349
74481,18410
67033,11538
64998,3545
26884,28581
92392,18282
18754,20218
38376,1104
52388,16770
48485,19352
91401,23169
78137,2326
70965,12731
80983,21157
51342,4058
27353,17727
47692,16589
58379,8474
68259,24149
72570,9337
57001,17018
21480,22910
53919,10629
36393,18925
82852,2357
89095,18868
10348,21718
48820,10390
84578,28624
10805,15818
23256,15739
40616,8949
45340,26481
90696,5956
21082,17408
62142,7735
61179,17500
78279,23625
26049,22560
68454,21298
33468,25372
24183,13098
83192,25015
92194,16669
69811,1670
87557,15806
57258,16811
19482,6238
63378,24656
90042,17770
64341,18421
92318,16489
25324,14967
43619,21918
16989,13881
27828,23772
92151,9414
54147,3305
28112,2171
64399,3003
41029,7208
82909,19238
76209,14381
89040,18829
83046,7234
96139,9341
53297,862
77450,8891
60533,24394
94667,1642
13843,19304
54749,20193
52588,28607
93194,16947
64768,6498
22256,26314
59226,1366
14517,23443
64905,8219
38287,21645
43354,12472
35339,1713
40262,17219
81673,11138
47523,21862
26773,26913
62022,8413
32398,3309
69380,17625
58007,20688
22910,23802
42870,3703
92908,28943
98015,9196
52671,27423
15574,7451
46156,29316
63705,19382
67564,28817
32849,29123
14535,17068
55111,22902
26138,13695
68456,3763
28894,21636
72292,7324
94538,5254
89870,22039
21637,25000
63398,25932
56607,7702
27643,16216
19686,27216
11475,15566
19766,12363
49348,4718
35442,17411
62564,22733
26910,10343
34150,19781
17117,8376
72677,6449
95176,24270
54046,19369
94146,22406
23822,15833
80081,25320
31752,28576
68521,25655
67362,7072
24202,8981
20674,8084
83835,20097
14700,548
18892,5350
13883,25932
52074,7514
23639,7622
73638,14197
50503,29126
99592,7410
95344,23237
72442,557
94284,20612
35755,7505
28878,10931
51151,6949
39517,14468
78919,8560
35037,4338
39732,20166
29887,15293
98156,18412
85329,20949
54962,23947
55112,2933
53185,26899
58309,1866
59179,6726
96054,7645
70901,10223
27278,15405
79544,27685
16732,8107
56944,29793
87393,26597
10230,10090
85401,11212
95576,7463
82493,29219
45403,22730
76062,25037
72582,23369
62537,15875
53202,3697
65111,26269
86273,11454
82981,3156
18467,26444
35346,27365
45923,1954
19685,2733
23192,15045
51495,8701
53973,29541
84084,13964
30679,3652
17241,8780
29158,3188
50411,10821
69074,26001
76334,27111
90332,26801
75732,19994
32994,4884
80516,18975
93811,1423
96218,17515
83643,2516
50022,23471
53396,5932
18139,12818
64044,14218
92050,1767
94253,24322
43925,9473
25827,16994
31552,16945
26249,14005
48098,5592
82719,21652
87434,19291
69245,13454
74613,29867
72265,24616
60742,7103
51521,28382
43003,6470
37149,21161
50694,21454
88404,29036
92129,10276
91593,24772
42433,1769
85602,8099
85709,8822
12950,29732
47517,22103
74143,8691
65643,1138
67972,12496
28154,21082
71457,27728
78313,24404
99944,6208
11431,24104
17035,28292
86954,10850
18305,11474
28959,25143
56561,25634
41497,23497
21842,20210
68055,7908
21443,5748
80087,4309
51008,20077
12512,21831
13540,29160
80069,14767
23012,18797
83962,14318
11229,22494
54744,20247
65950,12462
86536,2531
72369,17136
74307,2798
86422,20245
34096,24539
18208,21438
50919,20487
83393,22716
84427,4402
72483,14065
36958,12642
61210,21854
24855,208
85646,20969
14297,1712
31556,27119
66045,25642
51480,5480
96132,7235
46285,21055
88237,10611
58695,6662
52490,19863
68525,4502
92595,3747
16760,27083
54188,20792
72391,4377
21364,2833
63652,16736
78220,6611
63737,5343
51433,2320
11389,2486
23028,18682
30140,16915
11293,20199
40445,11429
56812,12902
98582,19907
29077,27220
92690,349
28354,17607
56293,18550
80234,21272
38063,9199
67794,3225
94723,4428
61450,23969
13124,18097
73761,19980
85968,27396
24319,12953
57742,11462
65324,12752
68945,17767
44914,14055
93758,16789
26757,18998
88645,5847
18617,3937
58137,21814
78264,3381
59879,10495
25735,16461
20946,4739
39577,7297
66063,29356
86243,13474
62273,12083
91861,16685
70714,15192
89610,5163
56985,5499
31450,16501
99635,3509
65562,4647
76001,29632
53704,6633
74253,4778
98382,16312
86602,9758
31174,28267
64747,28270
57955,24390
95856,17086
54685,17789
83341,29591
46078,919
14633,25575
78789,11549
77738,22576
96163,992
95953,27222
31827,11339
32127,16998
16386,10310
50323,17236
57905,16713
86687,15941
33424,10040
38425,25823
55491,26794
52080,9295
56425,26443
80816,19562
28963,26471
19350,12612
56298,2787
50646,4139
92934,9851
44320,26079
71049,24049
95338,18606
40981,27200
59433,3225
90356,12362
86148,22493
76163,26808
38079,13853
60474,972
60247,14881
70538,28891
52004,10886
37628,22003
42035,23566
18713,310
10949,28293
34658,12332
47697,9837
42783,9683
70714,21407
78020,20020
32611,8381
92541,14995
43655,3984
33391,21583
17488,24531
90017,1306
70606,12361
90927,15727
95866,22435
57840,8312
98426,4815
38208,7498
31798,26807
91774,25753
74037,22533
30979,26080
64451,18521
13631,13652
30361,21617
94107,9091
37405,14666
91698,5509
36987,25419
76074,28832
12556,8744
75658,7250
63452,27726
75274,25025
96332,15898
26578,7433
83132,22502
68287,3618
27925,11076
19086,11885
35788,25255
57346,14861
72258,555
18703,10124
64135,1194
63760,22537
97833,14276
41643,23273
69399,15770
96603,18735
29632,29000
87340,8771
58703,9189
84705,27186
77523,13240
79974,22920
28163,21407
69590,7048
74970,8345
32373,25275
90783,16956
31874,14015
75454,15593
32875,9263
31274,817
43826,22770
41061,14672
40140,22921
93031,13991
92366,10642
19542,15060
83231,9014
48183,23465
43913,14444
25053,5541
83754,11268
94018,1030
96288,21244
64336,13065
31706,18891
28622,8985
61801,21916
87037,13211
98733,19426
59300,15518
71028,8634
92772,4008
92583,25131
64924,8208
66294,20991
14424,12422
23165,577
45790,14892
68557,12287
46759,19067
69896,3410
68846,19715
10456,15114
97693,15311
50008,13848
96900,23649
95067,12659
42500,8676
63105,9364
22901,9556
66595,16717
79303,22127
43345,12786
78640,17075
70936,4408
82953,21712
10712,5905
87228,6343
10213,21650
44188,10166
99680,15989
19153,20757
18989,369
16643,25531
93220,20730
62208,17458
74412,24534
85374,21123
30805,12250
40036,843
31095,29974
62207,18478
85202,20061
50770,13201
23515,19128
38049,17774
99426,16849
90163,15339
16937,11844
90146,29817
59443,21000
79209,14936
49659,12109
35485,14290
22789,14840
20876,8100
93292,436
73583,7231
19451,19911
33056,2300
86030,25547
35737,25818
76844,2058
13135,22060
95264,13836
52037,13549
36644,20238
64820,21506
68700,15667
30009,7224
86203,4032
54244,18928
20267,29115
83078,19016
29072,18202
20643,23850
48208,25669
42187,13830
67339,14261
14287,18955
28420,6536
86232,11598
85423,17090
70552,15615
39291,9799
30241,22659
85196,12187
22986,23046
20449,25597
66840,23252
40453,27131
90547,21331
40734,14357
55150,20429
15842,28878
62613,22663
83351,23034
44677,6156
40159,2803
47504,18871
67816,6487
97174,14815
25455,16447
22769,27773
22150,10681
27681,11693
76917,14578
64693,15958
49809,21251
66387,6365
35633,28663
89497,23253
75123,26048
55914,20607
77951,18214
94609,21527
72543,18233
99188,19077
11318,14412
26829,961
86666,22268
60965,22091
37974,10732
82994,26153
17348,9084
68062,23815
67141,2137
86397,24945
79872,29470
98722,4846
53888,29496
47633,873
14125,7386
61591,12786
12095,7558
52068,24604
34713,1484
27608,5666
90867,20631
67062,13289
91711,5162
54654,12308
99477,26736
41095,11759
80901,23414
35477,15455
53998,4768
23560,28608
90258,7723
47414,15486
30822,20170
96848,6905
46548,10386
18750,16195
43899,5841
19567,10627
31212,26901
29784,8005
79105,8379
31163,28707
60322,18263
96702,23302
54914,6454
64238,27508
75996,1967
88276,10582
43095,26500
79971,1986
35202,29320
52141,18342
48293,27090
31836,29911
37608,25628
51147,19374
22548,5888
43614,19684
68958,17328
54104,8080
33620,3691
82249,9081
14463,1743
25624,12255
50216,24317
66463,20342
88268,26013
60471,21333
69373,15630
82409,2551
63134,4893
93068,12667
11203,3443
39849,29631
55954,17628
10925,7298
42340,22335
34462,24032
55876,28439
95022,18738
64827,1054
16980,563
95425,3304
91221,13733
18060,24551
24382,8826
47802,25608
96487,28169
92157,16418
75169,25201
92389,24520
48327,18511
10394,28747
85503,25171
49189,29348
95393,29292
41025,29521
59054,18030
63306,22965
96856,17350
44018,2335
78374,18656
39014,14923
50221,6139
71546,26754
16965,8999
61917,29160
11855,28947
51269,21242
93144,25280
99673,19280
25433,23081
63062,8859
95683,21745
54288,17379
16926,5504
54552,17606
88598,17506
81802,28714
44988,19886
43058,18781
80557,26757
15849,7322
16230,3598
26897,3502
72346,26148
94208,26359
47851,7066
63145,8803
52804,12542
81915,17319
70306,13838
79269,12452
72171,10296
69814,12405
19597,29990
11998,26170
18364,3654
91526,17303
49821,18155
49319,2519
40421,19542
40773,15271
34193,4602
98048,12542
41416,4357
44701,14744
78819,3627
43451,14008
34274,27482
46987,25129
37552,1774
65790,18055
30603,10892
24020,28876
62225,12717
65669,12087
78229,11390
20764,28908
65302,15876
31791,3753
62595,8402
30614,26738
59725,14219
65939,9231
44342,26503
73223,29246
30487,8837
36816,8943
86671,3502
94585,9739
97824,29621
75534,21955
83264,15190
57356,24512
84847,12775
22957,8876
24840,24879
74491,19430
94228,27222
27246,20652
65087,7696
48663,29640
57314,22456
63010,1458
12817,18022
48710,28366
23357,19324
67579,1252
63528,11408
22152,5331
28133,11237
76769,22354
90432,24606
63693,10979
61793,7799
35830,10184
82923,4952
46932,7077
97483,2437
13660,12341
92115,5296
22462,3420
89543,922
34181,7252
82254,20620
67267,5103
30238,14714
80786,9457
44488,11300
73517,17362
96065,13078
68809,27736
61833,14131
47110,10903
83387,18168
77896,18650
23879,29518
67325,14254
20140,6041
42831,21175
16911,23062
55472,748
96558,28806
55092,21765
74754,5833
58622,26247
32917,20285
70207,28076
28138,29695
36410,12459
27527,9977
80518,15154
49146,1634
37778,22216
51577,11059
44712,418
98548,7360
59106,21418
22112,27341
93669,6229
12412,10048
85854,3674
38025,5912
61353,23917
12638,17606
29747,6502
53395,9465
28689,29046
58738,14277
78677,17531
76910,20845
20968,8020
39680,23304
64662,20117
24660,8380
24624,10773
85170,1105
47826,2661
80446,16343
13731,15507
31226,6343
76834,6823
66784,28134
65449,21757
96303,21889
88382,7422
15545,25817
29435,12575
96980,29452
77585,9766
51052,6305
40562,14979
58588,4479
32173,22864
35210,12232
20553,26902
26112,263
13172,11204
59755,20436
57516,21284
61325,518
84788,8700
46164,7612
98733,14945
95764,3381
56658,4645
58071,2892
89861,1114
55768,20397
80591,13944
54981,25217
42826,21132
63623,793
86736,1693
68750,23313
70501,16415
94069,24836
41462,11997
65295,9705
51400,27390
26918,15739
41282,8267
20215,17676
36359,2696
17567,7812
60038,12732
37654,8415
86875,27405
59210,16925
14989,16044
24769,16894
55721,28902
16280,21551
72948,5277
40859,19149
84962,16813
35107,14940
79381,19468
14027,18889
12355,3271
65534,8053
94215,26370
48615,14925
52916,21626
46940,19385
15784,7420
52165,9172
27888,24402
47165,24866
28435,12774
62402,10779
42907,5201
81429,13772
18844,29767
15155,10786
65773,24537
43725,1781
65248,7239
25102,28270
14356,3461
69304,7457
77750,15949
34677,23528
39817,19657
38912,29642
53695,23058
76606,12498
23033,26160
57749,17832
68820,27321
82744,20633
14287,10163
36721,28796
41069,23464
68990,23834
95161,6881
69840,22935
69061,18046
52432,20862
27108,11644
75041,12038
10075,24670
69881,22783
54276,20067
56626,15354
59432,9725
65610,4851
55030,14036
60332,19821
84441,5478
33037,22671
29448,9962
68851,8389
34900,6044
50472,7995
48290,13009
43474,17929
98950,20098
32790,21294
48003,10625
95375,7682
79475,3493
21239,23083
91542,12469
26860,23013
48877,28027
33593,9945
88421,20795
28363,29122
64725,25263
70317,21317
50403,12987
85082,16869
34146,9205
19980,26429
56654,2536
97736,24708
41087,24640
28488,13355
93753,24376
25530,24712
50428,26667
47232,1432
28999,24130
56523,11086
98596,22188
46549,29044
26553,16761
19579,17738
71262,19181
67742,10733
64215,27598
11419,17058
90433,12776
19887,238
26071,18147
61858,26364
85781,15811
15185,29139
58768,2011
61750,25549
39948,24102
92703,23701
48270,4036
25626,14365
52916,15931
23286,20468
37295,26325
27347,9967
52033,12111
14670,5655
77723,27485
23810,3181
98800,4501
50020,15931
15485,27177
48469,15162
94320,27844
54575,16534
43210,27236
65768,14315
50630,26025
25128,14800
59382,9445
65686,22019
74092,25135
88565,12110
44261,10391
58267,811
55005,2974
55961,13406
74584,20413
46618,12936
35887,10282
13878,9335
12938,16884
88181,28712
17807,11012
81973,361
25284,16421
51301,28576
41485,22804
79432,6601
62329,19169
49566,17913
78197,11266
22043,8325
82058,3324
80840,4594
46707,15193
38978,2795
36638,20811
25851,27190
79495,12406
84537,21032
45323,2090
70355,12491
60611,25076
74039,24185
41433,29866
30187,10117
44054,6491
21447,28342
86990,3365
60053,28657
69070,20278
43120,21614
40995,25987
19586,6095
66784,3940
12541,12016
42750,19786
19047,23613
66034,29259
86735,9004
39263,28589
51970,18414
30483,19772
84569,8690
38232,8172
73483,5619
72891,2249
83826,25966
70213,4953
16426,1795
64487,466
69741,11990
46589,8702
51759,23915
48719,19966
90373,25008
56548,29867
50046,26565
18154,2255
62008,11011
96119,6049
82653,16982
95040,21872
17509,17099
62467,1342
96453,17175
48879,27675
31473,29032
39720,4918
73999,12734
24843,12941
62606,17851
90941,29632
55118,6910
92087,10501
26156,16006
18240,12126
16139,28455
11407,19865
62216,14055
35498,9484
97967,21776
47586,24539
80762,21253
30249,18057
31836,29733
19461,27364
31069,19268
40190,28673
33165,1094
83265,27162
87171,23104
90959,19389
16566,11235
44468,19038
49953,26257
19672,10075
40341,29395
50903,21515
78760,16900
99937,22852
85361,10013
60265,27749
62595,12076
91952,15031
90039,110
55481,814
53782,5546
60351,8108
29785,29419
13640,2297
54133,24942
76170,8634
94658,18420
97430,14621
26390,5257
97903,3997
43988,2443
37532,26123
48965,9208
73749,19401
73581,19047
38810,1978
26831,427
45501,13336
85522,27708
10735,23763
42336,12321
18401,10623
55820,25939
48589,28493
72003,15800
52403,9870
97547,17688
69759,5602
27891,10487
31623,13884
19922,25267
21385,13724
91583,7216
97041,1176
18202,10736
59480,11236
28880,6606
72798,27741
57699,854
63380,4826
17641,16235
83721,24479
45889,20649
58245,25201
12661,21885
47581,23583
69262,29605
84661,13978
45244,5965
53209,14123
57048,15143
13165,1854
92729,4939
36210,5350
41407,29808
71909,12785
26151,29686
17224,26977
65999,10264
75970,20625
85513,16261
20092,18812
12397,19315
18079,24238
64782,884
38048,15223
89933,10454
85503,5482
53373,12775
77147,3200
39300,17671
87133,9928
81957,19652
29735,13495
33857,27934
94824,19557
35946,9784
82003,9270
87751,25846
15149,21436
91183,4682
49556,19156
81173,9672
52697,19419
98433,853
19683,20056
77095,16800
92487,15453
11086,24407
33148,25036
12058,8379
48064,4136
52882,25766
43908,15135
20333,10586
69913,22137
31582,16770
23659,16986
31811,26123
29432,22961
96482,15837
14485,17235
75215,29428
22722,21088
94889,20944
94441,17879
83093,24842
32920,15325
80384,4423
49941,24890
63994,19876
58264,27151
62959,11922
31687,26326
52197,8918
25386,19410
52958,9047
28485,2607
45735,27581
30465,7870
42270,4227
42102,10288
81662,16769
21444,15191
27521,26483
48346,29269
23240,25090
17573,8105
35696,6318
29443,28529
74955,8364
96363,2313
60387,17182
78520,10428
61778,28541
41791,1698
17867,19992
76300,14507
38707,20054
92525,5829
50271,9102
21910,9416
23097,9581
15299,2344
91089,16448
74922,28077
25448,21391
22804,14726
71958,4774
61499,5036
47747,20950
49357,9358
24999,27636
88511,15475
15744,3133
76331,16325
31582,7237
95274,7364
38028,5945
73427,5809
90436,28706
67325,7773
52769,13102
66058,24309
65445,26794
31492,8281
56043,10579
65742,12887
23068,12254
86282,5298
85903,29394
54976,4160
85581,13302
14809,18835
72810,20127
48588,2131
11315,6349
76941,6516
43831,27156
32536,22688
64718,8411
89095,20533
98092,855
48663,989
64887,6039
71536,25302
28396,5788
18250,15496
51781,26371
55692,2007
61847,5585
89864,7791
94161,15804
32087,26873
34677,23415
69454,22628
17341,2852
74661,15468
52908,15697
78290,8353
68971,26555
22868,1862
86072,10617
47514,14084
30061,3682
67425,26988
31391,2557
40559,17845
70315,19292
60556,28299
89011,27924
47160,9721
64539,17433
19440,19924
73313,2361
19943,28942
59819,28149
52283,22168
50608,7442
98008,24412
28477,19382
63011,8758
53649,29404
89054,29127
14465,7491
47263,930
16584,18791
75089,11082
35246,20089
43340,9685
78465,9073
69703,6623
17286,14495
68929,29845
76562,29350
38493,1373
36359,19936
68505,11746
88820,15406
59018,23800
98881,3201
57487,16362
53072,6218
10698,1388
33869,12803
10315,23687
44629,16667
29372,28144
46606,25122
88461,8040
76628,1166
99199,20087
85811,27815
90815,9038
99442,29753
20068,9338
87024,13392
33189,19302
33257,28890
66311,944
47221,6273
42451,4943
94892,24666
15832,9496
12501,9398
42921,10480
34395,20654
47986,13135
40092,13861
10368,20455
53014,2420
86862,25908
10251,25168
83361,21144
36261,11260
30548,13094
68475,16341
58003,12440
16332,20388
97225,19671
68482,24791
53636,5326
78381,13029
35314,28236
93707,9567
95620,3398
67807,15892
38183,14977
60179,475
25580,3965
39502,21058
78669,23686
21761,17141
93463,20960
40537,4209
32896,27018
95600,529
24800,25626
80460,21962
11370,1296
19029,18048
95294,19288
86467,13123
41523,1325
72204,27158
56320,26619
23118,3478
36584,22597
14182,28768
71039,19939
27949,24391
85002,14890
74403,6165
62484,1270
17017,7887
73500,21137
62826,14231
64030,5260
42914,29806
78610,12008
40457,18060
59600,11229
58288,23777
81844,7957
22138,5807
86196,14709
92757,27047
11334,10682
17557,22457
86259,19393
45974,11779
78085,25005
45666,561
92052,19755
81468,3456
51402,6485
42476,3398
52701,9070
59029,9828
15482,4631
92820,15731
20859,18506
77290,15492
60335,23249
96832,5209
21629,16190
50484,590
83404,1568
59199,22607
74270,5450
63233,13489
30140,7366
16064,23454
47710,25053
14559,25467
32803,15960
34579,20634
75668,25993
99173,28662
66208,17370
39481,27711
88581,3096
15039,17237
62360,29713
75800,18330
25397,14206
12016,4981
11089,20366
57702,24851
97719,20506
82442,12830
95960,16785
41547,4391
19094,12152
58156,22754
74848,4232
76231,5184
94950,26706
33553,21724
78502,17754
79573,22184
18135,25099
79144,1383
38167,8708
81276,10019
55920,13281
34619,25427
36022,9996
51306,5868
98322,10462
47220,27387
20144,3548
10329,21017
87725,11606
67531,26374
88755,9839
85152,27155
80879,22674
58936,25186
28856,16261
99718,17374
26548,10994
25578,21210
23206,6809
45860,17740
67873,5596
66206,21457
72728,21287
64259,28554
62150,7323
55745,29775
80814,28567
75809,21125
80316,8297
22084,12381
43556,19885
31329,6972
97154,13371
46270,9338
86479,11536
77369,18337
75436,29485
48182,23202
71057,4490
17786,14911
31392,18186
92092,5575
14110,13556
11122,17150
32344,19139
16951,4828
19179,14335
58225,28641
61215,19997
28311,7588
57796,15221
45660,14986
53139,10577
11809,4594
71912,13592
68473,11420
50307,4426
93741,27988
64168,29552
40281,15787
82630,18506
72161,11377
36023,10701
76306,3197
72966,15020
62551,21145
16693,26846
70121,11240
10061,17932
55558,20566
59635,22892
66065,19787
67348,7948
90879,7702
54774,26464
99522,22866
49502,28997
82813,18330
79294,19584
83549,11327
89492,22380
44620,3206
70669,19901
38556,11011
92749,9119
29854,24006
90317,17519
13844,9529
85423,18481
50564,24399
72997,27531
23347,1441
22858,21944
74734,3591
81254,14232
18246,11812
90194,16181
88154,28749
35289,6778
34103,2615
43803,4725
99051,631
43725,14167
50808,29324
97397,4923
11684,9625
57848,5036
71736,1810
34892,7704
51990,18975
35348,6265
14477,7121
25158,25193
97830,25690
57508,21134
14440,5489
13990,26114
86300,12569
88634,18254
68416,12249
47578,26411
42289,8482
84352,24392
59338,13310
36178,29616
92484,3350
84686,11458
61800,7426
85685,24342
75263,13445
71517,1294
50693,17898
77925,2676
87614,19725
11395,20512
13617,8912
29359,5640
46030,24750
69178,18179
97223,27661
57514,1747
42806,28844
82952,14631
47601,1438
34457,22835
50418,23806
77435,1410
53883,28649
32276,7529
61016,16713
27111,5303
86128,21097
50323,4263
54861,22574
65491,26044
86860,12138
82963,5758
95277,20434
69125,22964
15461,3378
14992,15610
28513,12522
30537,7506
24382,28537
63808,14156
41180,10010
61927,14840
79263,20039
87084,29774
42698,2488
15680,11480
31351,18591
14975,22368
15514,3526
72254,10986
26144,13036
44553,3842
15200,12510
84982,23684
49839,6867
52014,16895
53736,17808
70921,1927
44813,17465
79395,5398
85295,1154
92913,557
20883,24819
13512,25991
98894,5692
86993,28209
28432,29898
83924,7978
96491,27515
88560,5552
74360,4015
97976,13824
95428,23342
54726,19066
59345,1699
46998,3813
91636,12832
82973,8175
73478,1370
20389,11118
54395,7038
87762,27643
51765,7221
34863,4910
86761,16136
30768,23565
68906,7179
34931,26010
29376,3948
43322,12752
65105,14403
22662,8213
32941,9664
91649,8897
75094,17684
38707,17885
10947,12590
61697,13371
86076,19137
58388,11658
58080,7941
14794,10634
12314,10269
32791,23137
92825,4717
77654,20377
54470,29469
48211,5819
31664,1568
20079,6948
24345,3023
95448,6802
54169,1581
77171,17069
64031,27545
21346,13300
58130,10672
10208,29896
97445,25276
95491,2598
77777,3706
41264,23284
80248,18573
80745,25581
45932,15126
46064,27626
80337,12752
13202,1166
35261,29663
88868,13010
82646,19985
42316,27495
24367,5243
12977,17170
47992,10541
36181,7388
55272,16024
82678,15845
32087,28025
51592,10812
68968,20531
11353,26974
98481,19603
23427,13967
84112,2626
39577,19347
89421,4973
17747,22784
43658,2298
15840,27015
89242,22721
40723,1666
27269,22806
73296,17935
94388,19545
32290,9000
83731,12338
23739,27582
21504,24850
67267,26882
30843,29620
11477,4573
73453,9011
77678,29712
65602,20807
88186,4061
93561,23258
34462,23219
49308,978
86506,1733
92301,18179
63976,22291
62621,19546
65230,10984
86447,13405
25354,25643
61973,26938
22997,8344
97974,12033
80027,27656
36664,517
34257,8259
37188,18197
86701,11752
80219,18787
30701,623
51362,5698
52225,14853
43073,13622
19210,26225
24813,6391
52391,29877
10841,591
31052,10136
24435,28928
78691,22586
43970,18488
45072,762
54419,2019
31124,17296
88946,27148
89200,26149
98073,24941
54330,10316
20419,11987
63061,387
24677,20862
67164,22230
28162,26705
88187,19074
55577,18604
94064,24404
46287,26709
28486,22120
20325,28019
24511,25826
24453,13284
49574,14503
91798,3492
12744,12965
20521,7407
41570,8001
12089,3913
60503,8229
76834,7806
97247,8476
73441,7415
70762,23732
91058,24702
60254,23035
62407,5669
26986,12528
48654,15469
78554,25083
46167,12935
71442,262
22873,27674
87908,19681
58472,2941
63322,1923
49457,4450
21942,17176
75731,24913
55212,1309
69938,4683
22485,24882
42203,316
18126,3769
57987,17865
77153,15772
89843,25895
87545,12920
90336,9582
89218,6676
54705,14180
40474,21618
92042,1491
10220,3553
33146,7838
23581,27956
75795,3916
81759,13679
71195,18902
15528,17600
83794,23292
86316,1581
54049,18835
56902,7267
98893,22014
85908,27358
77214,12275
10375,3370
35220,314
40885,15011
70997,29951
75908,3106
63783,2924
73312,6311
50569,12379
90554,21901
74664,3517
49582,10919
21109,1741
82754,22835
89406,26593
51129,23669
92717,27625
38350,1336
51601,21336
95246,5318
98631,25735
60358,13189
56925,20069
19175,8546
66022,6847
79928,17006
72176,9695
22305,24149
17716,9759
26827,15634
12640,6913
41571,8789
13762,13602
38387,17837
27920,739
76104,26234
74804,28989
18675,8069
73539,13912
41894,6822
12615,9836
86599,22673
71642,3029
81507,9872
39359,26771
32974,26487
83174,2536
35130,23000
94548,24333
13149,6314
12981,7061
96960,26560
87973,8237
35345,20000
81538,9520
87540,19850
58396,1478
44702,18189
66969,19563
77313,3066
17808,8240
83957,13036
25652,12361
29386,11404
76000,6471
41590,18091
39734,25734
76046,13569
64623,1495
53531,4555
29448,15804
30320,7616
50294,29062
87252,7472
34484,15624
95425,6979
14674,13279
10410,933
48665,13398
13267,14028
77359,6110
10266,23732
85474,16444
51239,17233
38430,19294
79966,4195
64456,27360
61348,23482
51507,13740
89605,17420
49374,27750
25362,669
98208,29386
33785,4948
24248,3737
73905,2048
45661,14569
13301,10493
56954,23350
10103,5128
49038,10018
72645,28220
77991,20561
44774,14787
98951,3960
58663,17098
33917,9652
57844,22819
28393,9777
26336,4269
27905,11784
93027,17429
37328,1752
23010,1952
36644,19511
77229,11793
82118,29891
22228,24508
37018,28157
79314,4339
27644,227
20279,11636
68509,19786
53487,6291
37755,17228
76580,19057
75373,13361
64065,27850
52828,5735
23232,16028
39515,25778
44685,11777
47133,17702
92628,6954
21994,636
72813,12791
42000,10912
79124,18373
65025,9530
14428,4562
49757,10262
37945,17781
62392,28593
92003,3498
52881,3065
33795,15010
84288,5788
97303,27153
24603,26049
91471,15803
69195,14022
70863,27115
20515,4322
13854,3526
76100,7483
22104,16576
41068,13674
28992,28704
46143,23298
85793,23847
32652,5115
65105,6968
10286,12638
44927,14176
85960,21988
33132,12153
10923,13580
97624,9764
91169,22565
60002,23898
89342,8078
90215,5195
20468,1483
50274,29582
89561,7299
40975,6719
47703,3189
53239,19719
87238,25837
36968,11268
21614,137
35315,2492
38138,28383
86790,4110
31779,18922
18063,18629
21365,29259
92220,6867
66747,2731
22576,11096
47664,17007
83597,18928
90578,23846
43780,7386
64383,28367
55597,4441
61604,27781
56255,9633
78961,4691
51410,16620
83692,24704
32558,14798
15084,20427
83839,7620
75007,23454
39777,29794
87749,1840
95596,5583
26450,18344
39825,1301
73733,19373
71145,11125
77180,7348
74600,8907
62389,12090
41190,6805
80813,22562
32616,11251
33970,18439
14357,9542
35768,11147
84436,19780
77705,23989
96498,14289
64900,28582
35849,17991
21041,17229
61358,17165
57303,26858
13399,16025
17804,20545
17830,23254
54515,29572
31244,18856
38599,17922
46437,7882
25564,25976
31089,14853
71649,7339
84344,23983
32022,9760
86899,12859
27342,15944
44155,28957
73842,26731
62779,15872
28580,22237
38460,1159
59386,13751
22316,16368
13121,3243
36365,1321
78530,2641
81467,24182
77536,14208
81669,17074
45576,15405
37980,7610
70177,20944
17528,28715
74696,25306
74243,15815
54672,26246
17652,16928
76116,14054
70014,18494
24189,20585
19971,17991
31112,6558
73258,22469
93081,24678
49896,15417
83400,22568
23171,13428
47284,16182
39588,14280
23937,11452
18318,11739
12753,16057
71933,28301
37253,8451
92880,8625
10291,28426
89086,27102
44807,19516
51805,5922
17720,16735
67840,19122
58857,29862
80493,23067
61234,18194
57821,20809
18437,5760
22058,22938
16005,14924
44735,27137
47871,29870
38089,25429
93033,3592
96069,6690
16727,10196
55234,20513
94310,25425
88441,29451
41043,26536
37341,22961
40600,7527
57645,25629
33039,28365
19180,1931
34206,8076
60395,15697
59294,28648
73701,18729
61135,4479
91443,9223
96713,21424
45172,24873
17475,9251
96077,24646
42766,19709
53088,29617
76103,21797
39820,7000
13832,25583
79979,20690
97324,19593
23834,15845
35712,23906
76468,16412
26711,15543
41201,13498
34914,6829
51451,19053
84732,18455
20139,24684
85881,7987
87063,26959
81240,1175
15582,14018
35276,6941
72921,4915
48137,1927
90225,4155
60100,2402
59799,14764
40851,7467
84111,23865
79705,25318
65175,411
15406,6972
81953,16329
52427,29348
99582,15288
49969,11901
91501,24467
53057,20564
51362,8630
96029,2799
68139,14689
46378,29885
31827,2288
42830,16606
38982,17739
75759,12570
37678,11080
55552,29818
26626,16108
63532,3360
68600,517
54673,14164
45119,16836
39884,19640
37372,12323
64772,5605
60995,16860
77448,8883
94172,26989
57763,14715
97191,6377
73906,21471
56864,25626
51499,13965
22390,9184
28088,3315
25490,10396
12179,8303
63524,2879
22048,12159
60122,23886
77577,2465
46784,9379
46004,5575
54296,4080
98799,24222
64750,1353
57642,24967
59166,575
63164,3865
18047,25541
55232,28059
79497,4907
72611,6941
26305,24898
93840,24278
15543,8407
24820,14624
84128,20848
61816,10716
75499,2501
93146,5131
41065,20231
14679,1128
33031,15695
60739,27861
30444,23241
99706,23249
59981,6958
40596,18175
28650,15696
79112,5864
79669,19124
68341,21695
93616,5359
20479,23013
18091,8799
15375,13963
94843,10782
16734,22401
98080,14672
67397,21538
13784,13237
64708,19481
85933,22275
42663,28836
41070,4294
42690,23659
65971,29600
47294,6670
97289,1111
95941,21290
52600,23471
98514,17630
81907,29574
93412,11915
24129,14829
68227,12915
82919,2032
41510,6774
68815,3095
91870,18583
61263,5019
18106,23570
87645,3528
49251,22073
13989,20608
54584,22702
63708,1382
35294,22646
17565,27825
82200,10321
16714,12023
53839,755
10466,11479
69236,17782
33055,8885
20273,4582
55987,9925
70898,20579
63575,14719
65349,29440
47853,8139
20511,14527
33398,26210
12423,16837
63749,24107
23641,24471
12160,24953
63864,7658
75489,7732
68447,23919
11138,19506
97247,21083
73287,14333
13802,25591
43357,963
11997,9989
71898,1639
66986,21909
66936,28181
82858,16252
27099,5984
67291,8851
80598,15541
99531,11441
99433,11486
10551,4613
57684,885
32164,14555
90012,11950
58004,6142
90058,18266
69462,2974
66960,639
74194,23522
34296,25496
20978,154
44541,7435
12685,16123
56604,25437
42606,1822
10851,15398
92749,19694
44293,15393
75873,25233
18026,14580
99260,27778
72080,26462
50947,12509
96662,23298
38967,27195
29773,23155
41318,16084
78440,11924
96615,3581
14304,11675
80790,15037
80613,29186
19491,15867
42462,27891
74785,27960
85955,16782
23014,22933
42934,3516
20910,7319
24284,24236
36017,26397
96305,21973
15544,25941
87272,2612
77477,20975
50073,29065
37964,15288
24924,28140
40828,8350
57352,29957
99553,828
38887,15990
15672,15387
97838,5082
70685,19131
34343,25568
90382,2502
34120,13036
80159,19770
89101,23560
95251,3029
81027,29919
75121,19841
25887,1969
44533,10701
15132,23904
98953,7784
55792,12375
33722,24320
11348,10832
86846,27514
65305,1386
14274,4693
96081,19071
33646,27366
80343,14328
75657,3924
51092,29490
33769,939
36812,15155
20970,7292
60292,24790
85699,16685
41969,27019
77216,5160
65154,7803
33707,4827
46970,28622
71629,10429
56569,27608
50729,29389
41052,26982
26863,22184
64284,28589
70631,21068
77045,25426
87848,15887
32017,9200
77254,24587
26258,19567
13765,10930
72921,21317
65920,17145
55441,22173
76003,22425
14491,29780
29527,18483
43311,23909
28741,20170
87564,7127
48657,11161
96699,11804
29925,21476
10521,14572
94820,20932
84938,29047
98105,14992
98517,23036
33380,10316
96476,25442
77175,4136
10773,21167
68074,29805
40991,17789
40942,25512
71553,14951
58348,28890
45479,14054
44425,11097
50485,5627
32129,9619
30353,4830
84474,15532
88366,26749
95033,14257
68462,6387
44110,23723
41545,5298
92054,17206
14361,7932
17216,7413
55415,26032
72494,27681
87066,10582
16498,11225
23786,13088
46753,20311
84574,24443
38736,4839
99121,2078
13516,18432
96995,7985
79845,1562
75233,15711
21150,14974
68126,1719
79462,25650
98082,26774
80606,14646
84688,22569
51899,745
67247,15278
97173,3399
39062,12006
73123,28904
91306,5482
21273,26508
66710,18691
62772,22583
38155,7077
70980,8705
69210,20448
47849,21784
50107,20752
50062,16588
56418,9093
50820,22852
98032,15130
61123,24677
84024,13126
89132,4701
46407,20528
28219,24256
74922,25790
62520,22990
44693,25098
42328,18622
32226,20662
59453,25338
60452,25683
70227,10807
43914,1003
45084,10638
61494,5141
14788,7547
74761,14873
19646,23814
46414,9095
21921,8302
19700,29210
39274,18472
98863,1372
66933,19133
11580,22832
10897,18632
24955,24218
71922,6443
50679,18369
27976,8645
38662,5311
67627,13754
35266,8949
51210,8037
41282,19543
50867,15888
92206,5503
56106,21012
92475,23245
82314,23195
54571,23342
66683,17882
26842,21049
32507,8826
23511,15865
78729,21369
58636,13808
61552,28932
10480,6984
51223,19342
95661,5598
67520,1396
19475,7355
44065,11176
32851,23497
81000,5400
74690,800
97112,4040
65366,25607
77235,21942
17262,19702
24370,513
78242,27831
69507,2458
56169,1248
28059,25397
34894,13000
78939,4632
17667,7595
52526,22479
84680,15954
62792,6846
68458,18174
88948,12211
83509,16082
56253,26605
56831,4953
64775,15363
51321,18077
58543,22070
57053,10354
90450,4324
96880,12836
65428,19518
33992,20440
60177,26065
55950,16872
58510,21510
65946,14898
43236,4204
36498,14240
64798,20352
26999,21907
17371,4603
52211,16735
78941,17658
42917,7523
73186,14152
51142,26799
87023,25950
22052,1173
79729,12972
29459,9703
24546,3709
58159,6603
10326,26122
20613,24881
25814,21520
67112,13216
30109,22921
53951,6040
25746,7438
17233,8373
43803,699
85227,6643
52178,11669
57327,19552
65525,10829
20057,8408
83211,603
35373,3566
41459,7527
45048,4714
43250,27759
91513,5025
82920,12221
83997,13444
80995,26253
68756,17129
77412,28932
11196,13636
55412,20105
17395,26280
23817,12253
80209,188
69300,3319
54721,25494
92171,5392
74689,9200
85810,6480
51524,1626
93215,16263
84388,4958
82068,21481
75054,28898
73944,3712
77056,11325
86273,19171
59816,4257
43115,3009
67751,26750
97566,9066
78647,3517
55506,15925
52337,630
12029,6982
79195,15414
86768,4720
29402,7623
11586,15009
22931,12191
35804,16980
99094,913
33976,16515
33135,14465
81378,28620
54399,18852
40290,28851
86838,2768
99387,29601
91424,8298
98678,1454
13781,191
14950,8089
49218,28195
38529,16808
18844,6530
59383,8279
64199,17409
70308,19489
83834,1751
66766,15929
13430,3082
91862,20427
31994,19758
88354,13030
60651,9768
79601,27999
41472,27961
70675,5194
56140,23188
17150,13111
92422,4390
81756,25058
66131,8033
67068,19177
92205,1186
10721,3486
62618,16099
44836,26597
32052,23831
99724,12486
50260,2833
95690,11897
14355,28964
92050,28390
27797,27383
78866,11836
89595,12537
66440,10904
58579,28781
48814,21774
90013,22223
19344,9203
14089,29246
78958,6972
61168,28733
19415,16350
57259,25109
67060,13170
45454,7843
22031,29575
57084,12170
29133,21175
13640,21807
90400,8212
11745,10317
61681,714
34028,6625
77581,21455
31796,4752
57178,9722
45801,21969
44001,15366
92337,20931
32137,4827
84720,22761
67217,26708
69083,29660
26881,10623
49049,12289
25912,29985
34217,20266
44627,23520
13122,4829
42812,6756
56125,16445
23575,21614
84907,23402
60445,16675
60177,11475
76958,4502
12632,27872
12144,26043
92988,23225
40913,20026
92697,8865
89314,27350
93543,8869
44740,1479
33314,14921
18631,13755
18910,15264
94013,398
97099,12314
72925,21926
46102,1103
48437,8076
11686,22656
63328,26297
63623,22137
35266,25718
28766,27510
13513,21838
13694,11858
47601,24181
14360,11534
15223,29609
56499,22920
13207,15926
90257,22438
95582,7460
75740,14239
27782,21349
55412,6904
77959,18441
97266,223
91017,28609
10916,10864
40579,2399
90532,8997
33411,28856
84620,21990
97340,8416
98084,27394
46667,23812
87464,28163
44550,12203
23082,24557
69343,18894
74777,13703
14604,3991
96796,26028
68009,25014
41538,21427
96949,9841
77723,1567
24025,21481
36471,3525
74511,24813
10567,18004
50820,27127
61619,23555
51300,6812
84455,20596
40033,2944
72520,20624
49037,4920
25629,6255
28102,795
62320,2633
48600,17159
31913,528
74735,6833
59337,13754
52520,17641
96616,5528
65321,2738
38034,10125
42761,17700
62464,21848
36355,20725
35546,10551
33602,19083
88572,26115
22180,17764
62200,8871
50914,28077
41716,26211
52590,2216
11353,5482
94062,28339
42620,17893
12746,11357
98638,23053
84682,15940
99874,13527
90560,5973
77524,17805
46492,484
66650,29511
55962,11009
77199,14846
73189,16326
50756,22291
26675,4458
34784,24426
52101,10718
86791,20390
78321,26678
98582,8901
68898,4524
68744,29225
27738,10475
65383,23997
38008,26245
27728,20790
69096,28883
99552,15597
32191,4433
75761,5653
91742,27754
39080,12699
35940,28215
72944,26588
41776,11583
80642,5343
48396,12804
67799,7992
89276,3743
68072,6523
82302,3469
55365,1986
66703,16913
34676,8687
52211,18960
12270,27510
74285,12672
37649,10208
59481,23587
65453,1078
82223,16458
48221,23225
49652,13890
19383,16754
64001,21857
87800,26583
41759,9708
34433,19031
99664,25632
25841,25306
38130,26010
96291,9532
83988,25875
51635,1720
10658,13779
38626,26914
13690,24179
97239,21475
42994,25000
60809,20273
28976,21434
24823,24183
66932,27115
54442,25809
87465,6990
98114,6808
31037,7762
57484,17824
70910,22286
90758,23118
73520,16627
85513,23468
21391,15500
93567,23081
20772,28623
42655,28685
83725,8959
42371,9148
70174,14564
53882,20947
86806,25351
74205,28850
95976,21026
92467,19968
48791,6353
88860,23405
12457,23576
48678,5288
12536,5356
81560,8554
80034,23197
21654,17375
72338,26973
31922,20745
10722,17439
50229,27323
68976,26500
89262,14917
22558,2805
69152,23836
80021,26740
64906,23520
84390,12181
58254,14720
42530,178
28847,8394
31964,28542
82833,21142
92919,18506
12835,22973
94733,21051
52011,26108
80056,17285
11369,7601
54807,25826
60333,15826
56802,11733
47706,21563
11554,12950
44988,3460
99127,12382
59316,13594
28964,15119
47873,23760
74604,21589
66214,9943
72139,28774
13270,12468
68961,25001
91918,29163
21254,5077
29502,14132
51409,7786
42984,27724
55744,14897
41162,26273
72940,24332
75484,879
17827,7783
69873,17188
83763,28480
90906,17098
30145,15192
28036,4868
84810,3875
83981,23059
77502,27650
22169,3775
30336,24077
55991,29436
35016,17856
68902,20436
13287,12734
26192,26522
15976,11418
69104,27787
25299,21004
72570,22426
61892,26760
99822,19254
32330,13394
63019,18600
34318,27844
82793,8549
79339,28976
17659,9159
94388,15278
39853,19179
84729,22718
51553,28131
95046,12059
22288,25028
11760,7822
98252,1037
78179,4946
74493,21740
39694,12761
30984,13051
76907,28714
92999,9377
59593,12436
96455,18952
18277,9633
22966,26519
55869,15963
60134,5182
56592,9687
82171,24446
54701,14954
13270,22212
46989,9319
48977,11748
37315,5821
97678,14929
86526,16045
16063,8891
66695,6156
93397,9367
29733,15418
67891,6600
31801,7661
10367,5990
15019,3653
50224,7623
42331,12118
62916,15865
89284,19233
68788,18114
37068,21839
82811,9005
27039,13733
65300,18961
63897,4313
88282,12031
30438,5475
68744,14876
25103,27102
44939,26214
68332,6203
51552,25489
49602,5068
75961,9172
19586,17159
64597,1331
78711,25910
32763,9816
48862,19429
52695,28246
38689,11082
29140,16489
19982,15704
56920,28349
55353,16526
21725,17691
99003,6479
51374,27413
27470,18339
19531,145
21792,1054
32077,23908
59725,24911
65938,29554
18388,14238
18548,21047
13515,6508
78036,3782
96887,3517
54717,12213
73982,234
97506,4629
88509,2881
67149,15253
36323,28923
42029,16669
91021,28087
49843,7464
52638,10238
18848,20350
45223,6565
14315,6951
63682,14445
43472,16516
90572,10791
26019,7150
67707,29526
51634,2142
68882,23079
29321,27699
85302,16958
42423,7227
22051,22957
93406,27377
58799,29087
76491,22273
15450,2643
51338,18743
14338,16532
35223,27947
97034,23299
43214,17323
53542,1738
79790,10018
77194,17865
34174,8090
29088,13394
69017,9201
72040,17468
61213,23489
26803,11267
39592,9449
38702,22481
92101,2538
96740,1542
80311,17750
92571,1964
36787,23050
68381,16691
67696,11431
72891,4567
15285,22252
49532,29208
36798,25664
17104,241
96570,20837
34612,16629
80480,17433
82715,29140
78002,2405
68138,17248
86665,15972
13849,355
25261,25518
71337,28515
32903,28144
72059,844
37899,18897
64452,28664
42782,4882
99376,23440
67217,11754
99202,28645
37755,16041
47005,7066
91608,17887
88988,4824
49462,9521
95039,1531
54016,23089
34487,20174
29403,17285
37299,23843
44354,451
91231,4188
77206,25452
56006,14444
76575,14141
25149,9542
41784,20579
91282,8107
30650,18108
85265,29859
48004,9445
11028,20254
29618,27075
27827,1410
42139,26992
88428,10618
63336,10307
77761,14469
26688,9394
98050,5746
37325,28215
93046,13184
72791,16258
38047,1724
69299,18944
78160,8788
85954,18541
60216,9364
75730,13776
18312,20554
19814,11975
41619,16264
66999,23460
83096,28343
41011,17250
45850,18590
80887,1511
28092,23366
42786,18082
80887,26191
74015,11924
65050,6173
99092,1551
22373,21596
81615,6603
93018,18323
64551,14033
19532,15671
35607,21700
27287,5496
83476,12515
81168,26308
56498,26974
17655,16090
92198,13040
68756,28639
26625,6035
31429,9413
68540,23174
68015,3702
96692,17596
48789,5334
24353,27968
41725,21161
55134,29266
99433,23403
36512,25132
88421,28479
89788,23344
51922,900
98957,8196
48174,14857
25491,7552
60824,15871
93065,17915
45709,16435
40929,7633
30230,11115
99573,12580
82793,5367
36834,249
64164,23105
59758,734
65401,2609
49776,2344
73035,4456
56496,1514
32478,10280
30412,18765
19000,15707
26456,12712
83183,13900
11476,7426
91395,17792
56439,11142
83397,17330
76209,7080
82627,20479
10882,14214
58690,24046
59144,8782
44058,3111
78071,13738
48067,23443
10066,25365
88029,21286
50890,15289
18919,15159
98634,8283
63179,2569
58061,3351
60010,8609
31096,1348
98916,26830
51210,25351
68116,21650
51620,10502
51759,12599
11862,8608
59250,14274
95647,26486
73556,11931
36694,22640
53926,10215
24431,18026
49573,7862
88073,15878
90070,21133
64730,8310
77583,4319
34927,16555
52655,26411
85751,23028
50285,26337
83223,6416
25142,22966
20674,8985
24063,24030
66344,27323
26584,3536
34945,27157
87178,19062
19938,14979
92472,11359
66836,628
61414,15198
47965,13236
15259,25585
12570,13345
90458,3051
48912,24923
56779,25093
94431,21555
63871,11114
14057,11012
19988,476
26130,23901
56773,24518
62124,27325
86784,25483
55751,6200
23945,18786
43852,20578
94367,1653
70731,18628
33939,16872
29975,27036
38875,5544
74402,16448
83103,23951
87554,705
77003,11812
88912,7650
86091,20645
23268,4075
52423,3782
31054,27717
65205,13888
97956,823
92268,19480
61310,14810
80326,3306
55572,13493
89642,8049
37887,16455
73687,20186
31637,22959
78813,27362
68322,11238
86504,2314
21869,24140
44412,15561
52276,6992
92375,20637
46079,341
80372,10038
27147,24843
47008,3970
99762,18892
19504,25179
42830,29972
88446,28735
62552,22863
69737,29415
91451,26097
17907,12014
27030,7715
62983,29134
99801,27953
37681,20533
57569,23682
22294,15704
72876,3571
65722,23057
58685,16210
34884,2815
85677,3974
60747,845
68114,6216
58663,17886
74072,2854
16860,19760
11505,3876
18211,16139
15747,12396
19062,26971
87449,29395
90001,24947
57742,18251
38483,25739
15414,833
88777,22350
89635,26713
32187,22646
49702,19247
41470,25537
69520,17929
84715,3339
87717,25976
41814,1828
85780,12042
38756,15793
64865,15085
51020,1325
65858,20435
27524,2529
38453,15944
54480,19428
42442,22257
17736,15124
48473,27348
82297,3568
17034,9998
65006,4657
31823,6491
77432,20134
28864,3435
87302,22206
48697,23700
43589,4949
26552,8371
27419,5494
56975,21215
56484,14923
73856,15584
39380,11652
16969,18854
80784,6620
92552,2261
52271,23637
25492,21354
30392,5279
99417,13949
55191,29281
76902,8905
61508,3507
79629,22724
40804,7630
91374,20360
67399,29940
38935,19220
75205,2593
84510,4350
40461,8373
18693,14562
97951,22590
25334,1330
65440,12794
54931,16820
50395,24424
56289,13906
69664,13378
22201,21835
54992,26877
85580,29733
80692,25343
73094,17213
72023,11962
38029,18655
97023,28823
77482,14384
47996,5036
93021,14753
39332,13946
29073,986
90589,11818
93734,13217
48361,24382
90665,15862
70416,13279
94327,7174
42649,26267
68389,22735
55675,5527
71035,19635
57774,29447
78072,2592
78553,2756
42764,579
84103,18484
29176,6792
69175,3007
38577,8388
30755,29199
78779,29791
96326,13610
44176,25968
54448,17301
66327,2416
45666,22647
14550,6265
55126,20811
52616,23775
93766,8649
65562,27269
28009,4775
35972,22682
47176,22418
11148,100
96733,19154
93461,28625
27271,28056
33444,186
60120,3419
98377,14224
56582,29910
36878,11732
36688,9596
74971,23409
45554,1027
54670,5195
93393,2006
67191,2621
18211,17498
38460,5880
31558,10345
43586,18604
29261,11031
32079,2938
16335,18959
68706,6682
24086,8231
53905,16762
29906,25287
73988,2602
93154,9292
13852,3784
98632,12985
30276,556
62628,25011
30020,24011
28310,19058
59304,22216
75960,4692
77159,21768
84843,14686
32506,4100
32778,21290
63944,14674
60260,18192
25212,29202
54283,26951
90875,881
91783,6584
54732,7238
93550,15184
29961,2753
73932,11480
19876,20753
45103,5154
47552,27235
49469,7500
21457,4847
69848,12308
80442,29312
49770,7800
30092,19404
90747,28070
55851,519
46946,10564
37732,853
13097,28120
94011,8460
64584,8296
96191,480
95798,4220
88371,19044
80633,7404
73548,5074
75675,7709
97614,24834
36763,26910
74601,12298
15742,22673
61569,22084
55736,17402
35946,10067
73701,6248
74703,14118
55075,3038
52733,12776
68521,14385
64577,16762
12059,458
37395,15559
86631,12452
84295,16879
66891,21695
47730,25764
19068,24062
33843,23549
23689,24823
16352,14292
18155,27258
97237,25975
15039,15537
63018,21973
96506,24320
17149,4614
50454,6254
69211,3457
76484,10289
39680,13025
31857,18645
96010,5144
75292,1711
87730,23078
45349,2292
30997,4702
41832,20740
93415,10353
17117,26312
78596,5365
17175,14401
73441,135
56781,14075
97260,2974
56377,2305
78134,18539
88838,2003
90133,17246
27228,13721
66171,13468
40542,27919
36079,7734
80877,26946
28161,8679
50689,26849
61240,25228
69654,28343
79557,16985
26740,7986
69058,21977
87139,26566
11956,26317
91775,10629
60266,17293
18499,15893
74885,21848
15397,7780
21682,22646
59429,7124
17711,27646
68857,25696
19014,24132
47467,3328
46000,17439
26186,17120
17425,22435
27532,18560
67707,9304
62172,23787
29567,22746
15001,26967
46678,12129
21889,2792
12698,5297
45566,8328
46440,20946
25822,21485
20692,28734
13934,1107
32258,17675
87201,1732
37652,12901
63280,8169
36081,7404
90734,27417
22438,7572
77946,6318
55216,18779
56330,5322
54320,20883
49779,14135
54739,3410
15780,28173
67432,15207
46666,23607
74616,15998
59550,12934
14104,14459
59315,18890
43464,26637
59729,26383
62231,5742
63487,7499
41559,17933
32404,1676
55923,6634
78623,4853
44035,11666
78646,19063
80958,12157
98375,15560
87854,28411
74495,21319
86278,23870
34557,14348
55256,21930
24028,4133
92451,3567
89737,28076
25093,8273
23061,26161
64301,13573
92595,13303
69177,10744
38569,4848
27108,27310
19420,23431
21937,16243
49536,8016
73845,27876
92383,14151
41727,22860
69203,20494
72460,5001
76919,4259
42040,14691
95436,28752
35007,29185
48381,8743
17336,5479
84917,8571
14819,953
85572,5002
24203,28073
60137,18189
20074,26706
44169,11362
20123,4151
25486,27020
14882,2369
83318,19608
80733,13455
55605,25950
81296,11210
68459,25578
46329,3750
13311,10649
34505,2864
70797,491
79997,19184
69238,741
75197,16068
93426,10767
36420,7844
94037,27865
88841,26523
37102,21885
40097,20892
83896,24048
29986,14510
91918,13468
85913,8745
10486,20147
74893,19214
89653,14961
15266,22105
21492,28891
43231,28266
97616,15628
36406,7674
77239,10659
78952,25941
16795,18326
27372,21648
24595,15441
78635,27878
16302,12363
84513,13253
85985,8719
13955,25892
29963,21671
65313,24866
49888,7568
57737,4814
19230,22684
26495,2551
98650,17280
44997,15765
81448,19813
50151,9179
34350,24351
98813,21256
46899,24866
86500,23233
72849,28353
65674,2669
65864,9954
48491,10289
59395,5429
19664,13018
72804,2707
44646,805
11437,4381
64235,17922
48236,9814
64393,16225
50069,26501
32902,13538
48054,21996
47926,7751
58457,8897
82175,15656
89107,13039
24630,18230
77968,9907
11346,29363
29484,15833
49829,8007
87479,29626
56525,25434
87768,23362
47552,12508
77985,16026
32748,15305
35081,5696
72158,29020
98902,25292
25797,10994
22798,29401
66669,19150
56614,10059
50563,14425
73796,11148
21588,27048
28589,14901
55393,29487
71929,17960
81707,10561
49732,25559
30466,16118
28472,24929
29117,1602
69820,1125
65149,24194
91236,18189
22837,20370
10440,7042
12887,4066
48779,13527
37687,967
91042,24383
37865,11682
87431,18854
86069,26733
98907,23825
38008,18552
77652,1414
56994,7559
68734,2572
29315,22094
72903,7919
44414,22389
34970,11339
68618,4585
98992,20275
88116,5676
87943,2891
82168,6039
30372,361
91741,20281
47695,15832
72882,29765
90039,4888
55902,13669
36258,14736
12766,1018
69278,19206
50081,29766
17380,29022
52053,18720
52258,14939
54243,3313
89212,14103
77965,12060
57660,10482
63465,2003
40228,19107
62374,13486
19526,5010
35175,18960
46970,25048
31651,28602
82457,4184
88172,3877
12906,1980
42521,2148
65031,5672
11786,12079
92156,10800
30357,810
49463,11024
59899,16149
60669,6658
64438,12077
14302,23776
86830,28128
19122,12257
56042,5239
34066,14624
73333,26951
94235,24012
99424,25474
28025,17225
22414,3897
29611,6413
89415,5480
36575,27584
19123,2303
32876,5613
81595,17224
36841,29161
77842,17840
95031,23337
22478,1902
16385,18606
16246,26488
92563,4757
90683,14407
67360,4777
86794,25273
24156,17322
21047,1044
54519,28237
64566,4860
29646,17607
40820,10872
53192,16977
68956,298
83843,11367
21786,5923
76303,21169
52802,2992
77324,19213
46223,13686
25261,20638
79804,12508
66593,24030
79055,16970
70986,25858
64568,25374
90458,3207
98460,2356
71117,7490
10132,14693
50856,13823
58522,1528
19610,21554
36027,24626
62580,3083
73104,20058
29862,20379
13556,29785
15598,4945
63606,1416
58189,12970
54401,25307
39931,7858
92502,27544
76316,14124
41515,28309
24362,21489
97234,26547
77318,551
78787,14651
43676,12733
78039,15674
21684,8582
68321,14109
68267,16814
13529,1702
67285,1016
42385,1187
24581,9855
46422,772
81220,20728
86750,15135
18146,19043
23811,11316
62779,17349
54559,13439
62834,29678
94557,9553
81816,8930
19953,1211
21303,26782
24443,16434
46525,29250
32362,14962
28360,11158
79595,7341
51629,13145
45067,4948
69984,23036
82582,18638
99650,25947
32947,1186
98929,4506
67650,10845
84725,10766
85133,28046
63373,7783
75611,29165
38050,22611
34465,20897
57590,13655
80581,19401
37317,4774
14018,27983
13064,16195
57786,283
62808,6730
73155,3347
42339,10996
59955,24489
58007,18174
27200,15755
28194,5326
46053,23509
83381,19326
46047,26338
66627,6302
99136,15895
13059,28073
14344,6553
25017,10801
37381,22837
55545,4824
42336,15893
77836,17278
93151,16056
29578,27591
29263,15176
33923,6194
43018,15019
27606,7277
91080,1895
56239,6944
48128,12908
68285,12795
37962,5932
16721,15043
36800,26807
76306,27405
81686,9115
59375,27998
44426,21101
82338,3030
83902,26728
50186,28296
88444,9744
44917,22114
57378,18663
10592,12032
11834,7220
63322,9142
55422,29065
55727,1177
37965,10069
99162,24942
55019,26390
81712,22008
43354,27515
95288,23083
39260,28151
60448,10754
27140,8121
46261,18924
46191,10059
45137,25929
47389,23617
95001,23236
69871,7267
83336,10340
18680,22327
32685,16575
57823,6119
99032,22528
63157,22665
36646,1384
20702,20516
28403,15737
39642,7721
62654,5263
92992,28547
71940,1447
11420,1450
33841,26166
89059,25978
23136,3455
74814,28167
49141,10064
52486,29017
39168,6137
95949,26484
20377,20742
38960,13620
28849,29204
82423,8854
73746,15987
21242,29021
76656,24731
58214,15277
23102,4597
30549,11706
89362,25147
11263,2547
80243,21805
47698,7189
62634,7486
85081,17193
11688,14288
65141,14576
50729,12882
24650,8677
51504,13579
18416,21128
85207,7510
85343,9382
25622,17274
25230,8021
27739,15563
48222,9319
79804,26062
84150,9703
65400,12319
64859,581
52598,26718
50975,26778
94875,26931
96268,5163
63913,14229
81503,23851
24763,18202
85553,13899
80104,18929
47310,21589
61743,28477
39836,16366
14347,16820
49434,21816
51116,14473
28853,19737
12911,610
87366,12606
43838,2436
62084,8340
65565,17994
99286,16362
11040,13256
82044,17748
42544,13167
94708,7898
32753,22988
56324,13013
57914,8083
25409,25206
64578,4104
72486,19265
24758,22323
18038,25882
78105,8189
60593,15100
71347,24375
51935,3346
11352,11482
27603,8131
99581,1646
94809,6821
99285,6025
78735,26614
59590,419
15577,11764
46936,18639
43239,23890
47191,21442
99770,17315
27399,16241
94077,25006
44447,17784
20653,2496
39289,9138
88357,25766
36717,18531
10399,26509
48396,3308
30449,19917
51264,27663
17239,15044
86800,4118
91762,28909
60891,13419
92837,6812
38990,11349
33495,11854
93799,7233
40421,10055
89988,24582
83699,20198
41737,4234
68048,14593
37434,27890
98838,147
20942,1197
77822,14899
70272,28250
50642,26699
68821,17500
70914,27742
27359,9487
87372,13811
23288,1142
91696,4020
96232,9681
38658,8183
50053,15467
52472,25571
73599,4875
92062,22151
57079,7982
16121,6431
14476,2183
48080,4480
91993,6146
13416,29531
97458,16332
25430,5780
80333,11426
80180,14627
78670,21418
95390,11480
77710,10431
49082,23985
76864,7204
53390,26022
49047,19584
19681,11747
26467,15365
25470,20024
62972,14586
62197,6247
26733,24134
99984,29432
72866,12843
71878,17938
97379,24630
68877,1574
88841,12764
87609,3351
30770,9965
90759,4888
13751,6006
10934,6954
77619,6601
52811,13982
28459,19067
11446,28418
48282,8421
41640,25280
66438,21811
99630,2514
24506,14811
20504,24541
18962,19252
20350,6835
81591,22133
17642,8905
99347,9560
56823,2071
95629,26880
97710,24813
13718,3202
15350,5836
53425,25057
38309,29097
44026,25979
94693,730
91517,3221
73372,10667
47682,28959
90894,2625
13113,19918
38504,16364
80035,15284
37016,4353
29664,2259
79076,718
54626,20615
27887,13539
21137,4504
31699,17051
85862,8426
73881,20637
31653,6397
41488,2337
28392,24437
88159,4496
52990,508
43734,10942
27544,23272
64555,2589
43968,22077
57977,16330
83805,16490
17586,18757
48422,20742
48710,23162
73071,24204
96916,27313
24936,7344
70095,12350
25273,24828
81570,6235
79121,1692
38512,21621
77000,3921
86052,19816
63810,26612
46335,29493
55845,6752
29252,9087
68719,11890
42595,4508
38909,21202
37790,17524
14167,4655
78560,24614
67195,1392
14374,3149
39882,15946
97735,2236
84729,1430
73229,11326
30257,29485
98140,18579
14863,18253
65834,24536
21343,21759
15886,13102
48209,1680
12171,29301
29873,21457
86784,20539
92156,12511
91185,4017
81613,29937
73109,16304
96538,25650
88853,17376
65806,13437
68624,2769
85738,19866
39363,9881
66339,406
98414,22587
69560,26691
63329,27413
24784,24057
15380,8119
85347,8786
53811,29573
47012,21996
16870,6940
41742,2979
61724,23174
44521,14103
63541,7257
41539,5562
94647,8604
80706,3816
75721,16418
69437,12500
90854,4434
78658,23084
20089,12887
17667,22878
77162,25293
81571,11893
64751,26045
11481,7843
92700,16696
77028,8142
55095,6281
45797,16824
31070,21744
62463,2151
79227,22830
80750,8360
42376,29197
65605,24029
22571,19878
20065,13316
23211,9562
89048,4593
85223,23720
16517,20945
11534,2666
22457,23646
53571,8998
97708,14492
66356,13751
25028,23456
11413,22344
19302,28228
13105,28281
15087,26077
58889,15968
90018,15511
13393,1187
81605,28942
62889,12616
25863,107
42181,2198
21874,11868
29327,15017
86101,12028
36204,22393
48675,11376
49173,20877
97972,1097
39278,4967
77058,10557
29670,25758
33146,2407
42384,27710
34880,335
44759,15837
30739,15568
33209,13005
40405,6567
91015,5387
68095,12723
77047,24396
95752,25259
71464,8091
76290,3267
10570,22311
44951,21105
68375,15378
99530,1333
77848,19042
41576,8367
60985,16287
60329,3726
69870,2412
33808,14616
53824,9136
69947,7048
79650,27260
28028,29361
19426,16608
95651,2615
45424,10314
64479,13811
50242,2746
87284,7596
65938,5369
49183,10802
73912,13526
15187,14335
23271,928
66916,5767
26336,13305
36947,19053
35576,992
67302,3519
75116,20024
52542,28537
80707,22137
74152,26807
60116,7831
91523,24546
93387,9788
37357,4672
78694,11064
42076,13110
39922,27529
63325,9667
18604,9693
91107,13812
19848,28245
35030,21354
60240,25759
81183,13433
44325,3834
93923,12323
25878,18276
63703,29255
36187,24137
78693,21063
72943,5831
23315,10656
19522,5507
82934,14106
82672,9209
42546,26534
22758,4431
56961,4462
11777,4895
72390,27754
94354,7932
51150,29496
95987,5441
31951,13725
68772,27857
55183,13157
10402,17559
46311,12956
76192,23794
16968,12609
62548,22659
48007,5815
60832,6599
49801,16281
24726,7255
16494,8150
84626,7706
92674,15140
68724,9269
76160,27343
51073,17766
46933,6005
53994,10011
10131,11011
67351,5177
47324,27074
32571,6690
92564,19721
78457,17385
74204,3329
34960,28919
44436,2115
27073,9806
50488,15962
92989,21730
43210,2529
81329,25011
63280,2096
30716,9286
14437,4352
11966,23608
45044,28719
17466,23216
18157,19145
82494,12253
52178,16450
69470,5499
65749,6633
33697,26798
26063,25427
70395,18163
41071,22200
15404,4490
26511,28895
53534,7066
53559,6727
35948,26756
21240,26575
79158,11772
91187,29513
37536,2731
36815,3918
67755,9415
21843,18452
98806,20699
76621,29895
50949,3987
43250,957
26986,7904
59358,8410
44334,3385
62848,14791
61519,12009
73528,16984
88654,27478
98402,24832
11735,26689
65499,13158
53416,2550
20081,17421
87390,16760
50515,12698
56134,21511
53879,27197
42691,19979
82832,8325
75212,12260
94838,13693
29872,11441
77801,27506
25106,28592
10615,655
34509,18305
53263,27740
33319,16090
56522,690
56772,7712
64252,17603
42094,21072
18835,6287
82632,11362
58653,26776
44088,12984
50386,16884
30171,18890
98990,11773
54642,12530
76880,11277
24130,12221
37404,10795
49770,10579
81076,427
69172,2312
65141,8313
59816,14762
18805,15878
62408,17863
93773,21740
56776,10335
90102,9709
97295,14513
80827,8022
13074,13351
48583,21554
85069,13064
33236,19037
90695,14319
30681,19626
41829,4689
28104,2287
51303,8399
33153,29703
26412,24996
98181,4959
30590,11997
81399,26170
31559,18197
73968,28338
35413,7943
93163,2076
26105,2654
77114,16195
41691,5521
33666,2536
20355,23546
51280,25675
11324,20720
71606,3593
63665,557
37323,28572
75149,4205
50519,29736
12769,8306
22373,23242
84643,16404
30193,1172
63646,10597
69124,8508
87664,26612
60740,25331
12443,25776
96617,21188
89778,28305
90957,24803
96163,10555
23392,25960
94111,6182
40119,21684
42909,1987
49122,9991
64207,28268
67985,28096
44677,11385
52858,13235
88626,12634
96130,11927
27897,18130
34577,9295
51296,29287
48243,1633
62318,20296
41669,16842
58036,8885
76479,9600
87122,6073
49667,22770
12333,26665
81137,16212
94885,7716
51839,26266
15006,19463
69693,14289
91125,345
98034,7756
71263,8137
65227,2733
49912,10220
78755,19006
54592,1449
69796,5829
53311,26116
31735,18234
49505,18802
79541,4609
96328,24448
10278,3634
39987,27634
69344,15168
76306,27896
14410,4997
53338,27306
11320,11217
84194,12388
85017,8052
96655,23535
67671,13963
53916,4300
59992,14652
69452,22318
69665,1508
46039,14309
55091,4865
69641,16795
62816,963
82269,27282
72337,7292
79341,2550
54530,5591
56812,7313
66449,17771
26442,23869
44712,10373
79171,15820
93555,3223
82742,21827
62196,25881
48022,14437
18710,29561
26161,9497
21144,26505
57218,21923
65208,21738
13261,1915
37114,8170
33461,6325
14290,15255
38023,20158
13123,28244
93118,22691
98160,15214
15226,26443
86303,23847
14677,11865
53903,19874
80275,11141
79988,15939
88022,15584
76940,17872
47032,16640
60326,9059
62394,235
75505,12418
14007,20913
98880,14003
20376,25347
58357,27768
11680,633
89878,9707
83182,22149
30134,24216
30336,26618
92109,7899
31263,22078
82316,8088
26312,23990
79476,15351
46139,6806
71987,27039
12703,4046
57594,6770
15511,7135
64020,20566
62501,9798
58561,29235
42838,16412
35384,23546
85900,18707
37367,5233
42909,7425
35687,13910
21592,11179
29895,16754
50725,25074
87463,12515
95295,4903
91627,16421
41226,13940
36147,19831
39601,210
85819,28052
73479,20301
55560,28811
71469,14531
10949,13643
88651,12006
52971,24903
74808,15233
40131,4034
66489,4900
18540,21418
90483,15264
97878,14939
53060,16134
96655,5160
35068,21998
14231,5658
51164,24729
36351,15273
82699,27870
63152,3124
26073,8031
66657,1443
92434,23696
28851,23131
51272,13008
70588,21816
78888,26041
71434,17610
86510,1414
23042,26159
89172,6742
69951,17105
12098,1899
98298,14187
36255,28440
26782,15700
46426,22655
55195,4093
41896,7771
96982,1393
40835,2506
47353,10247
11261,29208
74789,29836
14860,16270
93848,7947
84323,3672
62262,17591
18692,18236
58416,287
60378,2474
49256,7569
64740,24876
28368,12976
18185,28414
19493,12920
42975,29060
34052,20231
68948,2707
22097,20769
76868,9145
97149,3621
77289,18872
40940,19782
62104,19699
96109,17205
57869,13613
58478,13230
33281,16938
91545,25980
22924,10236
18397,19302
17053,13495
72350,19179
30976,25996
28546,25004
11570,21914
40756,8265
32834,27128
93566,11771
35076,22473
13246,19629
73032,12759
68965,21970
91109,9009
88955,10412
12102,19743
50545,7368
70023,18674
44632,6015
68462,9758
32461,25257
60184,19978
59654,2279
34887,9632
40794,19983
22541,7226
49507,22414
80437,1696
45997,4220
82258,18042
71047,23639
48320,14184
78320,25856
12517,27277
50302,14843
90016,29481
64497,29918
35485,11724
69001,24647
64418,13532
10803,27522
50360,15162
74630,15836
49633,9784
74843,10777
38473,10173
64593,17855
75757,15245
65738,11879
79061,4989
82130,25004
12555,2087
44998,26593
43426,6489
22258,28430
58102,15367
50696,27567
39805,2322
99699,28128
17359,4877
11216,29535
25361,28350
56405,22374
72247,21491
38299,21777
11556,19852
27433,20333
88368,12804
52280,6330
54858,16880
31422,21212
59543,19786
91551,26094
17427,9003
42866,13363
48802,6282
74199,2513
22075,29405
89823,16974
26510,17633
10431,14255
59538,12399
27507,7644
64204,26342
16405,254
40891,25404
53437,10761
57396,4481
18150,794
97905,11356
61992,28702
66381,3359
97441,29635
71941,3542
94101,25004
54082,16826
72113,13201
19540,21737
92355,18725
73431,22517
86042,25445
14784,16302
42904,12527
22904,20587
62075,14635
51015,4281
82737,10131
39679,4343
21517,25821
36681,15212
52506,11251
20683,29916
30394,5105
70439,4531
75976,7211
72974,13783
51230,12373
93669,16078
39992,9773
14234,7747
85757,6557
35006,9967
56311,29690
70673,21124
52383,19078
10792,9611
78642,25280
25646,15025
55582,21823
38274,8441
56160,499
76471,6906
42237,6656
75206,5573
57258,24919
17959,1482
22002,6384
96511,8149
90473,14106
21948,25692
56780,11796
28621,3177
46448,11089
29167,14577
46844,14991
95441,1908
83281,8008
98914,4257
13268,11736
28086,20493
81589,16061
85305,27610
15433,5377
79713,17481
30677,5287
40242,3335
69283,21154
26735,25529
33705,9823
94749,13844
87619,10079
21937,17726
21825,7392
95466,1650
14415,12941
92059,21664
68624,8216
51611,22543
21099,14049
68195,5087
27133,9730
15616,1517
49381,17886
93052,4524
68383,21505
26454,20413
33165,26725
19779,11584
99370,17107
24006,10901
42657,15225
23083,23500
49156,11197
30393,12360
11210,24078
98074,16506
45781,11985
24787,3275
66441,21163
26506,14473
93062,4745
97356,22140
66399,10047
82024,5365
55000,29900
68455,385
47233,19524
27812,25488
66690,20270
53739,21405
10045,27756
57895,27714
46808,24896
49211,8538
37518,5194
74293,18089
52609,24477
14811,15792
62433,20008
42504,20799
84476,2661
63969,17150
96136,25539
76502,29849
44976,29993
64755,15718
64246,26588
22410,8832
39748,15712
70103,6753
99663,21620
89724,10716
89176,9378
63580,17180
20976,1407
64743,1230
32372,3018
16476,20305
33941,25187
42262,11354
63002,3865
78002,12884
25408,3092
94667,8566
97330,25809
53444,17330
52640,1423
34385,16710
85366,21277
25352,29213
40338,17910
87156,8432
88851,28690
44083,12045
52741,16659
35430,15971
81061,29678
56464,26501
34592,29059
85929,1033
93374,18661
26879,1777
93839,18350
62016,22855
65230,8930
16581,6450
92393,10858
75692,20631
55852,29633
55944,9351
10697,12632
24756,3610
49336,6534
92572,6584
25119,9913
98719,29555
98658,9069
50506,24887
38005,20974
79752,14170
40306,24293
51264,19528
81121,12901
16377,5692
81363,29764
22962,17586
66262,20599
35449,26578
14918,22933
49384,6192
22224,16488
80394,11968
14024,28859
61562,13677
88266,29059
88811,24856
99116,12614
77366,20346
82339,8452
49027,3652
80834,14519
60806,18881
15818,13019
18376,15241
92145,2552
61832,175
34108,3333
23014,8641
67572,12113
16500,29670
77178,7271
81219,11125
77221,5687
38505,7515
81558,3889
82980,22734
29983,20343
71722,1142
66155,29459
70933,8726
27742,24657
14361,10002
38293,7191
89302,17201
73641,23482
81522,9276
49278,3733
62196,19874
38092,10507
87025,4133
57850,17338
95473,4574
90732,22498
52289,9704
72105,6184
87352,12508
43773,23711
32231,12776
48090,22436
80663,16322
54373,25377
99845,27531
49757,1395
90732,24753
76333,378
38007,4414
36147,8289
69438,19457
94123,423
79696,26607
55645,3154
42156,624
53284,16266
27076,1701
15325,24948
89221,6468
67472,10038
84883,8326
66831,8408
27464,27195
28972,27419
80555,13855
78639,22524
75172,17505
85767,18577
99777,19037
36314,17849
15809,10737
46478,11735
93904,4291
22226,15133
47035,6563
55544,12224
69601,6071
27771,27604
85727,24261
47648,16904
48081,8532
74616,11269
76305,20611
82563,26620
61219,26462
41543,615
49786,7001
62258,17177
70185,16213
44202,8981
16319,17958
44900,18525
76809,25002
98037,28806
76019,17714
95256,26763
34710,12317
81528,9898
90416,18800
37705,12331
43434,17257
15732,4754
52582,16582
55000,6570
37096,13068
25222,17279
73408,12023
32725,20162
79321,14913
85456,8368
16582,7955
57226,12305
13336,4983
97629,13729
70443,20802
75492,27717
46397,5800
85926,28610
33936,15194
35056,3138
38322,10454
56807,23721
29686,24257
87461,11262
40825,883
87125,29104
45136,11282
99294,20242
31495,27764
34976,14471
15991,13158
66507,2764
65228,2980
33556,15054
31543,22656
57637,29538
46867,4949
88758,22735
93088,27321
35038,15193
35584,22640
56272,435
90991,4267
59270,28387
58869,239
40358,29102
74351,28354
40140,6720
61499,26324
37067,3684
50173,3539
39113,18334
51819,27349
29713,21419
50384,9183
44777,9743
41966,2647
47690,12414
36661,5582
92248,14842
22952,1379
73508,15626
41396,8932
20712,9768
93415,25011
49157,19273
39564,919
63299,1160
38142,6002
55014,29247
28404,5088
70641,11471
92194,22580
21235,29739
66050,4861
47206,18845
21802,27952
74128,2099
46244,1372
16803,25684
12672,1617
30664,20935
16845,19703
97487,23931
47931,6124
34939,29497
13720,28186
18013,2119
61074,2875
17161,2420
14895,28965
36858,29926
24522,20493
57824,3515
63766,10877
42015,19603
82499,17004
31509,18036
38423,19198
43943,26930
57763,22750
50681,26350
93107,22828
44813,6159
39324,8471
37262,289
18235,13445
86306,16380
92413,17623
13932,11992
24574,24868
66900,27928
89444,26836
97567,17863
32553,27372
57356,3461
82701,10033
21007,21802
13407,26575
95784,5062
69490,3869
21164,9149
73839,4637
33365,450
47903,19247
44119,20602
81755,7959
66874,26181
95926,16032
12808,24024
36716,28465
50838,25539
19874,16527
93861,24060
31334,9802
15469,13562
32444,4529
59771,4557
22902,9139
62994,13449
52994,6084
76644,29618
80022,14823
25949,28280
92724,4047
85562,28094
27750,15622
24036,11470
48411,12928
43848,16548
41825,11948
33513,20134
27016,23855
12174,22131
57505,16984
96079,17669
91041,24605
51821,13079
10033,11655
55682,4531
73513,10239
58228,26700
68228,18894
59478,28561
88120,3619
53190,23678
59589,28816
30134,17668
91798,17200
80249,9384
87303,7095
70671,1205
98077,16443
19389,1432
92869,14642
67356,27801
65361,2998
80121,15948
52506,8837
48415,2407
55495,6520
73015,4553
32165,9142
53235,28473
33040,15175
79850,22033
74929,29885
96487,16489
23476,25193
26953,14244
12516,22286
90545,25414
10694,11225
21555,14239
85199,24330
50027,8612
34387,29892
71307,2488
28230,18506
25689,27347
18348,26076
69368,21301
82689,15854
57599,3612
57968,7944
44284,1985
60275,19892
15062,6734
88200,20723
90202,23018
69619,2262
50017,11240
75042,26005
69303,18202
88990,29356
72039,26781
43644,13799
91979,24448
71637,20953
73318,11104
86579,1445
94564,5482
87429,24108
37265,29412
63227,18024
73052,15699
53233,1489
99678,14906
14033,13010
10951,7290
92230,25742
76598,3215
62733,16167
61753,14531
67044,20292
63376,27503
94159,6288
63103,22267
11993,15255
46655,16586
45959,28457
95871,19225
43317,10229
89388,11189
62744,4528
64143,24271
46202,19915
99955,18854
96487,11666
34786,25852
65227,3582
29295,4501
24604,27524
52087,29506
59142,12986
90741,10782
79056,25414
49776,12229
40593,12055
31811,18721
56277,8703
20787,23864
83685,9253
25072,19874
93954,22659
21230,5845
45538,1526
75247,16668
84061,29586
46471,19514
68243,12824
15850,27383
20222,10566
11192,20430
25347,14365
19805,18489
26838,4151
16422,27735
33903,23407
80313,3355
24633,25031
80777,20465
66559,12600
38340,17023
21351,7098
65854,8698
91351,7576
30551,28195
85478,5842
27391,23888
16813,10422
84149,11029
13909,29168
30808,9982
59775,14022
39635,129
19774,12631
61536,27098
53449,28432
24603,4156
44875,5225
13414,2226
90921,7754
46113,17263
14062,26301
73621,19159
12821,28210
59741,1995
44096,8500
42976,19622
86323,11788
97372,12870
56978,9926
50336,3021
27448,28325
67117,25889
28390,28167
56862,10778
68493,27438
33243,20172
77010,17879
83801,24254
54819,21567
44955,26874
52713,18152
32698,1381
74484,9447
58586,5035
11631,2134
14934,23839
62433,13612
48356,653
95225,9929
38736,336
24763,21475
45373,1407
97825,26114
52330,27329
51368,26184
75285,13892
93969,12233
32417,22994
63598,27085
19644,24874
94089,25625
76536,13660
81207,29632
69448,19860
60938,2012
28149,14523
70376,13463
33433,29467
91412,11639
16844,17328
39339,27449
69351,14252
66866,3358
40818,9362
75650,21327
58884,17420
52565,24755
59429,16972
90773,6006
16449,22722
18772,7176
89976,21343
56596,22807
75438,2858
42266,4246
55939,26346
57846,1264
40271,20646
97056,9977
13624,1666
65018,16099
59569,24787
84587,8659
34815,28999
66754,3650
18586,26299
70412,10937
15742,16522
25560,8705
80507,12892
10153,17184
57876,5087
37324,10114
71898,12709
28802,29290
65496,2064
36378,20365
45139,14309
34198,23425
31370,16657
36445,18975
21148,5635
17328,21474
85113,20855
61750,2594
16262,29282
20314,741
43326,7892
66320,28621
93867,20532
49715,15256
62220,7965
25507,12359
81560,26911
32415,28325
66988,19733
15864,11004
63989,14874
81958,19340
29177,18650
90625,18739
60539,27641
85454,10105
49786,14145
83426,13065
94810,5994
27550,14807
57544,21769
28578,24951
84152,22150
85498,9721
31272,128
57052,8198
53320,21730
97803,28952
88555,13806
99480,18781
17134,24878
27261,26885
56375,26239
41913,21846
10143,14008
24857,23267
85280,6432
73990,5094
16876,2503
65473,16829
96847,10924
82958,28054
99778,21572
95296,15251
51418,28238
50920,4143
88723,19998
81395,9294
54309,11656
84267,6872
60416,11806
67962,3913
68115,5328
99914,18443
51391,28928
34625,13464
98823,23166
61084,27799
90029,28514
58643,17109
32401,8556
94237,25471
26602,13728
42070,3487
57813,18860
61527,18311
94431,28066
17699,28053
35672,27789
59927,24155
61610,1695
60775,14047
81312,27247
88695,6918
98701,21299
75806,2272
17324,13260
64088,26279
77721,27565
37701,23623
10974,1597
79999,23027
32680,25615
43089,17305
28819,3070
21833,13880
68907,3635
66825,14643
89850,3730
89893,21634
45254,20178
86129,29291
75069,14554
88459,13646
67488,15690
24351,21124
38737,15142
34171,19941
57421,13569
14892,14713
47615,21498
78532,19585
70296,18348
21802,22393
73217,26946
93555,27327
26426,12805
84144,10149
93458,24816
31354,10167
31864,20767
92434,3188
86458,24036
11240,19622
19975,3633
40571,9801
27463,29511
91850,16141
51335,27812
57470,7411
81461,14359
27590,11768
58259,4669
91193,17929
74841,10173
27678,8135
38497,12290
76388,7191
27073,24320
70141,12724
31605,25007
29433,14335
29216,12825
84737,21529
77417,26381
62548,22723
32057,15470
12357,24120
91339,18379
68234,13535
84306,18138
98913,9884
30335,20751
98361,4784
58028,15315
54614,24257
12907,29321
99695,25760
76545,9620
12582,23921
63093,19325
90361,22281
22323,25455
78986,12285
30224,20433
16910,22943
60494,15737
95385,25749
72487,782
57259,23088
34159,1208
27001,24659
11365,29661
15293,22848
42339,27938
91626,29624
78252,29612
22544,6391
35211,12504
69375,29726
64303,28005
73685,17719
68643,6250
79386,14560
85923,26212
84212,12412
11142,14202
43591,6780
25081,22433
44679,3868
22973,19335
22796,10611
75164,8837
47119,20427
80779,12536
71155,12471
46916,3377
93006,7625
93254,22050
58551,16223
20142,6175
45667,8850
22276,24571
58105,22069
83457,23664
40540,1173
22708,23713
10723,29979
32114,13714
84111,24756
29927,11053
74558,13166
55545,13347
96572,19337
67475,17628
96796,23821
14423,2252
28491,3667
40287,7256
15427,21843
79843,10909
34813,25583
71684,3579
18260,960
76742,3155
24130,3822
33556,14405
85480,24843
37853,6443
14427,2425
68077,10708
28298,18683
75233,13067
24901,22377
86754,15784
81391,10251
14220,10794
19378,16436
64597,2351
38445,7496
33622,8272
58590,854
62456,27720
44346,3100
98575,14855
18558,27446
78733,20635
16095,23641
75719,4302
44804,24718
95439,8192
34305,518
69420,26262
66655,26290
89388,145
67677,7919
99570,24164
31030,14188
86306,16101
16602,27132
33851,22757
87761,11708
84962,16025
80128,27723
47134,25075
33008,933
32741,23581
72073,12689
85199,8522
28421,27147
17210,26805
30043,7268
89712,18393
27658,10714
46645,26876
18141,17726
79194,29413
71047,11791
30043,25573
51702,15613
95882,7378
83088,2389
24156,16808
11649,9601
19468,19167
20759,3541
57669,6262
49407,22400
19239,18145
90686,6175
28300,10951
48209,12308
92906,27698
86729,5783
74296,29634
51907,16304
33555,29794
91817,11923
21579,27888
73067,26352
56791,4183
46262,8931
48702,24939
45443,21332
47854,7407
60630,5432
47630,13457
96579,29165
14007,21936
46057,21054
97567,1454
14686,22987
15877,9709
30153,1254
10850,429
93707,542
56183,26906
20713,9401
66084,9901
55359,22043
97129,21173
31314,26445
62423,12282
53394,776
10392,16018
54466,25898
50351,26826
40909,25482
91364,18707
40055,17230
71416,10695
27164,8034
60348,23173
61405,3719
65213,6548
66023,14832
45384,6923
18180,280
86488,25000
25786,28422
99042,5091
86307,19200
89172,1708
80688,23485
25855,29409
52527,20234
26372,1656
59971,9450
38259,10857
66745,15458
59964,867
41615,22316
24305,2297
40499,2384
35355,19100
41148,5390
61442,11770
78585,18401
20535,18889
43990,10635
12234,16340
38738,13596
95171,9291
17460,20862
88594,13739
26956,13023
51919,21877
15505,27051
82480,1242
19252,29734
60116,21023
12093,15547
80997,25303
57449,11486
18773,13008
58160,13225
78162,26937
48242,24423
67048,18492
69246,8315
33836,7539
54430,4610
11283,20235
29701,21171
95789,10560
85932,19685
64723,20843
85742,17775
27326,9776
42004,16677
50690,22682
28522,26432
96183,1112
20442,10455
43471,24750
56397,15309
36895,6866
50394,23485
82516,27571
42960,11245
87162,18613
90211,13288
27138,6258
39306,433
46078,25068
60696,6825
60704,23546
31732,1417
16151,15108
76664,10132
10808,13867
34152,10341
83593,13478
92318,23381
56041,10811
89127,26864
78537,22377
56567,23696
58765,11418
86311,22156
11354,29373
98898,10908
50644,21002
82869,20113
29977,5287
79818,1660
45880,3198
87992,5756
96758,8334
41279,22281
62287,17508
77223,16211
41985,4132
40710,22707
34133,4158
61036,24240
29421,24642
44053,17768
96984,25840
75242,14311
75499,8986
80865,26204
99110,10458
99706,24382
90714,23221
75535,18548
99077,28931
26805,5033
49038,2210
85943,25328
72359,19462
29811,19585
75286,26410
22640,19436
27139,7227
55177,1174
59520,9912
83635,26531
41180,11282
88564,9453
58802,19210
59760,19869
21650,28808
67710,21841
80199,24097
17970,14327
66252,10909
55151,1392
40595,20988
37965,2519
65039,18531
16417,29797
73334,5545
55223,25328
78453,7821
84195,942
63954,18231
27718,16144
55185,27813
50672,29043
41562,25591
93466,21517
15802,9562
29642,12100
44578,4970
33664,9750
31985,21290
21612,3174
37447,27690
70507,27461
36569,6638
81028,18679
70743,2427
53604,10246
79116,8747
41543,25666
63882,4611
54135,27257
60003,16583
83267,4450
96834,6502
36365,3932
79358,22630
69613,23191
16268,6040
19739,7101
72191,28051
10878,22917
77746,2990
66569,19589
10541,19145
44268,10958
30093,8599
58091,27382
77594,6452
62629,13445
86571,14018
22823,4044
14579,1247
60575,12378
60445,6357
57581,7538
48941,18251
58481,9224
86795,14984
22018,20834
45698,15904
94222,13855
20910,13292
40896,21483
62319,13107
45566,16331
70682,25502
72613,21835
85291,19307
87557,25835
81927,5806
84786,20342
28725,16403
78184,247
51736,29085
42618,17296
25397,7108
18155,23246
27372,25296
88006,17990
55813,21598
71889,2862
94322,20033
49354,1685
60505,23587
80146,23801
64879,3308
30131,20142
16065,11300
28860,14776
10755,12676
58456,12732
38733,28662
72665,2411
67570,12305
60823,23209
96039,18429
99252,28790
46610,5961
11630,5342
57300,8838
15910,26814
93992,23313
90966,3847
12698,16173
27098,7230
38390,27628
45919,13593
41470,10719
56003,2350
42814,17406
11259,8367
52278,9428
27645,21386
76076,27249
60054,20682
72023,966
61063,7599
71372,22571
11254,21060
89479,2484
53039,23961
69110,27289
97148,17126
34294,17608
47869,8989
52643,13134
41532,26316
75631,12712
15878,9713
23595,21744
67429,1413
96998,20232
82743,8545
21982,11946
83091,10560
21449,18437
19227,1068
41487,9398
96204,19505
94381,22342
56345,20586
68351,10766
86523,3529
91163,6316
68150,1110
53109,20592
92160,4517
78566,10468
91965,25398
25399,28961
47298,17442
95820,14921
54921,28001
45115,26236
98902,10832
54278,29227
37399,12494
18626,5679
35628,11845
20981,844
81931,6676
43553,11450
29181,17205
27789,20818
96204,28302
52299,1576
27330,3031
21131,13419
95890,8045
49335,22546
96637,21846
53535,22927
43113,24421
51107,16037
12962,4358
31469,17955
12333,26507
57269,5991
65554,9923
58429,7567
43627,5567
95574,22413
53700,4494
66907,11650
46290,26660
72467,25594
17874,1319
37266,22984
50515,25363
68188,11656
18898,11553
21912,26727
14628,5537
79784,4524
92149,22279
48668,12263
30686,28181
45515,13634
39885,29286
10141,24060
42750,29728
43573,27276
58657,19340
22538,10917
92602,29374
55932,11226
91270,15789
37042,23490
23584,13898
10769,22761
72600,5850
13445,2242
42722,11046
34370,4634
50195,2293
93758,293
36172,16020
53807,28828
64545,14661
80464,14472
65471,1482
18297,787
70723,29535
57697,19069
59357,1138
42010,27335
63525,4996
33081,25806
18939,23884
57117,12436
28197,25002
71827,6135
48940,13114
30581,19558
48525,4039
41019,11450
84453,3274
37391,17690
94761,491
68874,19946
57437,9692
87176,20075
73634,21524
14309,14764
56954,25306
23642,16226
49277,6063
35568,804
15357,27649
80422,176
26919,2763
31385,18214
40548,6481
94823,3142
90624,11328
37529,19060
18634,4090
42502,24126
22199,320
44208,27242
96624,29475
41067,12766
17952,2597
79488,24209
61424,3897
19228,9769
48918,10573
57334,11854
49894,21218
42760,25874
52291,26082
66503,15583
91823,4496
94777,6138
89280,19769
66233,4817
91761,19141
76582,1074
97062,7553
83991,5972
93039,12605
64425,10782
36823,15210
96997,23237
50884,2811
32280,9716
33357,28298
65935,15000
69364,23113
74362,26113
80520,13959
94558,28003
43418,4145
35550,8335
21092,17836
66294,8589
70230,15364
99491,18595
13134,14165
23484,15740
60793,19934
15253,28839
77393,26341
66702,28936
86778,19522
95833,23996
47233,14570
78313,6622
40264,8823
90024,1757
29352,11214
42686,6854
70530,12422
89917,2440
34136,1714
93294,13063
19004,16543
75927,8508
33341,24624
95906,22847
75267,23887
72722,28908
44185,20774
52526,24820
90993,27673
64408,29482
81180,2857
86619,5085
54209,3586
50952,7758
68862,25532
96388,18848
58691,3752
53453,24478
76905,21193
40324,19303
36569,29542
28727,13399
43883,6824
68021,4224
21969,9160
84003,18691
23560,26301
43740,13721
48819,26145
10200,14240
56764,13517
27484,24733
50035,16721
23593,29344
72936,28687
74439,24001
46416,2583
43184,21999
85095,13793
77453,12236
89130,14271
22865,17090
72278,2124
69348,18885
52788,4440
97097,14607
69265,18547
34384,7038
32619,19513
49216,12567
48929,29067
84354,4279
94552,4521
11086,19954
21770,20072
14103,16466
11913,1220
94058,22200
29304,29874
81455,18083
64074,29319
49550,26836
80033,7102
91048,18207
70677,10856
89809,10811
87791,16087
64856,12265
11872,11209
43365,7100
63821,14739
90377,3569
19653,28174
19941,7721
60408,18053
48679,9453
92532,19743
50620,7164
13293,29841
84135,24033
37904,8078
62737,24505
26203,23266
93251,8105
74393,26900
37706,26744
93968,15210
78612,5998
41845,25028
72322,24812
26025,11118
67758,21695
58318,20526
89312,6364
10632,20813
95326,11890
53649,26873
19104,23628
50817,8801
28964,20593
44788,28879
45748,16782
66399,15281
16353,11641
58140,3419
10800,2393
95147,27306
28679,27876
31105,8064
46401,15201
95655,14212
48260,12793
81856,2778
42983,12551
43231,4278
20601,749
48955,13509
48837,17240
96293,22149
48238,19190
34885,3310
78676,9625
90155,25222
20028,15564
49466,2902
78106,7347
34214,1224
60228,21786
49095,28803
99014,27205
86364,11685
93640,13872
68286,23772
98351,12431
60104,2631
96470,16129
51424,585
77492,11128
55777,14165
55672,14601
86854,14976
12939,2618
25475,12776
68239,440
75546,17845
96371,15293
84800,9203
32084,246
48153,8633
43819,25321
20230,4915
93934,7862
13627,16736
80001,28325
26341,29394
78185,27625
14805,17091
95065,22126
65729,1815
63779,28045
30285,10875
12077,7485
72259,19696
99949,16745
90673,27134
52029,8870
31993,4660
59874,3840
99705,25024
78845,1043
40359,21252
70132,1346
41337,17620
12034,5318
59695,17023
42889,15422
32694,21149
47474,9228
76200,20019
72012,28450
98389,9682
43397,24358
77385,25283
21395,17635
64689,3968
18745,20854
38992,12151
24911,29788
86851,423
13088,3281
64667,20643
31602,28791
18656,26169
89945,3611
98871,4227
14605,24156
13791,21268
90807,12856
29748,16230
55855,12851
17591,3711
43441,19717
37068,19465
98142,3204
98320,24188
77799,28537
46234,10668
75708,9730
31047,27373
57387,7484
70162,19501
74856,13782
24175,15922
88523,11715
89473,24841
36387,11646
78835,6547
49993,13853
89625,29399
16221,12632
55592,4093
82742,14018
52465,29111
68689,5023
87316,26667
57707,9574
18606,7246
44577,7081
37624,18708
51719,2540
45729,14001
19528,18075
11120,15403
43274,12482
52796,18860
51043,21824
51170,16337
42420,3546
45615,14453
39964,11665
16879,1317
74822,1885
29207,20990
44519,8809
58422,2929
27419,454
19540,29181
71607,7690
87942,3143
56545,4912
94239,25455
40062,16714
22023,4455
66548,22326
31669,5455
78715,1042
76005,18724
83020,24327
37140,4669
67500,19418
39396,13855
24049,25539
48881,7031
69076,12930
21246,16053
50411,27926
39832,10869
79531,7045
20864,425
52606,2100
51634,23565
31285,20888
70447,1577
11348,16926
25819,12530
17867,13476
42057,9521
28702,4092
82058,18737
86438,7162
65360,5029
12642,18931
78134,13477
46167,20855
14701,3368
61901,21726
27273,8221
37626,2380
18633,20085
75204,17379
12614,18928
67394,21540
32334,19493
45187,686
35108,8111
98204,20220
84355,2631
84934,10508
37700,15061
56813,9576
53301,415
75935,11207
47948,22588
42802,28217
81200,29842
24746,14714
35113,4446
86382,18164
50491,21671
46030,21140
55411,11763
73697,5646
43899,1233
64664,22574
31211,5906
50418,8872
91418,870
26579,10800
53124,13133
22556,4376
63154,24024
97840,7651
44224,12568
34891,25007
90894,18771
83936,4727
34909,28614
78723,17288
87917,6306
79347,13840
97077,4743
96768,4894
87728,6609
74492,306
64441,25026
74723,6220
66348,22564
56849,16685
65927,18154
97851,3777
56180,24135
96201,11409
15703,6843
76711,22609
58129,925
91538,4287
78185,10325
95466,3663
10361,18244
18385,4697
16160,25834
45999,18195
56502,28161
97553,28826
50039,7112
70953,10057
12145,12038
82748,24632
43349,9655
75463,19062
69007,5625
99130,6731
28943,7267
64199,9321
57589,5901
39714,16988
34151,18459
53346,28841
17305,29355
41826,23778
79043,1851
89264,23598
52705,4763
68667,7887
37980,285
21642,19578
15456,17366
35271,27249
40343,6668
99048,22915
52004,1230
59177,27719
95837,6922
25552,2642
82845,19563
14983,4824
61206,3159
60895,25710
75714,9083
60380,13945
87166,591
34927,4668
63899,21984
69220,29845
74340,19452
16124,10752
62891,8378
71895,8742
70149,21043
15554,11349
56989,25890
25347,28961
18525,9213
70546,20801
92213,2264
11552,2980
16661,17058
22521,670
87963,22483
95471,9315
56061,17189
68231,12127
64708,12302
85324,17443
44532,14460
81810,6193
90803,9278
46654,20771
75967,12846
51765,9652
97080,27775
17136,3268
45385,24154
57017,15316
57183,1176
64978,25191
83052,19763
54850,12739
80589,23417
84827,3426
61928,1232
85273,3379
56585,20861
74364,29218
41711,13928
59857,6019
11658,7009
75980,2944
37334,1337
22746,17397
27226,14917
97719,22784
27842,10550
45329,29748
97110,17421
35439,23609
92743,22904
27655,8880
38313,9874
61671,9258
20024,3142
21041,15517
98192,10950
12484,28382
83956,9554
79664,9257
22791,12970
94163,3531
69952,23837
34229,12645
40025,10872
28563,19251
82238,12930
10343,28788
24178,12112
34329,10551
95962,4064
73268,19641
16538,16511
13928,12729
45298,29096
85632,12685
47899,2142
15907,29279
52063,17384
39809,502
18369,4270
91326,8060
57582,20979
34618,437
54679,13787
52899,15463
98949,25238
43190,27927
55211,21287
27596,20610
27004,12532
37546,3626
69496,20260
22090,29365
96266,22725
89971,1369
66842,21157
44913,21391
41528,15401
89965,28073
20181,4315
14028,22993
49074,8624
59992,6658
77550,27516
26504,7165
61753,18565
30759,7450
43375,18245
85235,920
94121,18428
41816,2254
85011,1121
71899,16736
44098,14681
83529,25149
74255,16778
11590,13103
29260,13998
49577,4274
25509,18219
24760,20238
10950,8022
32669,15277
68897,12359
87820,13488
42519,26779
20273,21417
80620,11261
58884,13263
67614,24055
93175,22015
88165,5273
45097,24238
53452,18774
36264,6596
35162,739
63851,22794
76670,13853
17336,15956
62445,17084
58603,7797
38744,7201
67409,8411
66900,7713
14319,22864
54643,20353
52766,21222
38399,20652
33532,17214
18005,28970
37034,28630
51727,12880
31361,22257
12535,13208
95626,11843
32881,7306
17251,23295
10483,11296
35502,17827
25021,2223
27358,11301
29728,27610
50821,4231
79548,11910
77226,9180
54455,9214
68776,3021
32045,25891
37757,15148
35068,28599
78667,10619
43516,1549
87474,7793
43198,15044
89356,9976
31183,25154
16170,4879
55195,10943
98148,7099
76393,27679
55991,4198
80383,4092
54468,6225
63673,25427
86045,3226
93182,11966
40981,5884
85706,4710
97088,18340
35425,8095
35950,20038
28324,12669
85425,19278
87654,271
19321,22574
45858,3313
61838,28442
54416,19676
29339,14866
20813,18177
43576,14505
70090,10152
93139,13961
67081,16981
24047,10747
51052,20671
77933,2316
77661,5364
74845,8613
52105,13310
44490,18695
96546,20122
34548,9893
32443,23399
88693,14751
43312,20707
31315,2416
33631,1649
47172,15989
44110,323
99307,18955
76778,12982
56922,29102
45730,15633
65212,5781
83672,26729
13164,23705
63285,20948
87386,7089
72025,5447
19040,27978
93982,11194
47923,13061
80081,29225
57538,15915
29468,5651
23813,11221
37981,18448
85360,22327
71029,23565
60547,29574
68250,12074
17919,5839
69892,218
46039,28024
14694,204
43281,3889
86748,6101
48547,23056
10778,12053
65195,16965
10115,25415
95135,22987
36766,27742
71969,754
47831,28435
40822,5536
89016,21777
63731,4556
97513,13148
15040,23542
30803,28092
50264,27258
15065,25047
38354,26233
62187,864
98863,18368
16040,18881
43021,24901
96019,16508
95933,22839
31113,21826
52326,12898
54737,15897
96544,26775
12346,15930
64689,28818
92693,17565
68196,27425
56475,19387
61608,2391
92521,10559
34078,3460
97262,14141
35838,22307
73613,21749
26986,25273
36363,19892
13446,8783
34871,4410
61909,8501
98908,24647
38457,2480
93049,19672
64796,15553
78804,7526
84442,3386
24172,6815
12274,13359
38066,8460
59540,18643
29300,21393
91237,14656
40942,19576
98691,3471
84686,2500
10469,21600
94417,15045
89676,18052
20818,16097
99381,3593
73340,5780
13761,1319
81032,21039
93989,22911
42547,13445
63946,20827
41347,25191
15246,19740
32814,14805
48366,4529
26720,1396
28751,729
32663,16737
55028,26846
78784,6366
38445,1304
68680,2482
26837,13653
20428,18531
37369,12999
81551,16457
79071,14530
32636,12901
63924,13810
62574,10836
91435,10506
13646,3573
59050,20122
57495,7733
70906,16329
92762,17600
95691,29639
36613,8119
93899,16169
96609,13425
82039,14538
72889,11945
64940,14489
34315,27517
77786,22786
61327,23279
44925,26848
10883,17307
15654,23078
14029,3567
72354,2737
16802,25623
15443,20875
63059,10188
94002,13382
48444,17309
65353,22806
58150,27624
58992,2711
98585,15952
36876,26246
67310,16887
15698,27630
28800,12948
77788,17074
67283,8407
80834,10636
24540,12801
25541,23152
88582,28331
51272,19684
50221,18823
72231,9127
53257,19080
76863,16619
63512,19545
70149,17999
43042,10353
95953,7263
37306,23464
89980,23448
50399,29641
88613,18796
63883,3866
93502,26639
62825,18461
64636,19616
39870,17593
36857,15210
82914,2937
87369,2261
79639,26734
56093,8686
60890,27138
21146,21644
48552,28220
28022,153
83757,1047
99041,16771
36798,1430
60711,10388
13626,26538
54360,10844
73883,28414
13624,21267
39337,21938
18864,8272
14266,21236
32804,9718
83467,13852
29005,19402
23071,21285
98269,12882
31817,1084
34706,20131
82619,1546
24331,15280
43243,5377
72932,13826
94715,2734
93758,24503
28936,18965
13920,25559
98922,10249
13902,9232
71325,8619
83439,27045
89612,27109
54712,12353
54759,6840
59138,4897
69301,14399
51930,1098
12815,11973
84040,26772
10207,2317
73847,23174
39657,3234
25375,17078
40765,26181
60517,1373
89940,25816
57402,9823
59272,9933
22401,13736
62003,4995
27895,4394
24966,24911
96396,10252
12912,17443
25281,11739
15012,3161
43391,20472
59474,22713
93180,27473
96759,27275
30631,20340
47713,8258
56498,11564
81657,25448
90744,11563
51343,29254
84583,1040
31352,14585
74778,12795
92471,18250
27855,15378
35526,5687
26329,1468
52848,14724
72287,3156
57028,25753
94969,20762
49359,9742
48866,3259
22549,25037
36305,15478
92655,7052
53311,1176
80314,19809
69730,21967
60171,23856
30332,19561
28297,6569
71747,19375
47854,8302
23230,22820
97989,12137
55709,22186
38469,7009
91717,17365
27407,28505
69810,4281
61012,23919
30867,29139
29842,26823
46903,8333
12206,5776
74735,28510
10716,4153
69874,374
84245,15159
12243,28440
25624,5202
81254,13997
33343,8078
38954,14626
54656,1976
41069,6021
23157,25952
91308,12115
39580,11571
77013,18115
43214,12817
93492,18997
65884,8159
20032,23304
41228,14772
68218,21949
36740,21376
13225,820
14728,29043
16442,23333
14885,28378
75960,13691
28491,23632
66840,5958
47606,28587
87228,4238
48278,28862
81662,24854
11152,23274
87285,5713
78688,2749
93046,1072
74193,7867
27073,7489
36965,26989
65764,8705
53076,28290
96610,14651
10466,24920
53464,18071
66643,9457
76079,10468
76306,21528
37180,23915
17880,26749
82257,29213
93772,27585
43788,28688
25067,6676
94835,16324
73540,17693
82179,16741
57747,14656
48824,9565
16252,7155
16064,20871
14369,26848
47641,16212
40156,5569
56440,4993
86528,8189
54722,22839
58837,25163
79750,22015
49566,3031
63512,7538
66416,11382
51539,9917
11988,11193
96030,28640
62029,5075
84677,13275
82368,24712
97102,4130
52303,18828
29356,26250
12606,20547
68868,29208
63276,18498
28463,13961
23407,25600
11615,11435
98338,13277
10794,18575
86062,27296
16209,19174
72729,15317
66034,9523
99034,1987
41996,3232
14035,15858
23458,24334
12669,1129
88863,27580
76302,1916
54860,4110
28341,28957
17927,7200
19160,18130
38235,26029
99959,25648
11311,655
68040,6259
31071,16923
44004,17108
40648,11915
37004,17854
70189,11292
71782,27597
42598,21880
12011,28834
39484,26198
76290,7464
43402,10211
66353,15752
24114,211
79398,10604
71178,24174
83875,18735
15302,17731
97356,23211
99704,18393
33411,23162
32302,17284
28791,24085
96159,6072
66212,16463
35778,11183
66440,1516
40393,19629
48708,12368
17328,28838
15972,21408
89259,7814
53345,916
85852,20499
91186,19497
29687,16566
54841,1390
47113,23841
71622,5849
23030,10245
73776,9005
40688,9389
71664,1086
79775,17688
17039,15207
22639,24030
43410,8244
64468,1338
75225,26176
81883,21096
94807,25268
24809,12667
50004,14800
43093,12898
28559,6226
22070,28089
12125,1735
18414,18579
16556,3780
42784,18567
38612,5992
78020,13362
39685,18060
29480,19493
69911,15191
77540,22537
82857,1784
62809,18415
61033,5450
91112,23037
81839,20742
35568,23417
91095,2375
73615,4566
39779,29668
35121,9393
39783,6621
78143,18785
45761,7691
41879,15037
68197,4630
46530,4977
80222,14634
67522,16191
55600,15132
14061,2057
83567,18276
52763,1268
69862,24858
49338,28283
73946,904
41616,21991
71650,19871
68541,11379
98650,9556
80756,24308
77843,17923
63437,19903
48463,21986
35157,16155
67717,2822
15401,13126
19800,4363
64072,12019
99962,4711
57175,5622
97239,9744
30826,13155
88355,8188
67064,21166
71247,16524
36891,5530
35513,26612
38128,7080
23320,10450
80917,27475
55103,23666
66866,12958
35124,19147
12170,24622
23275,27218
87704,11168
29282,17387
61440,1342
21934,18201
28193,20804
50978,14536
39814,11298
25747,7782
28402,21889
44255,22093
65470,19474
40306,828
46979,5775
76078,17118
80580,21032
82575,24001
73029,1271
54404,9446
47736,26110
51742,21164
47298,10834
80582,12622
84456,10081
12463,8268
51694,28567
90444,20429
57507,123
93180,2013
71107,3376
71803,26969
14909,5745
59871,9227
14911,21305
15234,23133
12521,5758
23821,6300
40771,29162
46213,18910
15673,22497
50642,21848
86815,9274
93865,20587
99761,22120
76550,21420
38662,22565
45957,15724
74921,17713
68766,23734
17688,6075
96252,1411
57691,20309
74492,560
47423,22604
25363,22658
64813,11912
81969,21344
24421,14909
91280,10135
19799,1303
72654,10162
27000,13353
51618,26497
87951,4056
68229,16073
28645,5936
88090,17673
17064,23689
77187,26113
75210,5889
42036,24115
84106,24907
84459,13582
71894,19906
99844,2147
40745,13733
86525,25384
83353,11732
32469,15514
39942,28256
54253,24136
42633,26287
64751,26677
53804,20782
69291,20574
24031,25886
55081,16561
77361,29265
31430,1604
49739,13722
22012,27611
99281,12419
87328,16879
28461,4534
53536,3664
75064,18726
12774,3938
38664,23255
71208,25772
44438,7805
15597,18229
33672,5012
88324,24793
40018,19624
19414,13736
91355,18299
45695,13411
52916,4736
12248,10884
26822,22837
39278,27877
29402,4046
18135,6931
82085,16659
95646,29588
28161,22729
74267,23109
39474,9933
49590,13074
60368,1096
81786,12636
85863,7166
24572,19557
55509,13521
37731,8074
76024,2927
83474,5124
42179,17881
16590,15232
27690,14435
96682,12033
21133,9724
87502,24207
86917,18608
91266,15486
45316,27028
56552,24546
99042,9816
51349,16668
48907,25972
49575,7888
46477,14039
29576,19116
33697,12131
23426,17507
23723,1414
46625,778
21648,19085
11628,17325
57700,212
72763,26963
61148,11135
20999,11312
71725,16424
24842,9641
87735,846
83259,10013
85419,24039
13565,13864
21710,15769
89021,22596
73265,20850
88853,17514
54368,19164
23239,28437
14497,4050
93750,26577
39529,23736
78885,29084
32335,22781
43921,2062
76400,22785
25696,12433
83899,16373
52006,22325
98229,12311
49104,4079
51026,28715
59496,10528
97640,15624
94467,1361
18828,28006
35231,18851
57045,9841
28877,23559
89884,5654
35160,19782
49120,16557
36797,8847
27141,10023
88139,21381
10127,16720
56001,26808
23058,4812
14494,9468
18210,14750
22670,14407
31975,6699
34627,23306
87999,17241
13553,9640
76063,10652
31292,7713
74687,1012
58674,22133
91267,15806
55203,25102
57648,26405
14957,6495
22798,6874
17618,21346
20689,8175
11871,25809
87625,5974
85746,1807
18201,17483
67467,9546
65811,21169
68438,10549
53450,24028
64157,24818
43954,8143
81989,12418
20847,29355
40016,7990
36478,13776
73692,996
22043,6377
50893,6185
90311,6409
75100,4807
31810,13096
24360,16048
84885,13146
34546,26375
25703,24674
33190,23892
12932,15137
41904,24613
61592,8499
41600,16528
60793,26970
13516,28953
11633,10310
56851,17995
41287,696
83868,22920
31013,13502
27861,12788
93427,5388
12583,13304
25543,8472
83823,13497
99736,17533
80768,22674
44433,2754
39646,16218
26700,25827
44231,15468
25548,11257
43752,10088
33058,10221
78411,28264
18245,21280
44127,13821
51738,1905
41713,17754
53896,9020
88905,15844
56457,11625
11120,20963
90562,6777
74778,11990
57725,10415
39518,9357
56438,3457
85758,29048
97213,2378
67377,16065
15928,14614
93488,18805
95789,18875
53399,15928
61918,10809
81174,9000
15116,19801
70488,7141
23509,22499
56448,3786
90112,23629
25231,12360
57596,12875
15659,17832
90766,17436
99134,18666
31756,14412
72653,14600
90911,14516
69235,11071
93413,5672
86618,625
22271,2688
90105,23267
91610,16945
96394,20672
58639,15263
19737,26315
51432,19861
43720,29680
22200,24545
28906,24376
93117,9900
63763,19845
92116,22101
47176,8934
24158,5916
73188,11765
92082,21131
40061,3094
57536,24392
50468,29379
77275,16469
60965,14595
58935,13207
44430,25934
71455,12674
44944,9814
43385,3675
29094,22999
35582,27313
14478,13687
19273,15841
37670,3387
78244,16069
65687,12032
57035,21147
85782,28257
34182,12027
92113,13881
96603,26580
96263,7574
46577,4520
90866,27286
48551,7902
16981,17492
42909,5796
39288,5805
98551,12582
33585,11119
44149,19785
34332,5798
63387,29734
95436,13772
39342,23147
42344,28951
18814,14177
99145,28304
84180,17127
36165,3038
58477,27799
76918,26282
78922,19867
16637,25167
53188,2079
49019,20176
66063,18184
98642,998
98453,2902
56184,3218
89328,28671
37951,18265
10473,5549
99570,6549
69072,19895
51863,18757
67806,9140
50306,27417
30896,18935
18949,4430
29096,26705
99028,3739
91674,1238
78841,22975
33734,4225
48347,27280
76468,25723
94454,8569
90030,25706
51420,18066
27090,15617
42124,10425
44146,6759
31088,20876
25094,19001
74712,16864
89210,17633
81323,17747
22529,9069
77728,11104
36788,25790
34144,22418
96619,6029
28659,26437
74793,10910
55665,22474
80575,11694
61912,13297
13677,16434
75014,29157
54803,8949
72324,15050
79680,17438
96315,5722
84086,4482
91601,2674
70057,22654
54587,13392
50677,157
90638,22279
43594,29945
45358,21360
36824,12413
35281,8401
45795,28794
70890,25762
36617,7687
43981,18280
95798,29776
54044,19806
12845,12073
18460,9157
44558,2431
93321,3724
56755,22867
62830,3134
60764,4542
90677,15732
75756,29282
27124,13345
90801,22083
71134,948
69223,8387
32728,3270
14718,4435
64210,8071
74593,9768
99084,14397
36864,28777
31912,6333
79953,17802
90509,26503
57546,8736
90502,25993
17264,1479
76071,17723
81031,3365
39835,8534
30312,9595
74289,13863
76323,8028
45417,15467
71321,12822
29361,22788
34241,9147
78420,5020
32279,19254
50337,10968
40823,11179
91645,14469
91398,20118
59084,7090
10897,6156
46311,23804
94628,6346
66180,26769
28132,12701
85654,19512
53618,21460
65646,916
50946,9949
99144,12900
33510,11737
85218,15062
87381,15417
94596,6573
37017,17533
98709,26718
44489,1608
60400,15098
52223,18095
20384,8231
67624,14657
96172,16242
76299,25622
71123,2192
21268,1795
83206,5494
32096,10918
87093,15218
43061,820
24524,20670
45636,23496
19155,20041
69770,6871
23723,1322
17440,20386
10556,4024
49049,24800
79622,15514
51958,3211
35390,14493
31901,25534
26805,11889
16160,20343
58447,24452
41286,25933
34803,13537
50471,26256
67602,29905
77832,24913
77288,349
75715,1668
41305,6235
84039,8041
69838,28795
30880,25449
88348,638
70979,13478
75500,28452
31128,25155
86881,2638
33350,3518
43643,7954
61946,26707
10665,28987
19502,9090
19927,19574
12188,22792
32137,22625
38299,16473
41278,27674
40746,29432
80281,23102
80895,17154
71650,4662
32099,9159
41030,22986
55235,10313
50285,7034
33257,729
76015,24044
10503,27300
87916,28202
97052,16685
20420,10010
44808,9093
90741,14686
74266,18971
95230,21737
38242,5287
16150,9981
99032,2680
42087,22627
66286,5885
53475,28450
40567,18891
29285,10861
16813,24434
40885,6163
94371,20066
51982,13455
27262,17753
24631,4325
30624,10131
94975,10661
90656,4641
85614,15854
97013,611
84591,8476
66284,11196
79664,18258
18339,12562
85630,21951
93938,21577
29955,5223
83032,20872
51327,19097
13684,7212
17985,14785
54527,14097
79648,13496
27323,27057
97741,18080
79468,17915
19138,23008
68510,19971
21316,21237
27392,19239
14529,27934
78122,6211
28180,3236
17322,3971
22252,17938
58806,13546
60195,27728
73293,8729
12841,109
40750,6001
18267,6347
99576,11050
86193,21553
28906,21564
15826,27994
82701,14770
45110,885
68985,19100
52290,21387
87982,9471
21196,28077
30578,1866
43279,1334
40255,15434
93230,28935
69209,12192
66679,16194
58628,8587
53162,6633
31838,20314
67096,29280
86648,5231
93362,5143
89239,8037
76450,14079
27164,16699
13079,23802
51299,11854
21685,1772
11718,16650
42748,14328
26507,21194
57216,1907
65712,25138
55030,26175
50776,26304
84257,24934
82711,8160
13611,1078
26788,24475
50596,19370
55035,7738
21341,23134
23267,22371
50348,12382
74298,20579
63824,27044
98540,5325
42134,7268
11490,3632
96036,15839
46982,29904
56391,9124
34086,2710
26894,15509
97842,14750
16016,28178
10676,12682
40761,16519
60478,6046
51966,14539
39062,3320
28989,2176
84717,28652
23161,10199
40116,24193
51925,9861
93343,17382
58726,14666
76704,29128
39236,24837
38001,11486
38935,916
86388,14335
64725,22222
59647,11102
73748,173
68227,584
27588,12060
44542,13574
14091,16958
81320,15857
84816,14424
25067,20413
34065,6674
19075,28612
76627,12684
66337,27371
22410,26680
35782,26477
30250,21231
42387,16212
46146,27604
80241,13608
82814,4827
68763,533
24476,16065
91864,1947
61902,18219
63969,8570
23069,23916
60221,13727
31078,22031
16048,8034
14388,10842
55718,22503
42607,13681
25557,10249
30477,13961
78643,24533
26548,9257
80273,18839
94320,20952
60891,4059
53105,12813
34240,26243
69427,27326
49532,22409
89230,16153
96564,10348
51153,24009
46484,953
45027,9928
94737,16959
27480,17711
59822,10723
41223,17883
98576,2420
58726,7392
49154,1551
36904,13365
94693,29598
90145,23040
32519,11040
85376,3836
58828,525
43960,5332
34840,13761
34523,1875
69436,22319
68362,20385
37847,12718
34609,360
98471,4614
69969,9993
22893,15359
24617,5739
48602,28593
63791,21581
62134,5886
19555,15920
77862,29129
19034,25767
60347,3576
23130,1631
58653,15865
72247,21811
29499,16875
94809,13483
49785,19201
98200,1398
95537,17595
71614,28374
26240,9549
36119,28630
76380,14764
24933,2603
90800,11575
73403,8144
26951,9063
12812,2674
88814,17828
90953,26876
35913,21112
12444,21515
68857,3982
27874,11635
93613,19289
30222,4417
54534,8241
38619,8552
31506,14262
60464,24603
42006,23678
50593,19016
86880,8584
59079,21583
30864,11220
13214,20715
51021,5336
10894,22102
18983,25704
66320,15669
89342,24379
85671,28768
48685,17543
68717,27715
25612,16175
96550,12144
21464,9996
51486,26724
22369,16173
28578,26262
77396,29334
77373,15383
67004,17899
68563,29812
91408,26260
95382,19010
98119,1954
75409,17795
99133,5574
49470,1448
96566,26027
65681,4470
95630,6336
39429,25920
47834,23274
75912,22942
82292,615
99868,29286
94767,485
89094,9133
14214,672
52039,8546
23905,20338
26490,8049
41924,15416
92555,15257
14453,11416
94586,26287
40364,11669
58915,29596
40540,13131
58510,19598
18293,9452
71944,6956
22878,7274
18175,4453
13395,7231
41834,8038
33112,204
50069,2388
69629,1858
46212,24828
34268,5903
13749,17097
50504,9320
57627,19643
89680,26567
36956,27357
69710,7175
78217,11945
75501,2544
75219,4041
33408,19644
52870,4048
86384,21563
99984,5288
78710,19713
78906,17068
22041,29201
18386,24000
61778,425
15419,21617
62813,5564
69734,7076
59326,22014
12741,7340
15525,27150
93955,26357
74258,19126
19966,23160
95857,12728
81983,21644
59192,12131
39000,833
50030,18323
15960,7203
21112,17171
66687,16342
63611,17938
95711,16804
60072,18117
25734,29651
67092,2034
31774,15534
80683,23069
58091,4275
51150,12674
44423,27354
91767,17850
13234,1891
29276,6328
55612,14799
71238,16815
49145,17482
99908,27816
79559,4855
96949,5113
83060,22096
39925,20832
12533,2305
69487,14717
84871,27195
94357,15340
17159,11955
95690,10165
42318,2064
65023,11339
77067,24622
68558,24414
84018,22276
82929,24268
88048,22426
87270,10316
61578,11956
19642,24243
58718,26949
98102,23250
86856,1231
60401,14261
67872,26841
93733,27249
13225,22680
71739,13639
96476,9143
47423,3774
14037,27052
19507,29739
67814,9462
78686,5996
24555,6746
18324,2699
47877,4249
60111,18969
35769,492
32496,24241
67607,17327
82987,24565
17097,4583
76777,21589
70466,27995
73292,3226
22520,14975
13367,1029
26686,8225
65919,25730
33010,23297
15710,24602
84705,15744
93156,12428
23166,6485
84803,8775
31800,11716
85346,10342
66896,29760
17006,11595
33712,26662
24104,25160
50981,4740
99303,12560
81571,4627
54878,12847
81288,13439
64982,4255
57147,27014
93482,4611
47710,11951
34478,21483
43374,21783
63246,11341
50969,2186
43099,14288
88007,1286
79936,29229
79905,20675
30774,8470
55095,8095
52610,14356
76039,15837
62224,15261
50614,22983
99075,8786
71756,27775
28710,1417
71511,1061
31748,24951
49140,4477
55354,19160
17724,18355
58295,9577
80689,27400
36156,22810
16129,29518
88118,5377
77259,12506
20500,15173
69772,22101
99358,29010
78733,4746
46392,4448
29912,27916
31501,27959
98932,28770
71662,8649
20544,8716
22239,9108
16502,12022
52831,14770
99902,12196
89737,26128
22350,6382
77367,21194
86652,27770
35164,8956
82006,10068
29801,20312
32395,19646
97247,1536
79753,12548
83807,18924
12621,11189
47149,14618
41753,11258
73995,23726
83421,9807
18053,14333
28376,2144
62840,22143
28960,28573
33546,23919
31873,15607
62540,10137
69304,10774
46500,19844
28723,21030
68684,25832
29405,3797
44859,6584
54887,6780
63461,4048
37517,26845
78927,18890
39054,3920
95967,25258
43328,10184
81393,29030
28038,20290
90437,19442
47917,13033
38209,21907
35974,10215
16832,10264
41771,7524
53141,14062
80793,24917
32829,12721
44626,1124
32648,23423
48202,4670
90453,28751
72615,7923
26667,14037
99316,14321
76412,12123
39667,15191
73667,14569
18235,27890
24559,6893
88552,23196
23054,13299
20414,12287
27126,8813
33694,20442
70925,1740
12645,27440
62771,26812
21958,9535
99927,21483
70619,11614
30327,140
64938,20355
11585,23882
72551,22976
79526,24246
41233,5408
18276,8950
87829,7982
97183,25668
65993,29380
16089,19359
98043,24614
79973,1153
69063,18335
13705,8511
43252,5257
20790,12632
11707,23389
54445,7550
64100,17295
55670,4438
21523,16284
21110,9737
87681,16068
64059,27610
22040,28088
83676,8725
13328,3689
14796,19363
36644,22976
49537,28195
76982,15920
92201,9336
59553,22064
40036,19892
93349,3096
91107,13057
81205,14392
68043,26509
80773,9123
10882,15777
73858,17752
81984,5646
91671,22788
30898,16387
48418,28926
19520,6680
43650,7934
10991,18709
56786,15651
75712,25050
21456,7145
31535,245
83097,1095
46647,6479
85102,25729
65052,29539
72062,4032
53547,18124
85802,12243
55099,1158
55937,16367
50615,19859
59331,15381
36677,8197
32850,6524
71029,11994
69082,13432
69917,5547
78610,11748
24019,2574
75553,19983
52865,12161
97561,27829
58231,27512
93647,15452
24639,17635
57232,21405
13352,25241
64465,10635
70776,19885
54695,17022
10633,27695
34121,28184
18077,11440
28930,28021
54363,4933
10592,20206
53110,14537
63549,1661
52821,21041
62106,24050
44182,1606
31602,14019
65815,27536
43410,26096
85781,5767
13517,3727
12807,25489
84718,14079
48802,18678
22093,26305
24649,7648
74106,26313
16191,14949
89160,12429
19829,2349
86447,29155
60623,14379
50892,24444
22478,26424
27899,18956
37111,8833
12182,16624
92219,20953
71265,21732
30827,25855
48823,19946
29672,17225
25082,9879
37332,11632
20202,1433
39498,7123
45687,11132
18111,6596
86344,481
90688,26389
85360,11454
32018,21909
57548,22069
94843,19381
62942,15216
31118,7665
95578,13657
17008,21937
87484,19354
28699,3449
30059,29917
88582,8477
66148,307
19053,15011
12060,7401
67872,501
87455,2264
96352,4965
14601,14713
54231,23011
42281,859
54004,27857
49586,28697
85807,12509
77158,16869
11868,22377
39632,24574
62159,10285
49022,16735
37213,24649
30495,25491
54247,13307
95306,4851
82749,8098
17319,13164
10265,10178
69556,14845
44815,26371
15824,10929
34287,5156
49492,15431
23118,22129
35361,26021
90021,22350
17837,19052
86786,5450
21334,24649
62818,2736
73540,9688
98303,20896
43409,19966
44680,23739
50021,14269
74229,21561
97894,4284
86442,9866
10333,1976
13181,17586
26231,24976
11176,10626
98923,7692
82722,21338
72613,5731
39653,4159
58016,2816
87339,2971
98810,18416
23126,6565
31560,8521
16191,15829
11415,21818
68374,18571
62173,10051
47067,19673
44743,4276
48760,24730
41518,18163
81292,26654
85232,4602
84092,20613
35297,23086
84603,5141
80584,774
46674,25833
80829,25147
35793,19994
69375,24548
49164,8782
46441,728
62733,3414
10767,22761
77396,1984
43269,24942
42444,19886
38319,25176
35907,26179
23009,15812
15505,9370
75325,1810
71690,23619
62744,12896
69319,1272
36141,11534
56225,16999
56256,2921
29128,1529
42834,16805
72810,19444
19283,25697
96580,4846
57157,24114
64815,23160
32923,27765
47518,23017
45244,14319
42888,21201
31370,16938
83496,28200
80605,22071
42512,1731
32068,18764
93878,1718
81673,12880
56404,14780
44770,2248
51092,17039
77079,17066
41669,10385
74821,1653
97076,15741
74832,1092
56474,1781
45065,28036
76940,19826
44808,12541
40756,27829
47240,9705
59537,5097
72445,22349
34264,28782
26004,19488
25191,17084
26497,19900
93540,5630
91913,9688
86379,11042
50692,6109
55324,29216
97127,2674
34796,1584
16141,18025
23104,4006
59614,2557
53427,19073
25764,3464
37981,1842
76295,4411
72585,16971
12285,25468
65495,3688
18464,22686
80713,10722
61743,16683
98221,14533
55786,4042
87000,7634
49894,26154
49245,27406
66089,21495
79550,17707
85629,23374
63801,20617
11292,27847
22206,7068
54488,25171
73121,28751
22314,1136
84109,10622
77043,27103
17598,14775
86804,11025
71140,28730
50133,13685
33789,21581
21830,11578
98644,5474
29119,14499
64171,20106
45162,15240
49319,3349
50242,4555
53213,25784
67350,21447
66105,17895
85264,21799
79802,19684
26813,3490
40884,17419
69228,26584
22095,16547
84526,4703
14319,16405
99678,25355
58937,6958
56081,4916
27618,16228
75728,19001
60526,22577
93655,28792
13686,28924
73615,8360
98926,12831
28963,23847
82195,27863
93620,8178
33095,16312
35927,12969
74744,1010
85868,5828
19171,25071
35868,10734
80426,26210
93756,1347
61813,26331
35466,17219
73331,1086
33959,1679
98226,22576
13508,25387
76939,3903
40447,13898
96003,4392
89498,29156
63429,6874
87078,22569
94877,27623
51087,23258
10422,28146
29943,3200
19854,28825
12738,5313
49172,20396
65513,14052
79099,2479
59051,13349
46415,13404
57150,10935
44323,5155
24008,14950
10889,11229
81650,28642
16063,24226
34563,18815
59923,12898
74799,2463
81986,3744
40644,21576
44784,16443
62909,25464
42084,26351
42128,11526
74943,868
31314,15968
85500,26228
44691,15731
18916,10233
90195,9330
31732,884
96696,3062
45466,3761
74224,15229
95430,22439
39697,25284
15684,4552
17622,23168
72106,18499
61700,22846
90018,2635
93405,9658
98441,9909
78759,19903
92235,10093
97652,2893
77145,11995
80839,17994
49736,7033
33012,23864
55453,14404
90100,20589
95286,29430
58709,5015
59927,21374
41528,9570
86013,9304
47211,28762
23055,25548
79909,19189
98197,29077
94216,15646
33365,13758
23985,10129
22958,28899
72828,7611
23378,24139
46155,6182
86887,14224
10208,5351
27291,17822
36378,1718
24662,25674
39235,16187
35519,6711
23967,19055
88403,22943
46399,15168
20813,7608
99357,2129
18672,12558
56129,6442
20503,12969
64995,5564
58012,18564
34919,21884
70702,11916
76038,29104
97275,7039
27286,16712
26138,2263
30652,28250
25906,8861
94233,13932
47374,16893
50227,18061
12913,5886
15227,17561
37558,23053
29722,23579
22050,28038
83459,20061
21151,20245
89474,10936
37108,17525
24720,8108
91397,5709
20136,15287
49684,18785
27647,1287
22147,8598
61187,28832
45847,28592
44728,22824
96652,21714
12540,11508
99179,12066
76166,18897
80587,19200
73837,28265
50937,28352
38143,24732
44308,20728
30239,638
20873,24808
19628,12068
67447,1003
43074,21336
71941,5220
95767,13441
88706,9967
97782,20593
32567,14662
87592,11236
26568,594
79670,7039
43146,23006
57819,26432
28537,14938
26049,807
81715,16790
78256,24275
29968,14681
81916,24439
82943,9060
44506,25118
26996,5998
16308,19019
43992,19558
74485,12852
21359,21838
95795,28711
44874,13975
99955,3226
45794,17038
58103,8163
85236,1311
77896,29607
48612,12817
24207,13608
40517,16891
81607,10839
54858,26694
39425,21482
29460,17830
35884,2469
63271,9932
65159,17396
80073,16113
26867,1146
75834,3179
77050,26858
93849,24912
44614,19859
68873,3236
23556,16056
47197,27797
40435,3466
38411,27344
14075,5739
89722,9716
34041,15294
31211,2433
83233,22411
73398,21745
80185,22539
38592,23370
21475,2982
53800,18071
70529,6438
32679,22131
36867,22724
37863,5664
22406,5574
74863,3976
18607,7554
75637,9144
78789,21747
85533,4172
22715,26118
24706,26848
45548,17641
84072,22339
25301,16509
53988,23347
20431,2254
78464,16859
47512,18993
52970,26345
29891,28068
29916,5421
82487,17846
57217,17484
58960,16788
52941,24378
72001,15908
22864,29836
93910,8389
45261,9247
18458,6912
50101,2890
24348,19905
30987,16470
50316,19408
76988,10240
55931,10114
86317,21746
53091,22886
47887,6855
58320,27517
69135,17060
92761,17935
47537,28731
47400,12100
26976,6522
39704,27031
19114,10911
76350,8449
47877,26387
71372,6296
75774,21348
21348,8448
94988,28024
93405,3607
76267,18288
48394,24346
48353,19094
99258,15980
46819,2742
89864,2223
98888,8119
94901,18008
38540,6753
35114,15123
63562,1544
10611,9151
92718,2745
85328,23137
54752,1368
73322,3125
30050,20648
38706,28613
47890,10601
47638,23111
42028,1455
17520,26647
32872,27192
86337,4900
57783,23877
46625,20017
40037,1457
78487,23247
51926,1809
90472,15454
66355,20769
84515,21701
65241,16561
66899,16071
81362,10122
60670,10077
74798,24013
49393,18659
73374,17534
58219,19238
13910,17335
95977,3778
75610,204
82320,18694
41184,14918
13017,25067
29717,16848
95213,25526
29318,3713
19286,2966
61136,18081
78636,9093
77483,16075
28956,19026
86295,4905
48504,28537
91232,28883
82293,28667
33073,22761
29016,7550
60781,7290
92892,12602
22626,16035
18119,3172
15078,9900
29309,11020
15474,24603
93220,5509
35108,10349
39503,10757
65278,3521
54738,29470
16537,10687
10101,13229
74915,23254
10344,18303
31762,23332
51503,26094
30125,9048
15005,28952
68615,10035
99800,12108
99920,5835
18930,4308
27261,14062
50177,12676
57570,29829
50401,27558
29608,8135
25282,18629
59061,2713
56946,8577
99052,18498
90604,8046
40234,28444
19804,7400
91056,19264
20463,15435
52469,14760
68701,4347
38466,29951
98292,9586
30842,6306
53627,4577
91396,29477
91855,2181
41280,27515
46119,27338
68647,25684
59344,7259
13161,5949
66988,25161
64199,3973
66028,9479
63444,26925
56640,20968
51072,21324
30722,26060
46220,2958
96260,16347
60021,15203
45112,20544
57448,5405
59765,29901
62784,29191
69203,5928
45399,20824
88690,24950
18449,26426
53967,5704
61777,26321
13887,4801
58169,28997
94983,13696
64868,20751
66824,18857
53949,27666
15578,24621
72642,3877
74884,23635
58783,5230
40786,17508
82739,15415
71291,6882
28592,9768
98670,16226
83745,3159
45679,26801
11909,16293
27266,1873
85442,21558
66144,29683
47389,20913
80797,17914
19572,28823
77760,25481
64242,10767
70976,5648
97242,9673
82109,8669
61003,7663
34370,21402
61016,28654
74328,27756
31683,11827
26311,16582
12160,29288
53741,21307
13761,7566
51187,22166
96513,9454
58023,10824
77063,23158
54933,27125
82218,22685
73372,29739
25650,25399
51990,10127
34914,26205
45942,6853
78576,16669
46100,27840
25969,9814
94344,16399
46741,20809
46688,23249
20183,18463
65975,11532
98646,24814
56593,17167
45957,4678
65933,22670
67132,11068
60606,22439
72597,10863
92821,23319
33031,14054
50895,12328
46575,26646
69237,29687
96773,16212
73777,9162
23658,8702
71684,13681
42928,2058
29742,27241
83982,6322
61233,16002
23894,24641
88201,2492
57477,18071
35054,4011
65017,502
41431,2864
14097,27065
36923,4646
23368,20353
30453,10051
44102,23714
97237,15012
54104,12910
14573,21665
73631,6113
46220,1809
98637,265
19321,16951
20391,26312
52035,19102
41136,19821
47633,4387
47689,6884
33238,6124
19776,1164
94736,6626
81954,6961
63715,27567
62376,22283
65458,721
81109,721
30335,10180
13768,18668
67843,15947
88455,26261
25158,24899
41826,23816
13767,16539
37587,4925
50167,17382
81555,19181
95266,13051
54262,25175
75703,4862
96447,5972
96438,28057
12409,8481
25495,11748
24623,2261
26106,7743
34056,9272
71253,10457
69064,21032
56002,6372
54318,8733
11031,9770
24287,3767
61401,5805
10580,281
37376,11343
60185,21883
34407,25565
23585,27269
47176,2244
48589,7906
65857,24378
69488,13801
95628,12851
22624,15203
28266,20556
78236,16477
47888,23646
16815,1993
88147,1217
11698,23096
30307,7946
44353,27127
70092,22166
96369,12499
47637,3863
59206,18375
66367,10115
30044,7364
92589,19686
27468,9275
77419,15882
82139,19543
62912,4343
79878,17408
56905,23938
88976,14569
73305,4996
64741,10797
12648,17470
98892,13302
39966,17948
42614,19263
86238,20778
79944,4733
76687,10445
17672,7904
58910,4959
90641,26088
22957,17838
62306,27170
55693,5091
39932,29520
95569,10447
97330,13041
22308,2333
88119,9176
55367,23030
13729,5447
36858,19405
44821,19542
53692,22442
20301,15629
93968,221
18787,4109
39994,734
21887,17884
62922,7197
84595,10993
45223,10537
32572,8004
40409,29743
73195,3829
68189,23184
78349,6087
37237,21895
31510,23997
68722,11576
60594,25828
51369,24417
80300,5370
89681,4352
11178,20286
42422,7469
67644,18184
24169,27165
73703,2396
21485,4497
55232,24986
88499,14812
64038,24034
11575,13873
11060,12972
43618,29856
66684,7858
70709,29753
12701,19605
58496,26981
74068,16953
13083,2384
62983,29841
98491,22690
69634,17601
95320,12928
67954,17051
97386,27964
28490,17958
19591,14092
48148,8614
22558,2053
11383,7030
48593,5499
90602,24640
52054,23136
94149,11601
82814,8360
93511,8362
16464,18175
41296,14896
48686,17851
24836,27549
35448,13162
67762,13670
44577,12446
12954,7293
47225,26623
82302,895
32673,9004
22661,10432
13370,17766
56047,23520
76907,21462
14323,9043
63129,4726
23034,3597
42051,17845
70230,9015
13067,21916
69485,19844
41816,25303
22349,5328
24126,27480
94694,11810
98244,898
40309,10550
91836,12998
27583,3990
86550,9326
21401,19235
98562,28917
26073,13444
87068,16606
91819,26469
90715,9300
95496,29660
19051,14202
55770,2411
11658,28793
96906,4980
66522,4725
43806,5465
67370,25989
46658,24868
55353,28059
99812,2678
35754,17468
39669,18539
56747,3427
77771,28554
56938,10892
19108,20109
93054,28298
69128,18306
31626,19537
51328,17775
91455,20616
84121,5340
24702,5197
54677,24103
68742,3882
43317,21476
13416,7170
17634,26304
88773,1162
21849,4076
58326,11402
51327,23051
65672,9438
76757,15485
17603,20499
61945,17230
66922,20980
16667,15028
63598,27434
30112,7935
38389,9863
69530,26542
63369,4723
41761,13311
72837,12439
39106,5144
90108,12481
60590,28249
84209,10299
83214,13688
27938,23577
23960,13219
43001,20581
45244,13426
24962,8363
84840,12659
58153,23856
52265,29421
94162,12474
41916,2633
63827,17204
92984,27196
27611,8464
47261,2470
95747,5804
45671,12570
67978,26746
79723,10886
29525,25872
37487,11850
35063,16727
87087,15215
96719,3191
46588,20982
76680,12138
18123,23891
62480,18418
40838,21076
97640,5207
95915,11071
57600,963
22774,27907
53696,17979
18478,14374
70572,27469
83880,3977
29730,11911
30278,28756
59179,6997
47596,24456
90362,20206
80851,23070
50278,16836
24110,3995
32493,28143
30862,25286
34982,25834
57543,27945
16420,7763
56272,11324
78604,26875
76679,16020
42701,29296
89078,25492
15143,1123
45521,7421
76452,5199
37753,24681
99499,27394
86001,7504
46579,9714
30898,1245
40420,25971
33572,10023
81371,9011
89080,20003
67929,21272
14641,16602
96248,8648
76316,4474
78020,20816
22343,4697
23467,5978
78616,2622
51732,880
13512,10044
24851,8165
83829,20829
74121,20590
77084,6005
93418,16513
35897,29915
72835,21182
68815,23449
10011,10357
61089,18926
66100,24971
38799,9974
31748,17846
17912,11170
46545,5149
78070,29185
86825,16917
32810,4529
23596,5005
70869,8446
74379,1253
48549,4227
46827,28785
27037,15103
69546,20696
15529,15378
60991,14238
53054,17592
72195,20977
22780,22748
63482,13855
21083,687
91008,27896
38394,23836
93459,19982
39023,5988
79459,25520
80851,29411
40101,22118
90699,24804
50154,1015
80967,6667
22920,25227
48790,5950
41992,4995
74250,20346
23745,2119
15474,726
91439,11771
92767,27431
99417,9687
77503,9447
91892,2101
17204,19106
59518,12844
80860,5929
96054,20960
87572,13130
11090,3066
71674,6053
75144,9204
69440,7266
32242,5762
69986,3039
20371,5133
94662,2209
60579,2610
84944,427
22210,13711
24594,28087
85282,970
53157,10106
61996,7940
61102,29791
86449,21030
71825,7694
70655,25727
32508,15107
28256,4765
66608,24236
13656,3134
50706,20045
23799,6678
70559,6847
61982,631
59229,17068
46008,29810
37278,21369
26897,27335
62229,10552
98182,8857
87361,21544
32108,7917
42829,22752
44043,17155
44721,3847
93975,22912
84583,28790
97438,18255
77242,11479
58420,14636
15908,9139
34741,15361
12865,17474
26423,10351
79813,24143
77031,11174
50466,10230
88775,26109
46244,22324
76706,1220
47558,1956
56813,12110
92368,15835
92729,24294
10800,6391
21586,8187
53362,8025
19605,20233
21101,7244
11742,18575
67889,24588
65756,15425
60130,9221
45416,11401
27800,3758
49421,18768
66602,14649
30144,25352
80243,18819
48196,26173
91180,25051
77296,10224
71284,19873
31169,14666
76784,17234
58338,16387
79120,2992
82488,23745
19886,15654
58546,28114
71752,18613
74906,26276
17328,19754
56172,16428
26997,28138
47840,27415
91742,28732
88607,29272
88558,1228
47119,19016
18210,12823
40658,11322
93317,26334
95293,1366
84570,8285
65289,2659
80699,13446
72479,4046
55272,23918
75702,17025
45012,6147
89510,21131
49590,3214
55075,19977
43271,10430
38804,5255
11344,17399
72922,1103
14258,10938
96202,11075
26320,23282
85163,27692
15779,21211
44672,24551
30301,3943
90949,3436
98276,29373
71833,7531
86196,8300
73481,7006
52584,10887
76323,14914
34393,12287
15217,16302
83851,14324
30273,18597
83953,11411
68056,13377
34508,21929
75005,16710
65022,829
71290,10138
69193,12522
99607,26453
15893,14961
76390,9977
69776,4572
12319,10419
63512,4833
60250,13378
91575,11060
55702,8010
95690,29267
35494,11428
18787,6173
53541,7582
97628,23117
74653,22430
29983,28523
73759,11141
97383,4117
77873,15745
78861,20524
31657,1385
37942,14233
29617,24218
88901,7811
54223,21691
98932,20045
96316,28750
86021,7097
68883,11511
40943,18092
94792,5627
62379,9796
32940,11198
20177,7226
72567,26262
47370,8886
92271,23985
61434,23458
82936,7368
87014,29123
71431,4005
12848,28878
21421,20099
40356,5736
61801,14229
62567,20034
35375,6983
97742,22988
71250,7219
25936,19202
47925,26969
77698,14281
98345,9798
32822,16563
53274,9749
24258,13231
37964,25963
94375,11703
70836,24999
98625,5587
24351,2231
10487,21833
12039,13557
14484,8104
15176,16351
10836,2060
65616,17599
95309,9254
22466,9175
33844,25742
64435,18858
28845,22651
33393,15651
44596,1843
71421,13941
96916,23445
67026,15103
91404,12912
60963,17473
34460,29087
84554,26423
31633,7259
88750,6733
25886,15952
21517,6278
47078,29982
69380,5536
77008,17152
88655,12395
64851,10125
74037,11505
13832,11873
51920,13652
56876,12883
35916,3961
89049,20675
66197,24393
62026,12613
31361,19890
38283,16055
67228,15138
98110,5596
29359,14130
33464,23595
99844,2605
37393,18120
48544,23018
21752,28201
24625,15374
24775,18538
89966,26600
75568,27637
10803,5657
57067,964
55154,4255
61329,16190
15091,16048
51630,20618
43103,10091
65240,10852
47290,3040
62629,22001
95295,5102
61424,1060
58086,21193
13818,14627
44973,18761
31115,2102
51087,21796
61615,28437
40003,24021
68622,11882
38898,1051
33162,22873
24272,12064
50506,5438
23852,28126
33744,22658
74518,12058
54850,22291
73459,4867
68202,8344
18636,4927
93706,9505
11812,2411
82010,19201
55937,27849
80501,7121
69867,11630
71772,28630
57909,18116
56168,20792
93065,23713
34023,1146
23511,17289
54150,6522
77705,12236
90084,24051
11910,16660
64833,12647
77496,3046
39418,3008
65364,19286
75435,16804
86347,4964
69940,11864
37840,13135
92860,19311
57200,26221
11603,11247
30724,6311
99360,23856
72796,13306
70650,2478
59195,18129
37129,7345
25042,22374
89651,28528
49494,1264
98421,19420
15849,918
63062,3887
96162,6567
29051,4651
41751,12889
92841,28679
86044,20039
73796,24460
76446,13326
90959,28038
84434,10141
29651,11506
15314,20945
13471,6269
99899,6539
94747,21545
77721,9370
74246,6989
91986,22827
87118,28506
10168,9201
27748,6548
86963,28175
42418,15194
31057,5105
50670,3376
43087,3200
78337,27746
80224,10738
13472,19326
27436,29131
30160,19686
14344,9561
97377,18371
34407,25917
93232,6877
62018,27417
39387,25083
73579,25982
26499,22226
88525,20999
44976,15441
45440,11388
73358,9630
38921,14456
69348,21909
83277,10754
61300,11329
10898,25808
38895,23834
67582,4433
27540,18009
96184,19970
89534,24823
26619,8955
34277,22170
31133,24760
44345,22765
84658,27644
29058,624
31952,12168
75817,29993
95806,18965
72914,176
49816,2526
51080,27649
61949,18003
69995,18776
46049,8464
45958,22974
54708,21062
72564,2038
18848,7186
80377,20265
64639,24939
87332,4731
29138,16736
97749,19987
78628,13929
58605,22360
27278,15463
89572,23072
41098,4250
63789,25572
46075,4732
14445,26331
46762,19690
27132,21420
77525,17408
54073,5752
80886,17148
43773,16299
94288,9465
69792,21986
69336,7147
37285,18629
42185,21548
79192,25874
11437,5280
82311,5603
26770,2267
36192,15747
59770,21609
99282,20030
29143,734
69338,11316
32083,29463
92566,7961
48607,9791
20784,1431
66748,20005
16045,23525
61016,20483
58821,20757
67303,21806
36620,25267
19959,11429
77318,15671
34399,29715
20011,9926
52980,3652
32055,16588
74708,11457
67831,14433
93787,24812
74563,6897
43248,6033
78838,18369
65433,18216
80490,12000
28849,6315
45978,11070
90071,4415
36294,27259
29835,1767
57615,26634
88681,682
85206,17338
67034,22629
66443,8204
58436,29337
65354,6382
51101,2225
71283,23057
47373,7851
17382,1756
89549,13729
55222,17753
79459,8370
74679,29737
25523,15025
72481,1161
23842,29908
75563,28018
34679,17030
60839,24489
21567,5698
18595,28437
65518,26728
45707,10756
14429,23995
42191,531
62721,19726
13087,28209
34253,17505
37908,9977
69132,3902
62120,27661
71967,15411
16435,19815
44708,9156
96864,27882
30385,14650
51531,18422
72176,22337
75016,19909
98281,9271
63130,6243
77817,24713
26197,11633
58431,13050
48165,10488
58734,21703
70376,2774
92892,10593
96983,8794
75463,21532
47747,21038
59653,13831
45759,17182
49514,13580
34500,4146
30082,14816
31489,21891
23593,8588
23123,16354
96566,4529
53196,26054
64136,20803
12782,2069
95227,20379
91276,3125
29258,19775
59109,14594
90947,15831
34193,13832
54624,1617
74268,2385
87983,28081
27357,11386
35513,24764
69857,2176
14633,20811
47124,13310
95112,10005
10056,12538
70888,19937
68213,22648
36602,10709
35256,16719
83032,1749
77819,17719
82868,23653
46807,12538
80518,5021
30890,22831
61812,21658
95522,7521
25862,418
92600,13048
28016,2686
41943,8128
29004,29320
24518,15759
78626,22514
78208,24515
20327,28114
67282,10262
51652,2744
67554,10636
18561,6135
66925,2495
78346,18609
70988,23841
62330,27742
59159,19823
43262,12895
36719,23733
88019,19398
71716,7947
21446,19088
64272,28163
96654,2179
85028,2041
82953,22878
50041,15697
35984,20454
80367,19105
64789,21629
32043,1867
95938,29754
86674,19538
29498,22506
47008,4814
60584,17485
63605,25854
71620,22948
25687,8381
76540,9935
99444,25757
29021,2740
59177,5143
34625,15254
24589,3826
19198,21188
89553,25897
88494,19690
16161,29001
64155,9256
39937,17736
78435,18334
71146,2084
47530,7850
34082,11604
58036,2139
17456,24293
89112,5596
58192,1440
59270,5324
68672,27627
47350,25370
98697,3821
74614,24270
34765,9766
37827,9914
98232,4982
57972,28017
67146,770
80268,18726
26153,8007
54626,23142
58883,15629
15126,26738
66911,25091
46671,8838
81613,11845
82954,5733
15491,7640
65049,120
67992,7140
72179,7517
91836,5504
60969,13908
10462,29494
73722,8206
27535,17453
18438,13179
38921,27493
51786,15274
29124,7220
95355,6116
44138,19007
81043,26043
35703,4912
61437,13623
17868,26620
42159,16079
80140,4535
17567,9788
20724,7090
41168,4448
50356,26149
72763,18283
34244,1621
68239,17103
90674,11994
17065,25966
30036,9400
76502,26089
17246,23125
93821,7538
94114,26841
17742,10566
38243,7926
80789,5428
33487,17825
68313,6485
56853,20382
98819,13629
21791,26553
63699,19252
65898,8479
62751,14043
76814,598
50612,11444
39591,25712
60652,4220
54500,7092
48590,17493
27330,9249
40873,23365
60805,15320
63358,9038
99552,6503
95487,27825
15280,14839
47534,10828
90463,23007
25611,9818
12005,29807
84331,21658
98171,26532
49340,17856
33259,29586
65026,11587
10855,202
61552,10610
65574,18717
26981,3279
53002,16807
26476,3125
19311,4136
45059,22868
23615,11244
69647,17451
10272,17631
74244,7498
88991,24036
33783,18330
32331,14704
61803,3230
95652,15042
93988,7828
52945,25564
22159,8111
12693,22253
44560,7025
42831,26444
22566,20700
94859,24729
10367,13725
11990,25167
94085,25852
34346,16084
74366,23905
14792,19268
90164,28887
52257,958
99850,16038
13044,19151
80525,11759
91590,13347
97510,15850
27967,4827
65244,21670
32852,28221
43272,16246
33187,24177
19003,23975
44269,20056
54741,29666
78372,13587
69909,2872
89050,3180
80417,26246
31001,28184
71618,17553
86549,10679
22119,28013
35389,14346
93753,4225
68380,1979
54211,20173
49811,22589
28420,13322
85528,29410
98704,18773
24167,8800
21866,15206
72608,21965
65244,3347
63414,22092
92969,26111
91926,21730
11924,28106
15659,29798
56863,8142
88805,15353
30592,10475
23307,2210
26745,26818
49641,4817
84164,14299
68749,14695
98044,25197
12648,12261
69190,20676
51878,17971
52266,6806
22288,12965
10896,5687
81026,24986
64959,17520
58649,7685
68938,23457
54015,6089
79096,29445
10355,5559
71359,3963
57542,16337
91678,260
70018,16382
55372,24505
67154,15378
12799,23195
92167,2270
90014,7620
56366,20818
79911,21182
83278,5243
77456,21387
30792,6822
82860,8509
24290,16817
82108,24875
91205,10864
37146,20118
68068,28598
11472,12169
67593,5885
76339,27198
79576,513
58667,28554
19132,752
47035,16873
53794,19242
36912,25900
44884,27696
42634,18631
26387,260
20997,9741
12440,12205
46178,28025
29716,12610
97709,24188
91719,22026
62257,9296
62384,4895
30098,19658
73907,2498
63521,4531
88463,28131
14762,21439
63356,29187
59937,2129
83558,13372
18444,29484
25475,13426
84955,10993
17027,10840
27458,19817
90783,16871
20529,8828
46042,2851
19349,23545
64813,24276
53193,17498
25574,16518
92059,21919
40895,4828
60849,19131
38996,770
97830,11116
62186,28781
68244,2989
24965,12487
34437,7173
36713,18284
85861,26323
69159,25966
97091,3566
38432,12028
37557,21505
47227,4686
44055,28348
31726,29489
67295,13860
96486,25836
32100,11403
38275,16394
64450,15373
88120,21192
67958,4172
85123,6468
11553,28280
68715,27652
15839,13436
95718,24104
52387,8164
92332,28367
41152,1144
62733,6002
76206,25159
61401,19509
66407,24184
99927,15613
68120,18461
81770,12635
18419,26289
33767,20632
53231,25848
14770,23170
19499,17334
54803,17581
96611,446
69846,25719
84481,20257
68465,27980
75417,11347
80305,27773
56398,1943
35814,25072
13338,8960
67159,3213
42969,23238
55476,23033
55176,8444
30500,27485
32829,11587
85262,22461
93558,291
93144,7231
81792,9063
98306,21070
34383,13105
12727,26221
26040,16054
59446,3325
83961,4878
88018,1001
61998,12943
23563,19955
58553,10540
54584,16996
82256,23185
65814,1063
25885,22379
48512,6314
80184,18335
10059,15615
20922,28871
79800,25877
94223,18524
61832,2584
50386,16942
76454,4879
29542,3533
45638,13934
64763,23441
59192,21439
24699,27099
64134,14832
81944,13452
64797,10135
69678,13896
90682,13887
51771,14749
80309,9537
98818,6978
51914,2217
20138,20594
37062,3124
87221,17203
20556,28269
93578,20673
84453,8381
24626,8951
56017,13768
74874,7137
56338,21377
63747,11553
37040,13818
51701,2398
20564,29354
69386,17632
36849,15745
27228,27689
50434,296
20059,11035
17455,5211
10843,26202
25350,3640
13508,4360
82107,7426
60667,327
24313,25534
14976,8435
86619,17825
97809,12478
29946,26818
54817,10517
80377,11120
47330,24172
92261,25541
77679,18851
68736,13467
15623,25227
10292,21143
17852,13714
74065,13452
24611,18850
90857,1993
68266,26325
37162,26873
47361,4044
40930,18412
90727,18340
95590,15521
82600,8020
41499,14078
67277,4645
58698,6166
11085,15612
54312,26846
68085,28158
47184,28594
93089,12599
58333,21339
65325,18209
54282,24227
97175,18430
95976,15548
32026,12550
72915,1886
79503,9993
38024,20575
15775,5250
62909,18536
72769,27752
44525,3075
57486,28367
77321,7064
94808,18803
18703,18276
44904,29249
78968,6102
35962,22663
30505,4781
45693,8579
57435,27957
81977,12536
87912,16152
17530,22478
85129,6033
61951,28746
20807,26761
88185,22991
89618,4190
60542,22055
81255,17722
85212,13720
13665,17802
93835,23747
31546,11668
22401,21080
73097,2751
63541,14344
33768,19143
44205,27447
53318,28389
11294,28458
41297,3855
51888,8518
58304,19125
92593,13813
37009,4647
84688,2512
78296,7440
68318,26146
24619,22684
77746,16742
40996,9513
47413,10654
38968,13912
74022,6263
99300,18322
89704,1320
71600,6940
97607,14452
79851,617
53037,12828
60259,23394
87096,3976
46952,8131
52584,8802
61706,20750
81270,248
94359,16443
37805,3475
42321,6314
25572,21914
52575,23516
45176,18339
19809,9069
60903,11910
14023,15075
79871,28478
77202,7275
35415,18058
60496,23323
67871,20539
88644,4249
34414,14827
48502,9277
86641,17552
56029,19177
15847,9826
84403,16783
23024,7833
98539,10243
24216,15439
56957,19733
87955,25816
59180,16118
27137,27072
73856,23158
14532,8879
50142,8521
48436,26134
40929,12974
53013,3937
13965,17028
33287,22710
79327,26951
77832,29150
15987,6571
54354,100
87943,10575
10478,23830
74102,17149
75438,23361
71639,23437
32819,9455
20403,8855
52868,18722
65927,26503
32880,28252
95024,29759
52397,26046
50885,14951
65555,6735
97776,465
29822,2366
46569,4805
23125,2642
25139,9167
85251,16168
55037,24162
45251,20350
27986,29282
90458,12016
37805,4423
27085,8963
19412,21511
62714,5337
15163,4603
29525,27877
76005,24783
97582,8454
21411,14919
61949,13436
63706,4387
84836,10517
93376,4855
49090,19102
79629,15171
80471,26058
53507,24363
24418,16196
49151,19495
12403,2986
79947,11869
57135,20663
28127,10622
53025,15083
47832,17259
66544,22668
45645,17697
70752,20141
80341,9289
49586,2977
85072,18808
89137,7187
73345,25876
93304,8053
82785,20659
87647,29477
60107,18258
84918,3836
81752,745
88186,5456
98909,9495
14463,8810
18730,23508
69596,26059
17105,2567
27309,8377
13916,11071
22304,14559
45183,16727
13968,9788
62817,14839
23166,16384
61954,17017
98092,16267
33968,15703
58227,18999
21496,26860
78702,26458
19139,12478
27281,16458
93181,9862
76358,4537
11356,302
58345,9487
42065,23958
88023,22149
82115,22010
42596,6969
53752,26014
11076,11316
88065,20532
70811,13810
63342,12303
60523,13966
25905,16495
66635,7657
18340,17702
21544,6958
23406,3393
51597,11399
47257,15554
93159,18056
69969,9378
52852,11560
84817,28996
21699,23970
48879,5577
76098,10827
67101,13186
34039,21838
46245,21081
55820,8832
41676,12797
55699,18562
31290,7868
55389,2410
79386,13385
40788,10320
60268,5366
35712,2701
96626,19980
18773,18322
36138,6061
59840,25044
39837,12198
51638,13765
61878,7307
25668,20763
60098,3073
48629,319
93542,26125
40287,10902
33943,1626
59224,24035
37702,8308
20145,821
90481,2391
86387,23612
80092,22212
59856,14314
97254,400
20289,1550
90385,17371
68039,6612
54958,14670
15082,25995
34385,12964
54229,11198
79943,27468
37883,15169
78972,18757
25153,7577
58056,25572
92952,27680
56603,26895
98902,24954
62965,17506
18098,21111
77704,27989
74634,22178
22138,2909
42502,3753
98971,6904
98046,6616
54240,8132
73402,26817
13383,26473
90963,3764
63808,16311
89547,17773
60395,29692
42466,3194
60495,28469
62912,20478
81447,28507
31799,9441
62668,10637
67330,1651
82421,6976
69207,16398
57505,13434
46172,4982
13333,18168
88867,11866
25568,15644
70883,8483
36481,25600
87631,26335
51397,8899
52332,13454
52380,11527
66947,14428
25550,7154
16621,21426
29766,6150
42624,6058
10264,24932
17171,24412
87335,25754
62694,24692
43337,2159
55851,16306
76810,10784
79493,17012
55368,24047
33796,16041
11407,11093
39145,10889
15557,7279
95285,20782
55508,15934
57292,12484
91400,18595
40351,17709
60162,24101
36446,10119
79515,16573
57701,465
33862,20679
24738,23425
78429,27916
16717,6371
99771,887
28870,28314
79576,8012
47071,8782
67044,1236
89838,11979
38037,2334
84001,24434
96698,4328
74801,12900
22062,3775
60932,27528
19349,8688
44258,29280
43280,24824
38254,12954
17689,13479
40260,27372
76156,22618
22261,13950
77061,20058
78809,3240
30641,7369
40778,16370
47420,12263
52501,3833
21291,8355
62533,15522
60422,10455
56568,26995
52164,15703
43507,25942
78131,14708
55271,16083
26187,10796
26473,5737
48516,5378
81079,8382
27483,28168
15793,3077
40080,28038
44642,16961
32117,23275
94863,8678
52971,27140
43398,7731
93534,13186
30301,19857
92780,10017
43093,5300
51043,19470
20500,6511
44625,22097
74523,19902
77781,10005
90981,26703
68812,23682
12667,10030
14367,11190
24279,27925
35131,26303
28077,18381
63564,4694
51459,8782
70333,21824
97214,17759
21779,16735
59693,1665
62365,16389
95547,3764
30012,14695
65978,25135
32225,12575
54034,29098
34540,3708
75173,8197
95861,12102
47357,14564
75968,24622
81142,19568
85167,3845
25579,3904
77685,21408
65809,1015
65696,11907
27755,22208
38085,23944
98804,28206
85137,1522
81518,20217
48360,6614
68076,914
95659,6359
77736,1922
97088,21552
63616,16060
48917,13340
91390,9249
15741,22357
91963,20522
37688,28980
55866,12197
22111,28000
12565,7391
70951,2829
12129,172
14673,2252
69265,25182
96851,6660
33247,22597
15043,17698
66480,17090
26960,20297
73059,20123
24081,15428
26574,115
95469,1727
65752,17034
79849,21363
57207,6105
79874,14042
29991,21436
93424,26493
60247,17140
62517,6624
84740,12748
82247,22150
76450,24038
84296,13177
51975,3255
84557,15870
30371,22135
10948,17712
63402,1951
25353,4572
38332,11073
30102,20463
92239,4678
66811,29462
59871,8757
86781,1562
56524,16349
18374,21395
36636,6481
30289,9419
38691,24976
93934,29781
95920,3234
53597,13134
35167,12095
33322,1388
43336,27757
86914,24370
68221,9975
24216,4697
64884,934
96756,28302
30000,24190
69671,2463
18859,12964
59849,4456
93012,6670
58716,27539
67845,7379
53750,8171
19706,13873
71524,8268
27521,13583
45912,15884
77725,27869
81635,9092
16032,21012
29760,24549
39648,6248
13796,23234
67670,28282
48137,9925
85696,27024
42357,13238
13624,17053
72146,14183
30713,6320
48245,12969
24183,28928
10376,21180
72271,29953
42409,25559
93606,9025
28506,20339
97275,19366
79369,13332
45990,27552
64794,20661
77141,4265
72159,26596
26284,14267
50684,17121
81691,23086
63471,2115
54328,25332
17405,22305
77205,25445
84536,21683
95550,28634
72533,22517
24719,28575
20531,12923
79252,4387
12822,22591
17393,7880
62570,20992
89689,15677
88973,4967
39289,26013
87228,13044
35444,2223
81550,6293
28725,22215
41405,5432
85448,19088
52373,7039
82112,3509
53337,17100
38532,1265
21780,2802
52651,14777
29912,3460
30761,13844
34904,24552
54393,23227
88813,10783
35936,23551
34758,17306
63300,21449
41601,18754
50691,18045
94254,24066
75105,7129
98096,3278
58237,18968
66774,12266
86441,5329
85648,22703
74547,12320
73390,23187
61351,28384
53501,26367
48356,17952
50787,6259
25066,1763
76406,13767
74530,2939
34869,5363
85714,21906
84899,9258
29516,12295
43089,14303
75026,2758
57081,16438
81968,5795
21764,16861
12433,22249
14996,27040
84704,27479
77523,2617
26799,2016
25427,11045
20754,19856
32627,17714
46557,11108
21696,8267
76740,738
98435,10400
37312,16731
89439,16255
36923,17227
28380,22017
20036,21335
36568,29962
64807,5748
91453,3987
93060,11765
59567,13563
41595,27022
32997,14195
75280,13786
23160,16369
21771,10362
28262,25816
15990,29475
78668,5375
21639,23073
81510,8358
30668,16888
85050,714
34094,28932
98715,9877
15416,29740
87292,28869
70595,22739
17009,24121
92298,29090
85834,9411
95066,27033
95075,28878
68796,3778
18918,13930
36124,11967
82197,995
26582,16155
85451,2763
63156,29899
49633,16124
84625,27598
86641,3262
32836,23424
48160,4972
68280,1058
52647,3143
57774,24905
73151,1650
96816,3587
89516,16988
76146,24778
43269,19336
89174,18151
16686,14979
49875,29250
75942,17241
26639,12578
72727,13305
28775,21219
14328,3877
54978,11526
22836,17099
53866,8565
83487,26781
86631,3510
20810,7647
63117,27631
90946,3485
36452,15174
90581,856
74238,3619
33110,23524
31485,4666
25257,3966
59589,12631
49577,13161
23286,16657
27980,21910
92682,16789
30362,16499
11010,5542
73980,21094
99055,28599
46462,23027
90422,28782
62886,17128
83147,25358
87935,4499
75519,8793
25083,21201
79596,9820
93621,7097
62852,19054
89054,24222
31044,19556
67533,7217
53208,13261
90477,17299
40471,16639
53782,6589
96230,18752
38338,3085
69589,3611
15461,17092
14005,10359
59252,21321
37202,8777
99688,14591
89139,23000
11215,24201
23695,19352
81952,13684
19227,17207
79936,1645
56907,3529
17465,12146
18320,2930
88778,21907
35526,15596
77168,16229
58470,13755
27254,14120
46216,22995
78735,29461
19634,20400
39765,9457
71390,29330
22259,16675
84702,26176
58547,15763
70934,29220
26198,20786
49027,26909
51302,16273
55532,19768
74776,23354
36542,3135
56975,7742
98832,27664
18069,7981
10806,14318
23797,1912
55128,23537
26789,7035
55544,15432
28520,12848
86189,13488
82967,4640
46290,21459
70771,22145
19746,13806
58511,9666
93431,14715
44465,3613
44446,19216
18055,23964
28430,22506
51430,4180
97864,5732
90764,25780
86669,5393
90518,17695
52455,21575
25183,9008
52501,20413
27942,265
64917,17809
95468,21817
61999,2089
12027,21203
35456,26049
55672,1731
24640,23750
81060,7023
85344,3583
26990,7641
77921,11800
75090,17376
62331,15544
96321,18813
13966,4168
18591,28877
13546,28623
17380,24969
57361,8052
71135,18476
27797,12761
27592,14123
83873,11388
28723,21545
60318,4642
27393,29528
65254,7507
31420,4279
21250,13256
59898,6886
45312,6469
45793,23413
67382,6883
70986,11931
77434,7265
48748,13558
74589,18699
28297,6774
82735,18202
74528,2893
67242,4306
85482,7901
39970,19714
80454,11996
14578,17386
98951,19350
64649,4140
39939,16959
57299,2923
24752,3901
98395,29802
42786,13887
94289,7059
67034,12933
77110,6456
96887,6793
77748,2803
14591,17784
64426,19036
12372,17245
89011,21882
76462,12338
20983,15020
31443,6188
85679,17798
34480,28238
11509,1936
68033,16597
42499,17630
53008,6290
93305,20899
94038,13528
67168,15004
61908,24664
56051,16260
69931,4530
54364,723
70604,10276
89739,10840
32102,28724
94576,2072
39189,20747
30346,18489
65259,9202
30349,9009
36380,9471
98602,27756
76918,29842
76727,1582
67531,6907
26420,22527
24447,28551
28144,23661
44444,4278
86434,19641
75426,24066
44453,14519
67082,26400
76886,21497
31572,21714
54613,6655
61204,24840
20714,14250
11293,8550
98763,1160
75265,1634
78507,7378
99825,18915
62867,15411
98897,12664
20588,17340
75854,4133
51672,15901
90752,21032
41723,1591
30320,10501
74789,17822
11184,27018
51244,23613
10183,18899
62237,16687
54030,20811
44830,29445
72580,10186
66129,1329
18563,16548
90537,25744
28278,12613
91395,687
41676,28636
74230,20431
49372,14988
92689,17021
35866,2797
16502,10830
15742,5582
56245,26760
10946,20825
26542,3229
77608,8581
49316,2257
25494,4340
36511,8002
26136,8878
32056,4953
41288,15921
25550,1909
65444,12675
36027,16223
91625,6540
82580,28595
86953,18083
26118,26369
75705,7981
84486,28397
98330,22811
39087,25814
81190,10744
83675,15877
75797,5834
12044,22581
93877,28535
89598,11156
13926,1747
98227,845
19474,14193
89086,22879
46907,19419
18506,21281
90708,20667
96990,29647
52346,12294
29541,8681
29181,3568
37341,2541
79993,26740
12648,27926
37858,5426
67018,15404
33718,17374
69833,19548
20066,10450
56974,3741
58133,14131
65516,6273
45500,28819
80560,19831
18854,19098
50662,28753
52020,16449
62543,13025
70562,10671
40753,2195
87773,13458
11416,26138
76639,18852
90938,18909
76064,7827
92945,20368
30027,7981
97231,22654
52654,29028
62313,9105
31385,23440
36095,6643
54788,24091
24761,23728
41052,18669
72622,21611
43384,11535
71357,24588
81108,15648
51234,22704
29283,17683
23669,2498
52124,28638
87136,24366
61843,10540
10850,19621
92325,18756
44130,5968
56883,27888
65958,26666
13465,16144
94318,2735
13879,6733
83233,5779
91185,2430
22961,12557
46390,10445
27277,26618
39087,15099
77081,14341
22680,852
16179,2296
57324,13290
52064,2979
16658,23042
35425,11733
59568,6299
30567,23366
36708,2021
43782,10936
73083,4142
92371,26225
54348,155
29625,5629
75731,20071
72605,10563
71866,9427
69604,3683
85453,11159
48328,15048
59044,169
50031,15464
48052,9292
16725,14362
18147,18419
62129,19087
90662,7327
60346,7264
48708,17545
15809,8097
39610,21031
99558,15717
62420,23537
88210,14030
33034,18207
46848,8316
53580,28819
93843,9847
48730,20335
93401,9952
75078,13174
86488,28498
16048,14642
44515,12236
64622,15061
75418,26915
11932,21188
39369,13085
28851,14202
98892,5071
98591,19036
28197,24604
42190,13530
48009,2259
28030,2945
18321,23679
84110,2172
21529,2397
77380,764
13964,27608
94085,8247
84602,27112
35226,12982
76640,9460
91321,25877
73800,29801
62071,16563
63032,2965
68865,28580
63505,21697
43135,22960
99994,8029
68121,17836
55818,18669
40872,18815
43336,3216
19716,27568
19874,4321
10898,4420
79794,29297
27619,12995
95927,5802
75121,13942
55147,17390
49078,15524
41476,1520
52439,21650
62352,16392
48435,26751
40049,23117
25930,1886
38777,8965
91812,2098
90215,9961
33917,22077
28522,6868
56371,879
17828,9374
47741,25858
72613,14190
17205,16877
23620,29199
36344,15575
52754,23685
28042,8553
85552,29573
66757,14005
85444,27941
79867,14501
14034,14348
43712,3640
48028,1690
45851,11839
18166,5006
31055,8154
50850,1799
46132,947
18955,16310
66740,21248
98925,12376
17607,17445
84313,3054
34126,20827
30031,27977
50744,27150
31375,5181
22827,2756
75829,15551
58600,29148
64800,6981
27969,17188
57973,3328
80841,20765
10678,23834
53353,8401
34982,13057
27845,3365
14118,24896
46033,29250
72085,5839
59780,16941
78318,11873
98726,242
72009,14910
30335,25127
52699,12706
74727,29621
50427,10473
11429,22367
96424,18060
36660,15527
28342,7305
83557,29111
16321,202
54018,22594
54242,5900
65006,13038
51150,1490
92229,18340
70203,13054
77024,19789
80221,5335
40446,3031
70408,27010
46971,19250
67296,4048
23591,14678
19321,19496
44053,13911
81395,17162
26311,17156
68816,4559
29393,9568
13172,19144
90063,7066
92025,14787
10504,29770
93170,13555
71223,16428
26224,29946
72919,29096
52378,6708
23703,3409
88209,8918
51537,13046
47516,1006
98577,16472
37005,29472
85179,11779
20508,16277
31677,13717
69309,5651
74177,22767
14641,22539
67686,27378
19079,4369
74274,14204
66001,7566
87360,3132
34086,26068
22766,28950
53041,17369
74714,25445
32582,5590
81577,7429
97406,514
56037,17207
23599,20883
64617,16374
83552,9003
36827,15667
15875,4179
33656,23786
76189,18511
28509,29962
95546,21185
73843,9587
97452,15585
24463,12601
12221,13626
13608,2907
69871,17946
69240,1165
13837,13775
38891,12703
56364,5831
87936,18556
99320,1306
95834,10054
77097,4624
49718,16315
87523,23939
76925,3080
75688,8461
64977,19252
81884,29593
97718,4896
80590,635
37046,23439
86043,162
47514,15590
12989,20710
96849,25289
75412,24159
61387,24635
92710,22320
64619,9698
64843,23576
12665,19963
31304,978
40617,9718
25945,12788
53046,7877
56052,28296
17527,28577
59227,3943
25528,7998
28692,5302
41633,13462
24288,14826
97361,29534
17995,9718
36907,1803
65664,5669
66105,11345
30974,11782
40209,27520
82282,1386
62775,16322
21251,16478
60256,29431
53940,24017
98038,12204
84127,12764
83991,2657
89727,10396
78276,10056
14542,28184
73752,7423
44639,15289
46441,27062
10832,5375
88671,19417
64661,21451
92539,24055
49898,6148
55153,18994
61948,2807
97283,14018
11509,3745
59197,29991
89924,23568
49480,24812
23417,26781
95630,12572
90205,8415
37295,25643
45461,26565
66600,17507
64020,28314
30546,25153
29732,11572
64791,13523
22412,1041
73152,11836
92814,19384
30905,13827
91697,23872
12967,9144
63966,6392
46928,12400
73889,29808
45330,29317
19125,14984
85686,1031
79084,25990
59180,8185
58719,19562
98636,16573
12734,19025
22537,16681
63824,7525
75949,21583
22568,28363
23525,17012
66966,12502
90325,18492
24694,16871
98926,16158
69211,24199
12673,12025
92956,11654
94875,6788
72746,13362
35323,28831
34367,20482
14501,2906
15768,22891
69326,26363
30690,16974
66914,20273
50653,29101
37083,22452
96758,27170
91370,10146
42460,20182
43213,3357
63517,16803
13886,17465
64527,5272
51394,3735
81321,19429
56989,26162
61153,8355
20949,4190
81841,16034
78008,5901
37341,22635
45841,9931
71188,6856
78554,16549
68242,10827
82755,24121
68973,7539
22878,2413
94573,26647
79199,16232
98967,19587
25119,3763
78101,28871
11376,15717
85330,12370
42301,15952
55900,25598
60997,29918
96029,13890
74423,21193
31845,15221
52160,26501
20870,12584
22060,10027
85370,3741
24839,24801
71698,13007
67605,19495
54287,3704
43852,29821
17936,13133
55293,28917
38395,17863
39333,7407
57645,15255
39981,16838
40070,29220
40313,12287
78347,14585
25478,14368
44964,6807
45347,7139
52373,3807
21073,28018
40761,18693
90314,6624
66456,22535
13398,3610
95927,20859
15117,26326
91963,9127
94398,6538
83487,25789
37228,8511
15480,29291
40106,8976
82885,24652
58339,7470
68256,6952
44845,29497
45094,19616
46354,15695
63121,23940
11893,21513
42812,18004
73652,22616
74407,26907
83395,23970
75825,6925
32897,28953
73939,1840
59910,6839
91486,29903
32732,18116
86056,18269
67360,13206
59900,7328
45821,6857
77083,27252
16091,5611
72537,12324
68202,27991
87791,28039
58942,26597
81999,2297
96532,14823
15356,14163
12621,11959
87265,8240
54284,26450
51067,12969
29866,18686
22973,8342
43613,12469
89431,5392
67251,13756
90939,26219
77842,21326
75439,17173
33961,24814
29345,9561
84995,2875
39994,28833
97675,29508
26705,11764
62395,16674
18638,2921
24393,29204
80703,2682
16120,13501
88149,4135
11598,5145
96281,18354
71170,8386
43150,6640
76077,5250
52074,6624
37185,21812
24753,10062
21397,23168
37227,8164
42869,2943
83890,1584
80399,7304
43805,17146
51165,7903
41198,14764
70560,7609
97000,23986
46116,27190
29393,12060
63610,23733
62318,2473
98352,243
81518,25721
61256,13491
36899,25101
55842,19498
78637,28419
15045,7106
72949,24394
22797,18135
98051,12669
92954,9219
95089,9413
22287,26335
49384,19653
14169,8867
96448,5805
48337,19957
52483,16627
81473,7659
33847,28531
96228,8786
14157,6974
28231,7806
83429,23941
38116,14619
50875,9371
89031,6967
82530,19545
88724,20592
42197,16699
64766,617
36814,5058
36758,2610
27007,19322
59442,17239
80579,18957
11719,18385
26611,12461
88360,14451
91305,20232
28254,12157
20341,7149
98346,12650
39449,25219
78292,18634
19925,25821
73594,10146
38160,20351
29646,15479
65270,10657
26868,9011
71425,22326
29940,24828
45466,17233
50079,4900
18599,16004
69699,6407
86846,26609
97260,29187
37972,8720
35780,15213
60659,22308
95755,29581
29984,20786
84722,6659
81575,20907
21473,13032
66690,29447
51829,10413
27848,21792
90999,1691
13915,11233
43861,24252
53551,6435
37594,13830
58532,10284
92549,7245
52875,13789
40933,4203
74241,11724
95492,14475
68263,16348
60806,4484
71151,6516
82204,24456
30238,17550
14931,7364
41281,8461
61711,13722
64991,24813
93773,13669
76248,5098
29022,16404
82238,5766
64996,19923
87923,9260
24164,27336
53328,23592
86363,28969
78241,12783
63024,27563
80692,19259
25768,24947
47304,8277
39032,22936
34725,4767
12280,25089
64287,5608
35564,27099
15859,9601
76540,26536
64293,7795
25674,23835
93586,3714
32017,21759
49100,28617
76904,17245
23878,25800
32439,3634
85492,3826
42126,7081
57423,26910
17203,22747
37029,10294
38217,23100
32264,25492
25477,29035
79577,29938
63977,11565
61503,22072
42880,19529
73062,15294
12593,21579
77041,8151
69852,11886
44330,2849
73195,27326
85646,24276
80880,20005
50416,27834
16311,18425
17127,15004
87539,9396
70526,20420
96680,4941
14133,29936
13256,4351
55747,28574
35558,162
81854,15558
33931,11349
69279,19370
30086,13067
27166,13750
38503,2574
61807,3253
34594,9273
28032,17913
56868,8656
68156,3028
81725,11034
72193,12264
15641,2476
44446,21998
85906,14290
43191,14769
26033,13264
73419,23122
92624,23005
38006,26750
86349,27216
78815,19188
71698,23031
91431,13286
72887,15377
64278,20982
83800,5704
94282,14707
30130,7324
24813,8793
61971,10249
87227,7592
64803,5552
83504,26633
24468,19318
56945,18444
60430,4756
53501,11521
31374,17193
83636,28076
86213,8670
75085,10577
71374,17989
35027,18901
21600,5109
72481,28968
36886,29548
24616,1766
11916,20215
83301,20294
10227,10637
51182,24992
46968,24666
46220,17898
28611,24387
85758,7898
23510,13577
23130,2926
70836,10905
23369,10917
36107,12538
15228,28551
64583,22126
49812,9574
53551,350
38998,24953
23996,29147
63715,22868
71456,11638
54426,8485
67048,26312
58286,14920
38620,27792
98485,11160
41136,22190
82117,3768
81208,14115
33958,21475
77229,6171
48707,7440
72401,25953
69985,21192
97753,26872
40545,22986
89672,7666
88947,11873
73622,3977
70422,16116
72828,16827
52842,15182
91497,23157
64778,3494
14907,1568
45737,5924
20557,26752
55117,24428
60415,28497
47967,28105
87160,25803
76765,20686
68936,19337
78274,26207
98391,12515
14167,28893
46618,6308
48043,20129
46719,2891
80092,7970
99304,24792
11900,20033
42248,7675
49916,23509
58578,18030
92861,12900
55460,29524
36883,1198
75411,27000
54162,12947
54230,861
76088,8955
71848,17454
90866,27513
76129,1409
76982,21939
33425,23611
24216,353
61804,26888
19005,28832
28475,10377
36747,8166
86736,18996
50891,29721
18232,1593
49957,14459
32890,20382
71654,24225
88900,26354
68964,23583
96366,15260
51352,17605
14050,12526
42199,1394
58425,20962
97810,602
50888,17648
44408,7241
93106,26906
76064,24758
80032,18200
72787,27257
38143,24290
62475,7375
18779,3531
68383,18924
62036,3268
25307,12651
28529,8197
16000,18270
47744,3351
20347,22581
96872,24050
37385,6845
37049,23563
18160,26798
31296,4087
50434,19606
48715,7696
82524,10169
27563,24608
34045,14063
43118,29781
23347,27849
46639,6078
25175,9068
52803,29000
66302,11674
30970,4117
48969,20166
96362,5814
36415,26894
46567,10431
46196,12455
89413,3573
54875,18445
15854,27476
42865,23129
58937,10613
57482,5897
47167,7761
28671,7949
25100,23701
17817,1355
53417,2444
85604,506
26345,7498
80483,5093
46464,17792
78973,21115
50778,4442
25153,1905
28710,6281
46084,22336
67130,996
45401,21554
85573,14472
36865,26619
80330,28475
48143,29631
44386,26420
86312,2430
58510,4278
74778,13487
79715,11624
18468,16217
47210,5019
12969,15912
22314,21729
69766,24300
64262,10797
92446,5285
73903,23156
75939,16097
12837,17842
20649,3444
84699,29620
60115,26649
29347,8055
48076,2378
30710,18758
34698,29110
27038,9208
58226,3141
50936,27301
41488,22370
56241,13128
47018,7597
62138,7294
16856,26422
12689,12969
21952,10547
21212,19822
85433,16745
97185,23976
51223,20417
63655,14331
37742,9579
92777,28510
56266,10030
27759,2189
16253,8034
40074,11392
46830,4867
61018,21057
79777,7754
65402,29744
44453,4274
31061,25620
69727,14344
85809,25332
22312,29576
50672,5829
21337,4474
48466,5145
75440,29896
63610,13419
62107,22498
75395,14887
33740,24738
41889,26075
23112,14802
32618,29238
57273,16022
54357,19120
73953,19145
32738,15312
47614,10938
19389,12007
78300,22761
35857,24303
44381,24698
43712,7467
29563,15520
68616,4889
72758,29998
10315,5215
85928,16011
71384,1313
16592,27591
76811,29607
94033,22888
90508,6587
23200,28685
35182,17399
21558,12310
60803,1353
80735,13506
38461,14758
82585,16664
58691,6905
25348,19525
27689,7015
91096,16467
28684,3735
57288,4576
77066,14504
43615,16502
16908,1570
93737,8090
82154,6472
54230,25673
50690,11240
95223,6475
86628,10050
40787,6220
46553,8471
71287,5909
20875,16069
67599,5437
75922,25273
48088,11917
81737,19341
50410,7913
62979,9849
45058,12535
58278,6284
78669,1984
80013,6832
38420,18429
35519,8418
52482,23245
63383,7550
10022,18467
34782,23175
90117,17664
19791,6386
11523,16527
28138,14731
17815,27575
59091,8112
58920,14219
20880,26744
93959,17374
97396,3997
50430,28246
10325,27365
89010,11512
13840,4337
43166,6441
67017,19084
77723,12043
59191,11620
75417,22982
73075,3299
70135,7852
74628,15169
66443,197
33269,26643
10719,21566
30337,12647
19191,27316
55867,11876
99114,10982
67215,16145
66944,14579
47837,26504
81205,21387
72404,25626
51999,10759
16577,2578
31223,12059
72555,3375
38874,25753
52723,11098
16924,16545
85145,7258
80137,20891
87878,22511
33897,7573
78131,6741
75719,28339
25117,25882
50059,27959
83482,7883
23879,2617
51805,25845
53874,13333
91061,16270
80349,18115
21722,9143
65095,19320
83787,15318
34342,8548
50413,8939
77662,9281
68860,24135
57747,5396
35241,29400
18457,14038
90568,8816
69365,7192
13287,852
14885,4120
35943,18884
13210,5094
22507,14591
44911,17935
51972,20378
63444,5320
70638,23112
99637,23006
54817,744
77386,2464
96944,12456
26600,8003
92059,3335
95396,448
81472,14824
25333,24743
11623,422
31695,19674
86095,10550
63396,7795
41595,29458
98886,5120
24304,21387
67699,1233
14320,16030
47319,958
35647,19093
93351,24226
57567,8617
11708,14268
36010,24104
72536,3204
67254,26175
10265,13556
72985,16501
27787,10189
38606,6637
13710,5222
48141,10507
34714,17213
43574,11367
10680,15156
23607,27368
67834,25879
68148,7146
50786,15601
73110,28833
90728,3102
38326,5187
81497,12628
95591,8762
22643,18928
15318,11720
22671,12171
84081,20830
94723,19750
62832,10632
70349,14453
52435,22767
30971,11540
39004,21071
95327,23375
86291,16182
52555,29869
34327,15316
34719,27263
13058,9305
69420,16614
18001,23995
19652,22778
98563,295
25692,11314
55750,14316
31584,13198
83853,29196
60904,27899
88413,16202
29421,20947
26128,17230
67043,26706
38740,17580
25972,17047
73292,15457
77734,1662
87458,9277
14271,12900
74227,14996
96925,3149
49249,29867
82777,489
94208,21188
57680,15864
43804,26751
61603,25238
88657,11594
97030,9529
60875,5807
39761,9957
89368,6096
98791,16146
54740,15223
19008,2704
83052,25809
71110,21073
53878,23860
16780,3905
39455,22339
15742,18386
69008,25210
49075,4157
50209,4228
35735,7142
44430,22740
86928,16534
18094,15993
96602,14639
69055,6538
54354,10398
69556,28990
49066,26822
77129,12212
92943,4449
87567,22037
17209,19893
82072,27312
61044,23500
33763,14203
31761,10964
55561,10383
62716,18840
75603,10016
37915,19187
75996,629
40886,24825
20251,3847
52139,16176
85499,11512
37262,7276
64246,3090
82848,19665
47597,4294
38021,22550
29215,20160
54255,28465
23008,26918
55612,18381
76492,12607
62319,17954
17158,8415
20911,13027
49830,6939
88439,9208
68719,17988
94731,9754
66607,23936
52154,2404
46472,2085
98238,9929
43000,21654
10807,27483
33947,2018
14351,8848
49038,27411
62774,5552
43059,28134
42308,3429
31825,18749
85191,17360
65141,17877
44071,148
64717,26565
38932,3953
47006,9315
85463,9487
22454,21746
40669,4836
47728,256
87466,23000
29084,3435
96655,26415
51315,19229
81732,10981
65728,20870
21708,17330
69933,8522
99891,13900
88219,17398
56608,21348
39870,2283
72962,18454
10281,24739
59351,14820
82500,29672
84580,17553
48158,5088
96112,10118
35755,14173
38264,10134
71972,19550
45650,2460
67137,18831
76717,22832
33243,28280
42421,6877
91981,20665
66525,7663
63191,5485
94631,2247
29016,24004
81800,956
47402,14020
47847,20842
12451,12497
50246,26471
16368,29553
69091,25777
81500,12270
12555,26009
55599,11114
53990,11115
48924,736
32087,29474
83361,18733
87333,9541
94390,29298
25949,7682
81080,25632
10621,15231
12023,28779
38469,23865
39473,22956
72348,13073
55293,27558
88764,23939
24776,10624
65020,14402
24451,26535
25530,24663
85886,11706
52354,5079
64384,10546
41548,4367
92725,19587
17242,5398
19763,26780
35909,20007
79110,16217
27286,2283
95416,17167
68552,15217
41379,2189
76355,2268
14070,19937
44341,21509
98929,22627
98072,19053
98998,9130
45097,1535
64181,29692
57843,6136
36009,19410
22761,12561
49577,20970
91185,9250
26689,29633
67351,27723
28090,6191
43389,20053
45809,14380
80162,5185
47679,1557
50731,8765
49445,9229
60475,2696
18666,22538
65301,27451
10910,1915
44991,19607
54097,11285
79268,23220
25540,14170
42269,23252
18412,12458
31605,16587
21359,4445
98407,10269
41869,7869
80892,7199
49041,9100
44789,11610
31281,9086
33087,27661
43869,4782
65917,7486
68636,5405
79842,8211
78423,17844
52118,22363
58233,23355
11485,19467
67946,26757
35746,3047
48306,15456
16699,19576
70761,19832
32185,2117
68932,25130
54344,6928
62060,11762
27217,23819
56336,14118
84368,3711
84829,1591
70925,28113
66383,3068
94649,11338
17955,11169
50779,13619
75220,18921
57778,12809
17085,20650
21564,16952
13029,11708
38614,24706
92401,15787
63119,8416
88375,3780
72241,23345
47579,2667
11784,8803
75181,2154
19502,7134
84145,18496
86434,17218
49931,3116
78444,22155
66203,21849
91040,13006
95155,27229
57686,3628
58970,10921
89097,15854
42718,28492
12741,18008
84329,17426
67545,2079
23804,12354
47046,2824
10316,26908
69217,16719
37214,11642
95705,4697
74907,24863
18871,4657
37460,17622
53531,19818
50966,7799
96192,16980
20247,24020
48764,17796
97850,22645
23725,11121
79185,5113
20903,12521
76500,28932
80381,21453
44643,17540
93744,23166
74457,7108
27622,1014
76496,21087
12862,2869
90085,13806
19912,28219
50966,13738
18888,9803
74578,20324
36093,23620
42996,7612
91580,29541
16437,2162
98809,14748
63078,13203
10458,14569
74799,16823
62622,11269
65853,19327
41555,22863
34943,12458
74766,20920
10377,26510
77104,29429
23391,850
37565,4961
89037,9600
54424,29999
51820,7397
34504,24801
36063,13381
30293,15973
70529,8745
70082,3749
79551,18780
20739,12599
88574,13920
26975,17185
24675,12440
49173,14957
27498,20915
40437,5483
10328,29307
92853,1235
41227,2849
99586,29019
90587,2386
22782,3586
93463,5833
99341,25277
64748,16980
41697,1682
29629,15661
92813,25183
13081,22819
45751,1705
64122,24990
53754,12442
16402,18453
19830,2835
49815,8601
36755,8890
73979,24428
28942,193
45917,29118
61038,15912
64443,2961
25160,28328
54504,4582
94406,24474
32638,29798
10544,6220
87907,18158
72272,16747
66463,1622
98450,7869
51920,17103
71202,22578
74979,16442
28424,2602
82298,11792
89965,3021
73910,7945
69286,28287
83137,22103
63965,9876
73730,18685
41661,28658
52906,8865
18787,16446
84779,4404
76621,10033
19254,21718
22323,27197
30144,15951
85523,15659
39039,29168
87971,5193
93564,14105
48567,284
93477,2407
70742,12654
39540,29633
91608,16301
83149,29875
28854,11666
75437,22242
98210,29671
20305,4718
15318,21562
47157,8885
88905,26675
55481,7285
98935,29722
15588,16846
41475,13514
41270,23931
13441,25200
28349,24731
91204,18300
16686,3226
74619,3925
82328,1074
14980,1314
35028,4889
37811,6847
63935,21620
18126,3584
94716,22435
61290,26288
39411,19130
71046,14557
77766,18125
36494,9039
53951,7677
79337,2902
58426,18266
58318,15004
38001,16955
56547,11172
58954,26882
76241,26615
11634,25711
66694,29336
14557,10426
57663,5364
53490,21613
32958,5162
27701,26574
98159,29094
99283,29021
51051,27595
19196,21116
78264,12050
27603,1568
24914,1148
50665,14278
50230,17869
49270,11107
69370,16759
23435,26739
77248,29090
37120,3697
87819,975
17251,23983
28085,25252
83297,988
18315,28369
95962,22457
88632,6297
87993,10753
97197,14698
77972,6867
98279,14608
99623,1704
20714,5357
72217,1822
80639,22851
47030,16211
51683,2267
57776,5192
24858,933
75739,8275
28049,8357
94827,23537
87987,21236
95370,29180
50902,23064
14389,29370
74367,5686
84758,19271
22306,20593
65847,26458
81361,9600
83058,14787
13483,14069
84747,7055
35071,2930
72046,17795
61341,15164
97088,3149
66247,24897
76081,2230
15062,6967
66921,681
76208,5505
56250,17969
50487,29339
42534,7094
26621,22002
58222,19953
52699,13315
38008,2514
28941,11270
77564,22042
45669,12204
24674,2781
51906,19987
31820,106
58982,24552
50839,10323
18010,24557
12504,19080
17035,28367
55841,8238
44981,13623
52006,28482
94386,11014
19661,26527
63566,14586
79359,25124
18325,3031
67879,17951
97085,4763
14296,3812
70572,29784
26432,2160
14414,17056
48614,21461
59441,25618
43876,12044
29316,18267
99919,6915
24854,24452
46422,24925
55168,5792
71594,12899
64127,790
88016,21239
18070,8840
47208,21599
42967,7119
28857,14598
82200,7081
85043,14790
12506,28278
38795,19067
17724,10932
11464,6119
75747,20984
22567,10493
35951,7159
31724,1832
13715,26231
18044,5528
71136,2340
26340,27431
85964,25648
35144,1391
77898,17888
29363,9475
96837,10632
87602,17798
78308,7805
90316,28758
99140,3534
17704,8171
28921,19607
96441,7569
86256,23846
47624,13198
15748,15604
51447,12277
21599,27386
72774,18601
67251,13774
28507,23557
93657,22489
58274,25117
77405,1672
78967,24925
37927,25652
43836,14449
97762,12976
97554,12166
73888,14012
57843,25734
25997,19083
21043,16086
15301,19252
96650,11100
96822,5038
66305,25024
53447,29137
83525,23696
69067,1855
30494,29980
78944,29865
38125,22243
96348,25397
90563,24192
22547,11789
68497,13113
42524,3060
92894,12142
21741,4436
87804,15220
97394,28346
22055,10790
82726,18227
17387,4913
42165,16985
86912,2794
92112,18887
52943,8451
89848,10489
13979,7627
50689,11932
44109,16259
67130,21835
35619,14991
46452,29386
32746,25404
21832,10510
86324,21967
61173,17924
71089,8236
49483,21910
96753,16051
10927,15707
32966,17287
95776,19048
35767,8640
26318,11358
27890,6816
84641,5120
89410,24195
54843,28432
54486,28574
51694,24674
38558,23549
80445,17521
72874,19330
41127,27456
72942,14551
71007,20077
32773,29870
99728,24250
43926,22510
95060,29977
41455,15026
11601,6216
22204,27753
43303,10882
73902,16074
86252,29550
70471,20286
48176,23731
85632,13042
42518,25484
36003,925
68685,25245
84280,18122
21529,22600
29284,4538
94448,3541
96469,18697
92806,6917
99122,17597
65957,24848
91154,343
93930,24875
87211,15243
75320,3877
29589,449
56988,11605
87285,12502
13950,24653
76589,20315
41546,13486
69941,19704
94284,2376
11426,4813
31610,19659
98057,21104
52372,24217
26333,5224
25638,8071
54827,17483
99502,14264
72399,7988
70944,25092
45433,7248
33615,4035
38864,9984
38878,23450
53974,4272
77333,24575
86322,17826
42436,3771
89415,21909
26844,11134
84146,26895
16351,13718
47423,15411
31147,5738
18174,29977
61634,29293
75279,27565
97597,13603
59073,21944
50579,15183
50557,25062
88571,6708
54178,28756
22481,28087
44647,15433
62086,7847
30487,14843
69817,26683
26944,1954
96092,7138
47342,20975
41062,17404
39770,13411
39232,15240
27510,22800
72785,714
99716,17970
83621,29861
76059,9495
20889,14255
13150,9635
76198,25035
81049,12142
82287,21356
42567,11755
23443,19223
11157,20196
63155,11100
72108,21143
50322,12886
40804,10377
67883,4323
90069,14373
32289,20149
52595,21275
94812,14209
56532,407
22519,12831
83102,19991
79965,2304
80409,5268
32244,10524
65587,28224
24824,13583
96040,23510
18877,3642
64882,3962
20155,23249
87347,29795
46994,2388
21545,17048
89546,9585
93750,25295
34592,26060
99796,14461
27842,24037
10396,6726
32106,6698
45882,25861
73598,5280
84886,25833
35731,23807
23019,18580
93682,19316
43394,1880
42582,29985
26468,29315
10784,4219
38717,12426
54897,27682
83187,11507
33777,11546
74524,27592
37464,21439
39163,19743
46214,1940
53261,22369
44758,3176
42769,10538
45798,14348
53816,28669
69247,13950
48280,25345
89237,770
28459,4437
92203,25336
85938,27953
18208,6281
65375,13080
84697,29464
87381,5450
16110,11500
71529,14726
49190,24002
63632,3131
28823,15739
36625,7042
38753,20125
92344,24537
12202,13631
89555,701
92777,14486
76054,26892
89001,14308
22391,23221
38125,8117
19979,2041
61425,956
93398,29668
95406,2489
73656,10882
69145,23743
33583,12414
94723,7660
22385,20064
51523,14451
91668,5249
70787,10179
79923,3205
60952,9430
68399,4394
69485,6203
86011,6429
99174,15793
81979,27046
58594,22115
73772,3002
31430,7607
95567,1168
40776,20954
69052,23871
17786,18950
36220,29076
61560,24637
99491,3771
43023,10893
47029,14139
48679,8243
33418,15767
85500,25140
60254,28750
22847,26759
50236,28410
17167,23434
92476,5624
10775,15283
41829,10105
53055,25230
60410,23934
66163,1115
58769,7784
64041,2945
48478,12140
18079,9597
64701,10643
20670,7158
64115,9299
70721,29113
29280,24930
94069,10311
80317,18187
32256,18148
27204,553
49651,9962
52824,15210
83095,11187
56301,16607
37749,7397
67234,470
79935,28854
58944,14613
47283,27322
79117,21844
14880,14702
47941,7107
35433,2013
27523,22844
89261,13462
41229,23781
71569,22211
44410,14743
69903,8809
61145,14298
82556,4908
60701,12731
30606,11983
23456,20613
50447,9170
68579,16919
38034,19626
14253,27404
64441,20097
30055,7253
12162,12133
98336,14172
82305,14525
25290,26530
12433,6303
45094,25989
96794,13670
60120,18360
63593,17215
15209,8631
55786,19771
45960,19639
30737,17608
67251,18189
49482,15661
51745,22687
71482,13577
72277,20902
19293,28139
23834,29252
56412,22296
86912,8540
43248,17407
60360,11828
34010,27454
38102,10269
15419,21053
99126,10856
60675,2272
62248,14145
88102,163
42182,9043
25061,13307
15565,1331
14690,13184
53505,26397
55280,3442
16375,18796
98971,21095
49886,22902
45397,23068
64905,19840
32532,21223
36943,6172
50723,2493
70429,9226
71320,2076
53687,7590
21879,10117
29337,10672
93552,19111
75978,3479
89918,29224
10272,18842
19159,2556
53179,16838
13534,9312
51537,1482
19035,15043
61810,19413
70545,22571
55308,12419
14167,17475
38500,25709
14729,25547
90891,20409
73038,11630
93864,22289
78263,11130
87103,7248
10520,14965
99311,6586
70998,13224
75920,27793
38725,23942
45009,17506
94648,23740
76698,18621
82377,11537
87169,22479
51272,23431
18598,13868
79053,22715
27260,10142
35451,29557
22057,20095
18178,24068
14335,16075
20351,16017
52928,11638
80432,24543
77434,6705
36538,26852
94909,9951
42041,8760
93173,6786
32595,14019
24085,19182
28039,4414
88417,7303
19727,7344
24501,16710
15348,23931
64877,26720
39292,311
58924,28464
77802,28790
65728,10289
16526,23863
75054,20262
89495,28759
56953,24634
66810,3288
40059,20420
68656,331
97085,23825
17080,27249
14295,21071
98677,21725
31296,15294
32069,16117
42653,588
64433,21812
71309,14180
95717,20963
75265,22083
52088,27326
67348,5647
27556,7577
59661,8943
23834,27684
86884,6265
95472,9454
45449,24831
98722,28548
21433,4133
60896,29023
25334,13174
48797,14059
77543,1261
15597,9351
66460,28394
57540,14995
74450,7418
42987,22008
51098,12455
89968,1967
62151,4850
67793,19020
74309,9143
63090,16807
93300,12663
32870,11964
64844,1100
30354,26431
30729,17403
25182,4389
96069,10042
61238,7941
75885,12208
31790,14927
92204,4303
46130,26973
80454,1920
86523,5012
79511,570
28768,9294
39537,9186
35230,16039
46263,14579
88310,12572
22314,7997
25951,13064
31350,10604
81836,8112
84274,26459
44689,29029
39755,24503
60847,15893
46233,13906
74820,7974
23598,19771
40990,17369
69158,3677
68571,10394
75329,9633
50989,17648
86162,10265
85506,14426
51623,9791
26191,10328
94279,8100
95430,28935
43989,13698
41467,27639
57864,816
25851,29331
29700,9920
26979,26074
65011,21413
13487,25027
20707,9976
86795,22411
31354,23247
76610,23798
89017,26169
20755,13914
42134,23920
17053,4203
77956,29395
17243,20959
91801,29774
52434,7909
75592,5018
34383,15052
55475,25799
36343,16922
39400,7499
23864,8354
88119,5454
63446,27207
69612,22684
36160,28537
49302,27773
85913,15214
96202,6890
55017,15312
21194,14124
16981,2567
78284,10789
27094,7151
40387,18158
34268,3362
32328,21347
13627,8227
78469,8004
72702,10982
39817,19251
20174,26771
47710,4804
32020,12950
97254,15475
35456,4102
90835,16899
29853,8806
72726,1814
68244,2696
13935,25334
10839,22905
88713,21888
67850,16570
10950,13000
48114,14823
40944,14055
65720,23763
84245,24926
74683,28400
42278,9049
21184,22478
94232,10815
50707,18717
88889,26077
75505,18727
34325,24461
61942,16926
66028,16563
52732,18292
94644,22706
21879,7425
89944,26179
66273,17985
43927,29213
29482,21576
19502,19848
85172,998
12201,9397
99786,4151
31967,8667
14586,3408
81072,16620
80349,24005
27543,3404
89960,8184
77968,16323
66609,8597
39525,28771
88461,1636
96294,27383
67844,9303
91133,13126
50602,16565
36653,14314
66827,24081
20390,25164
38510,5196
63296,9887
21015,16335
56911,11860
18840,24273
58417,29714
41476,2905
81515,4993
53281,309
13673,10614
11212,16503
19336,21840
72308,699
39550,21809
71343,14725
13719,233
74687,16151
25319,16416
67178,16322
78602,1374
20300,24226
78920,14801
15484,11295
42579,14695
28815,15595
65906,12298
58023,18240
74751,4255
16421,2389
71467,29085
90758,2985
13441,29852
36043,25585
35520,6588
68217,7099
84270,13761
90681,24995
62156,4705
85640,27003
22641,6853
47672,1568
61880,4484
14621,16233
41963,25760
57051,10164
74978,9629
69623,20372
77589,5217
89221,9166
70254,10708
29988,28605
57641,9597
10528,5798
12011,24311
53948,6916
54308,15418
80437,22653
59475,5431
11015,1138
42000,27422
25337,29382
83985,25969
69525,22653
26827,24178
99045,4247
48673,14092
45734,14494
96256,4535
25843,10703
32450,10157
76035,8458
93672,577
72616,22616
94306,14896
25366,13344
41307,2429
37944,13913
90918,3909
29060,15490
17969,27341
86470,1097
13144,22160
23100,18456
71723,18328
35191,8091
95443,3236
33813,6352
62007,20857
28219,28572
57049,15762
59923,2309
84144,18163
68303,11707
80297,10494
81068,20901
27830,18895
19117,167
36797,15277
74565,19992
90820,20765
71058,22850
16556,17017
93053,4028
32480,11493
82785,7189
98281,13914
55076,23262
42898,11636
89548,9574
48203,1345
29540,18736
14956,27930
43099,24149
81485,5682
86372,3154
92324,13022
32957,13009
57200,27931
29245,25134
10593,8407
90951,4746
77889,6164
30160,20791
99047,1233
99260,1135
55672,1397
28616,1731
18623,895
29942,18132
45955,7135
49131,3977
53264,26450
28664,28609
66675,10891
13743,19248
68222,8023
85094,4920
86538,18047
99962,17037
88115,6562
54175,26031
62414,1704
84530,6390
57226,6197
10180,27214
59830,29303
41811,11658
38479,13857
97483,20041
55024,27512
57086,10903
28495,12794
44224,28305
64324,12978
96502,13641
43112,15748
41166,22606
61233,26021
43910,11269
82669,2622
66942,5408
60802,26135
56046,16865
47888,23181
45599,27124
95194,3871
13652,6729
20622,4996
96538,5465
46794,13452
88363,27204
45401,7031
46310,17919
14704,24418
74636,13550
14161,5631
80299,20714
77307,26465
13704,15791
60778,23069
82929,4425
38881,546
40466,18854
61031,21205
58475,21398
34354,29665
16503,11890
50626,16145
47364,24858
89001,4624
92615,3113
97630,1587
53961,5674
23776,9798
57972,21356
37311,10607
52838,20362
82602,7980
15093,9658
60345,24538
52240,5524
40140,14341
70087,13211
99096,4055
29206,27810
87106,25597
53821,7545
35767,6963
69044,21192
46896,24042
87171,16838
58107,17464
55928,27417
30581,21882
85166,11395
77774,18980
72009,21309
82242,7559
70808,2171
68969,11404
30144,25755
81350,10062
78109,23203
44144,23091
59899,19416
48063,16731
73728,26661
27230,12387
38579,6343
42082,20076
91821,28156
58566,13474
58906,11044
72954,4645
10838,15465
99193,8426
90333,26232
54329,15695
39436,20537
79434,23404
90308,25501
50904,23346
49177,9064
35626,9518
91264,5421
91284,23440
15953,27861
49815,8983
24761,2831
23854,8891
15421,20214
80405,28577
15013,11030
57043,10791
71169,23323
93708,23644
34756,3136
46450,17609
40324,10789
83541,27045
38500,2564
74232,27330
15829,20487
56859,18892
87234,3720
81435,10504
99874,14227
67510,16119
32625,9970
48007,1771
55407,26896
47837,537
74165,17574
31562,975
86930,28206
71550,21679
40835,13861
33647,21329
39193,27262
37593,2033
48077,8636
49283,2188
94553,7740
57030,24308
36395,17077
63610,25656
13031,15376
19111,16947
21110,10878
49328,16163
12062,2688
95582,7711
82179,20179
18307,6007
13387,19227
43824,28750
80030,340
99707,23271
26151,10682
49700,9312
29768,3851
36074,2444
48793,16321
81851,462
62484,18805
35867,12546
16747,27301
44726,26762
97395,5089
55766,14341
14719,5349
88182,22426
43359,10534
32496,3924
96445,4832
98679,26425
60559,14810
99639,12590
93027,15949
29836,9841
74749,11671
99115,10974
22338,20301
98591,20441
58867,16833
49105,15008
33034,9596
37130,8663
91139,15582
45555,17587
73552,4324
22300,20156
29797,9012
38530,22769
42711,1384
41992,5297
86451,15290
50670,14963
83870,12723
63578,20233
77364,25654
88675,3913
97177,12922
92109,17051
67625,28212
10250,19996
38097,29992
51948,390
87444,15829
39415,18741
87156,21127
67749,911
15848,12917
94556,14989
28529,18153
24218,11541
60815,4457
38381,27830
38987,25293
62013,28623
80099,2345
95002,15519
29110,26129
28319,24902
49957,5791
56910,14742
93415,1308
73186,2103
39123,9125
10405,4451
28418,3811
21205,3862
93166,23250
64951,22744
12186,4232
42460,12435
46251,20036
48872,1386
28640,18654
78908,24196
75735,656
84851,12267
84696,9398
83203,23219
16392,4321
10617,18382
14175,12119
19905,23029
40728,5869
34864,8190
39452,25810
42905,26970
57069,24811
23214,16290
33662,20353
73892,15835
95939,5807
36520,2619
93693,7450
27806,12825
81088,25445
26702,3168
63252,21745
21794,3617
37972,17047
57640,20490
70868,6355
20779,25771
71919,24169
44498,1189
12921,337
92357,19020
57386,29979
80469,26435
68598,6563
93439,2264
67154,15802
98459,1738
45854,23535
87676,24925
61629,20940
38556,18068
34898,6554
28568,19093
36214,12494
74211,24790
95550,16426
74463,4186
42761,13547
25890,11821
24030,12164
62352,5274
64273,10502
83717,27453
91003,6855
49007,888
89703,22215
84861,9711
54748,13317
28886,7943
51151,9331
11623,14119
13955,24559
42978,2892
11627,7408
82735,21332
50983,22600
84891,18956
56824,7724
30365,20773
77037,16292
63279,19093
17242,29204
54290,3065
45106,16274
64661,28386
94039,23911
88362,566
47532,2307
42007,11182
96772,25334
34364,14557
71276,13134
84478,7331
33416,10844
56482,6058
55378,27547
17865,3499
12199,20649
60522,25213
47523,27085
21480,16256
33643,18959
80973,25657
15731,7460
14830,22563
32166,21076
28145,9402
22061,27264
67089,24885
37301,29881
35134,12641
78852,8294
75988,1050
75445,21128
31478,12765
41054,18336
37838,11229
34236,2868
84271,4035
67058,28717
73954,27138
54542,11793
20973,5398
26195,23960
15497,29862
13348,2385
69076,4352
27881,22269
42697,10085
98454,17668
82435,29153
84286,27372
60490,24592
42804,1766
34855,10685
90369,17008
41779,27908
73794,19960
15456,26132
45657,4645
28855,5875
79793,10648
11306,1895
88529,18959
86038,17235
98282,29214
78161,7093
30582,29667
53954,26489
99543,21771
48137,14325
99113,6642
48965,10018
32546,28292
46790,9359
38045,9784
75816,22762
21713,9315
32903,19041
30304,3411
66024,13363
40569,18474
58114,3646
29524,19132
38463,12172
77447,8812
57320,13842
44150,9104
44780,2620
67209,3318
77770,27886
75138,28578
75497,25774
42100,15741
14134,24009
95977,10073
51877,23428
80162,6598
88251,20152
61869,18967
98733,2527
67204,28621
77187,12177
27507,20972
52770,9146
11558,13644
13064,4335
81994,20716
33320,27864
71909,1472
89538,11798
25265,17727
23900,29379
34311,13200
79541,8819
28014,28089
39916,3563
86093,19902
59747,22025
68884,26097
91100,9736
86602,9606
89006,6650
71433,12355
30745,21018
74938,22145
63219,12721
32235,1205
86463,27497
68585,11249
71647,2347
62067,13458
49230,925
59788,10380
40420,10026
25032,12822
49143,17509
39178,4892
22070,25487
96512,3275
35838,14756
28002,17716
41370,1161
70954,9275
47486,19492
25377,4577
74800,15636
57803,20936
16627,20196
70225,2151
86364,1563
25048,28488
23573,27734
17130,20371
20286,11116
18677,23168
55085,27361
89867,22888
48109,16127
92301,2710
27298,25657
17575,27429
14357,25420
36914,26834
79775,29952
11879,5651
89069,11555
96120,12645
44669,2198
19111,4973
48774,15596
28754,6369
99615,15156
31823,5916
84092,16130
82899,14467
47468,11534
65714,27934
80959,6786
55104,3230
32133,26682
51623,19892
87836,10341
31579,25692
15486,19552
89759,740
52008,12742
72969,9137
17213,17786
10838,9669
62320,1696
86663,29802
58354,28317
57617,13515
47038,5713
15660,1913
37793,25086
35744,20765
27034,6053
50294,17876
44492,4498
51813,15649
63185,16917
35070,1308
43302,19875
94639,6717
99507,12280
48762,17175
25958,17942
64281,13569
91572,29390
66886,16884
22574,26747
27026,19826
36757,1301
98554,16318
48205,29227
33641,21080
83341,18431
94295,10915
69261,2256
94923,4027
53081,4051
40032,27573
14273,7029
86832,26907
82981,5830
60086,7494
41278,3893
98339,22730
38960,14953
50113,17444
16313,26207
25478,123
72549,29207
50161,1921
43069,12058
90260,8223
50803,18571
51612,14025
33867,11841
99257,23763
24601,6574
49349,16895
63599,21876
49565,18855
76129,22089
72451,7896
47680,14774
66665,14628
45562,11945
82522,11661
54709,8718
21708,335
38092,7971
84810,24533
27952,22091
62279,11802
57566,27321
61859,20924
57594,2937
53910,5868
76880,25902
84773,7906
44776,9928
90495,17016
61738,6364
24164,436
43279,29162
92498,28128
81419,27953
97330,2709
43040,23146
88060,9922
65261,3833
53519,26805
15533,24179
96516,7641
39041,27680
11713,24103
11884,13273
43433,19663
41763,25998
90897,23169
67225,11233
81115,18931
53377,15562
28047,516
99381,17476
52336,4435
90756,7837
48381,29933
93063,1403
93436,11761
89347,18027
63679,26788
80250,19215
39129,14501
10045,20300
51267,12722
55487,12393
48962,23787
81703,26596
89986,5393
21021,26103
85815,16055
33598,26437
33392,22192
42610,19278
85636,15126
33446,15554
27044,22179
30613,1308
87852,7977
61337,5270
99330,11238
17829,15252
95919,23474
37911,9113
29108,14034
37023,8503
26515,5201
86670,17637
14885,18752
29923,19487
96030,710
39748,14665
65475,16604
10648,15958
92288,14737
36579,4215
55779,12747
85005,13462
54772,13944
17167,28580
40002,23094
41443,27781
69993,26675
88549,29942
85210,4164
97643,27904
72507,12752
27762,1155
18842,16847
81507,10563
67885,26680
89113,206
35188,13164
32301,28854
84683,6380
46934,649
71621,20773
83326,28437
88401,13082
14368,1909
98441,20451
95406,7906
53912,20562
35046,23346
44660,17660
30831,22488
16920,21425
43787,2620
84220,4338
97288,20404
76603,12809
92539,12835
87738,5590
22321,5819
62517,29853
28150,5415
22604,14333
97449,8855
91691,796
12104,14343
23053,13028
64005,6992
27948,5384
53886,6213
14057,26522
58191,10071
86953,23112
71980,17599
65073,11013
36667,8176
94729,9190
74392,12557
27104,25020
13540,8457
87015,19638
28628,3218
88990,7199
94541,23280
57615,12741
12435,11028
17928,22219
90468,23606
53985,26425
18164,28653
56700,17170
96400,15842
76338,8820
31912,24288
86355,24812
22469,4414
92705,14466
57350,28780
79351,28039
50220,21817
76911,1464
88544,6849
16019,16722
39645,7430
40504,28010
68194,13518
29591,3997
77677,22280
15431,25950
50529,514
86729,23179
69363,9541
95634,10516
28638,1651
64618,17988
11965,27194
65682,4910
53903,19829
45034,685
93122,15987
48807,23514
30845,20651
29818,205
17387,16739
63641,29446
55349,19072
72903,12622
66348,9415
47156,13329
12494,13420
67265,6343
78902,5387
52221,3090
87446,29825
70731,5568
73448,16758
82429,29094
29475,9919
78070,22253
85563,9222
23844,9141
10317,12952
89532,28564
95722,25999
75639,11046
68572,24915
52833,6221
76538,17358
37430,10405
19640,24414
69345,10145
34942,21216
55602,17540
42905,9231
96954,26034
23105,10843
14874,22624
78940,27132
90554,1393
42283,24445
71145,22191
52136,21320
51141,2195
26348,28846
65775,7923
42787,11376
77369,13571
69045,27386
71047,1237
37389,7655
73716,17010
86523,27131
27810,4476
73158,12248
93814,17158
57641,4343
54546,12903
63013,27914
38022,4482
84395,19547
79372,25780
64960,28931
90977,6104
40000,3578
34164,16146
12615,5626
24767,4797
31164,8883
61803,27617
18934,24648
45346,1366
95347,21707
25920,16730
82169,4491
66445,23590
85797,15410
59316,13799
11085,21511
82407,2827
42626,13803
78725,26578
22698,25736
86508,13024
33884,29602
16366,526
80438,15147
43366,22069
11988,25485
98552,29214
80070,373
60592,3020
26775,3174
10472,27667
33790,27039
20977,20452
80021,20901
27978,18653
49062,15894
58104,21055
35517,22176
86871,16772
98121,8239
12722,6359
17942,14427
81089,27504
43408,3580
60444,530
40587,8130
26328,15101
37383,2998
46635,19166
56650,4925
72843,10088
50752,15165
87408,13787
26778,12582
39092,6416
22807,17992
71427,14181
88400,15836
35703,21767
25185,20519
10810,16287
51402,12220
96690,25779
64987,13385
95323,15176
99045,11806
95137,27258
20227,7673
84673,6391
85471,6757
28400,5204
73009,22791
97225,16438
60139,12931
73850,24824
52384,902
77325,15374
92824,23087
42631,16071
88910,15945
28975,23262
99555,27669
93644,2972
87173,28487
71847,29593
83328,9200
66856,16402
23262,9879
82037,28545
73031,29058
37416,3754
37979,12254
36290,5717
69950,20391
89098,20708
72515,5877
94508,4835
53030,13355
68138,17369
32208,205
99011,13347
35617,6585
53024,12911
51006,25848
70505,13375
64002,7099
75349,5705
82272,29404
44564,27945
48110,15018
38407,28035
36128,11649
91947,3059
33410,1121
86192,29760
34139,22804
91308,17051
37018,27075
73621,27961
94902,23855
29328,26456
76650,10203
11773,7769
98006,27817
90218,687
68384,18146
97902,8417
98026,9920
35859,26052
31980,19591
21268,13143
27207,14393
55625,27085
98592,15394
53281,22712
19188,16769
19103,6052
71098,29161
52983,13323
81388,2576
16656,16169
28694,8739
76002,3676
55860,18449
78431,12200
48049,4419
73281,24108
12424,217
91686,25942
89030,15359
15518,1025
21081,26001
15263,9299
45953,25696
92045,20876
21665,24184
34856,6482
24036,11804
39603,28656
10727,11351
40640,11419
68568,17593
18758,7518
89202,2514
13543,8877
77559,21327
70037,19806
34390,20403
43915,1037
90823,27585
11069,16622
17937,5050
90154,5551
83807,8608
85915,16967
83801,23938
65343,4992
38068,2495
24136,5521
38344,22955
54519,27545
99457,1356
44064,28213
30032,11343
85788,23521
78056,16810
57420,5904
14106,26986
91506,15738
52930,3647
13948,10840
77459,1735
49198,9594
80023,23795
97698,3165
57026,26439
45399,16369
58889,21260
28226,14333
10085,19696
13084,19882
54130,23537
89336,11765
30493,24236
69267,23443
38354,11932
40506,19927
72848,24856
16622,20250
57657,19740
47219,15083
87068,29211
87282,1856
83482,4850
32860,22483
58698,13258
14026,28559
11783,9918
51410,5754
76670,16775
76814,21348
98201,23474
48704,13305
42916,12504
35979,259
37137,23360
64147,16773
88937,13102
52443,17336
17829,24330
50836,2896
37398,2185
83811,5944
16661,4641
14622,10036
85034,10901
45334,18313
21844,26030
48181,929
47667,26111
32328,17042
59536,19883
62513,4874
25656,23065
45578,7056
85056,20431
30401,23332
57707,16659
63607,11607
29280,309
78642,28083
47890,12230
39523,28685
25448,24837
74690,7175
89559,29021
45131,2083
15241,27901
94120,12515
93663,20175
90727,28320
37493,18297
32011,29254
95160,14686
35086,22379
29940,7676
97160,23364
51685,15492
86549,24354
47382,26278
46929,22622
59993,6704
80857,24365
43930,3654
35833,24885
16192,5803
68968,6749
73878,5321
36880,7492
43806,595
57093,10824
35618,15740
66116,26592
96087,28841
12617,16906
20509,21908
48103,2034
64957,27556
51125,29668
23336,4931
28250,20140
38068,14031
81148,24783
66794,26348
25134,13031
68210,19269
90998,26235
23190,29993
45189,9214
22507,9611
95180,3100
43687,26272
40239,17451
52137,8640
68844,23087
75622,17851
84246,24014
50829,17320
26151,28569
15181,6701
45413,28458
57461,26557
85131,8082
55923,12272
40083,28249
11254,5486
43596,27149
88680,26692
22817,11757
79008,25127
10004,2318
15457,159
15836,22801
65949,15210
40869,9840
34770,18903
31022,15258
51126,28579
20513,27493
27338,7014
97520,13252
89270,7165
18392,27458
67778,2224
12284,24352
93355,755
25543,13795
18528,3977
43707,15898
95341,10789
86112,12548
32687,13428
88008,9351
89447,2939
39373,21654
11562,7348
98377,12654
82508,25037
85038,1958
72502,16120
46102,21863
60983,11476
82831,2529
10643,5892
82794,22008
78568,25897
25991,14822
55903,11029
61363,28377
47161,27055
33448,28366
35960,26927
18664,22690
57033,16512
21142,21404
50098,25175
12898,16404
70172,20482
62423,24534
51381,16551
61178,26779
27493,19253
87093,17299
30656,18393
89906,25594
12536,5113
11852,18501
94803,26662
39057,6246
79797,1656
58212,3661
40633,6213
59355,8136
86230,16683
53146,12093
45754,4955
11367,28948
72290,24623
12969,2354
65967,23475
86159,16469
61405,17542
40713,15113
57974,15912
80854,29290
45262,2003
42706,12697
80048,12555
11652,16353
44182,20779
97582,9211
53050,25112
84284,2951
22770,26227
57078,28998
95826,10221
59095,26834
32037,16598
48867,15240
32328,20912
76349,20976
93890,19381
12448,15862
93482,23654
16022,6800
88261,4971
39868,20586
57945,7447
52781,1352
77679,12644
92538,2154
69129,17843
33950,26504
78315,21070
28178,13334
45364,3279
55698,15143
17275,24243
97838,13481
98743,19589
80375,20364
58906,5142
86588,28043
56725,8748
74872,25196
11795,29617
39037,21606
77801,27051
54086,8349
88733,7855
20734,444
45259,15372
66013,25171
26737,22024
18290,29046
15027,18597
39360,20207
46751,19978
76832,29998
18339,15577
31712,885
51419,787
19454,1760
82523,2545
99278,29268
79088,19503
40554,9971
34600,19801
92547,27668
50639,1121
85642,12090
71261,1530
95412,19565
18636,4089
67312,13938
56779,11980
26203,10251
56370,18837
47249,28315
33383,16034
66263,16128
80758,11555
48382,28004
75862,11559
23431,12343
61121,13728
97186,20492
12645,21646
65561,18947
11346,18711
12510,10763
53248,8631
72079,12360
40838,21419
97856,7084
13753,9097
51234,19548
20809,4518
55203,29068
31168,13972
55426,11103
45559,11779
13113,15566
39534,29327
52730,8517
12991,4344
95071,2989
17343,6166
46090,1792
86875,18497
84847,14580
68814,3809
29586,12755
28769,887
52298,7925
77138,8652
66368,27550
73176,11161
86326,13289
75361,26503
10001,25303
17879,907
64331,12351
57874,22935
25649,3352
37237,22232
76346,10848
71167,2393
83279,25346
81758,1978
27455,16743
16407,18622
76149,24838
39161,14603
98609,13323
23119,11512
32941,26611
15252,26981
81048,21258
23112,7681
83124,26328
19626,12806
43859,15826
54574,4742
95101,29310
66424,12369
63399,26598
27590,24121
68423,20127
46661,26862
79391,19062
12383,10161
41065,8028
11926,22834
28424,8767
30222,24472
39326,2703
41798,26393
83560,2590
78946,11283
16214,2340
84605,5360
63270,4439
45509,8991
10525,22373
38460,14379
31928,25456
55860,2495
62448,4098
78093,1840
31384,510
87499,25190
59969,13158
34830,1930
58354,4112
43109,19527
19340,12136
89246,17891
76821,21528
74394,2443
32721,29123
36154,27095
62807,14748
58438,9797
32782,12030
17636,19549
25666,18165
66165,26550
38489,13042
28610,26898
51872,29866
44038,16601
36726,3588
53124,5432
70810,27706
12061,14048
51814,23427
54620,3154
65664,13572
87910,11833
73014,14870
59879,10374
68381,16049
47817,13641
16615,28499
22848,17252
48276,842
78234,20335
45707,19058
40766,3993
77596,20346
35824,23924
22643,2247
19842,1703
87013,23250
12226,24817
48631,11920
15146,13154
67028,15827
18780,5547
13833,23804
53430,26520
26209,7428
50138,15778
74488,23945
29714,7479
40922,7050
41041,22877
26210,15119
11840,11430
41682,21108
94851,29896
51210,21611
61736,23620
97779,21981
32265,21128
11402,23950
80614,1791
69795,18844
31548,20001
42576,19430
64086,7259
58120,18751
91570,1598
73439,23977
83283,920
84551,18751
16994,20477
46461,2404
80533,11630
86135,3491
19123,9729
35420,4080
92658,28655
52659,12978
44174,25882
17169,16928
51625,8439
16551,8228
44070,27970
53174,18400
27550,11939
72502,9509
42303,15707
87889,2449
79305,331
86663,5079
68736,27555
28897,3380
88416,26607
49490,5990
54907,17165
89194,15617
17241,4952
63272,9531
90894,27213
47198,28088
42029,11534
29192,1797
19104,21504
96530,16669
27981,3267
74046,4719
66532,6189
52516,18384
25571,19043
98128,20619
37579,19591
11832,6413
83234,22402
89500,7891
62680,5748
87206,9624
60828,27484
70219,16373
86575,6557
34375,4677
54917,29368
18059,6625
89467,5983
97922,29808
18326,19149
91120,23453
88489,26084
88997,4047
33573,20993
71027,8818
81175,1174
81442,10616
78220,17942
59219,28740
20157,8420
71619,10496
59024,24757
16918,11273
33210,25322
11282,14413
87335,12739
35477,17396
18655,23922
89022,23618
54078,23764
50587,7406
68120,1370
10805,16699
37275,21776
99319,14167
82326,24945
12551,13828
37337,17930
30186,22065
80703,14560
57607,29669
33106,9448
83902,11945
26707,24079
28411,19420
68070,3632
31955,26188
11699,21475
31317,6772
67885,21182
11473,24569
86909,26107
11762,3446
81736,924
99690,2035
71686,22401
34127,120
83656,3382
73479,16734
90895,20782
22480,3331
24229,16904
34976,6727
81772,10912
75192,13260
53451,14692
25252,10431
82503,24237
29477,16654
77309,6688
83062,13926
77825,21768
19583,10373
20969,29107
10037,24224
42544,9556
55273,20973
35610,26753
39258,21254
50195,15128
94658,6094
19108,16141
56688,8556
73136,3996
93245,8063
36877,10042
50302,9410
74610,19928
39572,13100
13566,11890
14425,12722
48741,14403
91333,27274
18908,5902
42307,17888
73166,27863
32150,7780
40525,27968
96792,22048
83338,4664
88319,26318
91545,26984
60499,27219
53706,28750
47668,6801
48144,18526
94361,10401
53291,6797
41605,21129
39332,26392
27060,13888
66300,13755
80637,23294
71486,27394
92792,13632
32975,22435
84445,18355
79698,24404
59059,20078
69359,18442
62673,1653
65232,9650
57723,17097
57831,21663
52977,4926
10638,20541
73541,18576
31018,14863
53368,21097
39917,16888
83848,1364
13454,404
79955,20335
25995,3986
49875,6472
17634,15005
91620,4621
96575,23374
24427,9011
68785,7462
55827,893
82257,23742
99327,27821
94774,12639
52445,2135
94781,26920
52577,18032
42690,29833
46675,7827
19691,27980
12781,10142
64791,3621
72468,1821
95513,24791
20770,751
46481,5385
88837,20441
45275,22410
70368,14963
63142,14523
36937,10470
54649,26828
77011,24754
26810,13344
37342,22164
76487,18929
41620,3794
49485,19381
56576,18415
46719,5746
89809,27273
74384,3905
18436,5232
65058,822
52332,7877
13731,15157
51833,11587
98968,25940
14439,12276
40468,19647
84834,11992
13940,12797
92859,15188
47830,11592
56222,314
16539,8648
55595,15908
97380,23074
43083,29044
95740,6771
66495,15624
77826,14546
73239,17963
79076,8177
57648,26859
95678,1358
39060,8765
73010,15247
39033,20369
38644,3514
59430,14295
29631,26096
91137,10877
16581,9900
22286,12379
41756,24913
88109,25445
32503,27511
12326,22786
40114,7685
19307,14867
26240,4576
86075,25704
73196,21084
26985,4882
69959,3010
97713,23777
23835,8407
73776,25413
16255,1023
73972,14242
29043,1746
37568,26935
25734,2917
26651,16547
52710,5239
96160,432
99452,21320
51751,9059
63913,27170
25358,12843
87716,14680
18715,21496
70993,11307
48577,14844
88315,2678
50700,19247
33740,12536
62390,25226
65758,19109
98028,5005
97769,21919
73103,5621
93776,18231
89537,21676
50263,25908
22801,18955
14273,14135
17361,21930
45896,3575
83974,13534
11342,16167
50051,13960
75662,26946
15602,15215
71140,3345
34338,12769
73754,24808
30498,1911
76451,27150
67683,16871
11289,17247
60559,23828
15375,19171
43778,20877
73006,11663
45645,15028
74590,25897
46600,18839
10581,20225
80708,8034
57144,29035
58002,2624
12365,14639
95187,24650
20958,15640
26652,9880
72738,3321
73609,4640
20405,7045
89620,5588
35177,4905
34046,12897
57023,23219
20957,8322
53658,21825
28249,28030
41162,7282
31018,15759
41112,11315
21637,6167
66542,17960
81225,15561
21484,13297
45938,14655
97268,14824
94508,13380
56048,27678
59662,7374
21215,19332
54970,3644
69121,17715
37824,6820
83821,8266
92848,13657
27377,10003
46455,28789
89280,20868
50008,25141
17502,29880
85306,26630
86130,944
12709,24518
18417,5146
25333,25749
96517,27656
30341,15691
53206,22975
32576,29006
93658,12397
21607,2436
92959,13095
84120,10672
47662,15018
18829,27634
37047,1996
48108,1583
48237,20535
61890,915
76321,2169
63005,29760
29170,23764
43440,27294
80909,173
87816,17255
56493,26015
40061,29427
90593,738
21771,9091
22192,295
20613,29976
98771,15257
73815,12711
61666,26860
63247,24542
87951,1782
55096,9931
54185,10827
65703,20681
35867,29395
50059,29931
57823,28730
67947,17640
94295,4741
45384,4856
62210,10279
72606,15106
70349,1736
95264,7330
68608,18118
58283,26816
11339,18073
46286,5666
74081,4780
73933,3840
65022,9474
54157,4583
94210,25743
29995,12599
14396,4119
18028,19099
33895,28011
15329,19781
53859,3993
35888,25702
10170,26611
32803,12629
69080,22565
62000,15942
67805,26808
46607,5742
28997,12533
68891,11729
61035,3707
62346,21846
76138,5003
26674,26523
43124,17898
71376,8556
74330,4297
85141,11889
13792,17671
65266,10353
25916,19048
49037,27283
52164,1590
35653,26919
39502,4265
85315,28918
27901,4224
98212,18110
78532,2732
26700,17064
23214,12824
79364,28271
60702,2154
31013,15397
27092,14926
19458,8650
44068,17936
61815,10990
61063,20919
27959,20454
21272,2526
34235,19841
36961,20022
22537,1152
27459,2307
80491,8532
81086,13012
39044,7474
54191,24248
96182,29222
66171,26846
35183,22295
34441,20658
86865,14343
42573,19309
17786,20969
88159,19549
64795,22297
99418,22526
15581,29721
76656,20274
56680,26574
43596,5745
12599,24622
66287,21885
78724,24327
58774,19419
37998,25252
64854,4549
27277,24328
51753,14882
28580,16097
98882,10752
11183,23377
48307,7602
40991,2099
26001,23744
37908,17325
18619,12757
69590,11502
61486,20578
59130,29334
80271,8084
71736,28718
97604,25574
76988,6378
73351,23016
66419,26091
39437,12662
41136,2672
34314,19474
68158,9510
34887,8881
65795,3603
94841,29368
96772,22895
62789,17612
37945,6357
86405,14731
11029,1817
73485,17066
67787,4415
77161,29976
56795,18464
60685,17472
41976,9110
94907,12036
77356,786
72300,26065
75542,26023
18880,10142
74347,19039
84141,14479
91165,5110
86089,10223
54669,13445
57855,13476
31763,12461
47308,14425
47018,8944
44629,27119
34639,27263
12637,19701
46147,14451
10310,26884
80925,23161
78355,22210
99166,5965
27970,25901
15561,8752
52911,18415
50513,9434
59010,11818
34328,27795
14228,10786
69963,24283
97746,11584
71354,3537
29631,5697
72925,29810
13491,6980
43364,28998
38597,17384
86374,25135
46778,11476
55255,4482
99861,9579
88373,20092
48669,1397
32869,8405
66588,28636
89692,25497
85199,5323
20416,9737
53185,27083
86561,5979
78146,15390
72650,5531
67651,15127
38448,2953
23677,26388
79107,575
51184,17012
27915,5113
68147,18514
55606,13323
56032,18260
82542,4141
87639,7432
75586,24280
42295,12439
16112,15309
13677,24157
25925,10242
25951,4500
11432,22089
36402,1483
56711,24546
86838,16841
71478,422
14750,11654
61747,3833
49943,26553
68071,24173
65760,1938
93203,15778
24099,7586
51161,12933
10064,1418
76776,19578
88362,7259
35144,25888
82043,16187
89463,27902
24812,9728
39363,29854
24615,5747
80815,15512
97222,19293
10957,998
19528,14406
32135,8169
17415,21010
53488,19629
45147,29913
86633,3811
31578,4164
73843,4705
88872,11916
45243,22139
34833,6445
65749,16200
24023,17743
92293,6604
89547,27431
16601,21156
73306,17860
60524,27527
83147,19952
55389,14178
86200,13823
50145,19225
18646,26905
59359,10670
74264,414
50859,29681
51596,26651
25740,8103
89854,26155
94360,26866
91181,7924
36152,26235
41143,2239
62691,28861
80397,18889
68875,21009
85386,20194
93350,20841
44985,2270
64591,13482
66210,165
18913,8189
32613,10929
59771,3540
73814,18509
25403,24481
52435,10036
68989,6903
64494,26008
95822,16277
77096,5802
99962,5234
44729,11869
20786,2539
33089,3481
26586,26158
62904,15825
62488,29356
65920,18818
12775,16580
88784,7934
57437,13109
35070,9158
73993,13919
44790,13493
12424,26623
68914,20238
34216,6514
60057,23733
76857,8507
87148,22596
95777,18337
88274,21277
29053,19667
38164,10698
17007,13281
18877,14953
53929,488
85792,8768
30255,18584
75208,21104
48581,1324
86097,4917
93068,5361
11617,4088
41322,9420
67372,27056
90762,27856
74500,28965
40440,7835
65790,24023
77787,6144
49531,5826
37274,20617
44939,20606
56342,10393
87960,12589
51857,3297
19577,26899
42862,22720
34199,1827
17781,5004
89184,7799
12799,18463
65937,3033
93953,527
44834,8535
41778,28298
26989,957
54092,15615
93540,29262
50693,15674
60940,14558
89163,21018
66543,9540
64890,20188
57960,11333
34753,13477
97110,16577
70068,19376
59568,2224
76441,26999
98796,15154
72629,21335
12315,21976
16679,6081
20952,27600
46682,17494
90230,26836
20382,10778
10745,13125
88101,11984
32256,6305
51383,26305
72305,12258
27444,28823
28725,24970
83372,16733
75253,27897
33902,11677
20235,13056
86955,7430
62400,3411
76410,19176
52524,13858
19509,15895
27205,24925
70862,15240
55934,10730
65311,22807
14469,3497
38061,3635
39804,18306
26082,20042
83356,12701
24467,15631
57750,27116
70030,16814
60874,18682
58548,16560
47164,28397
50997,14339
16209,15663
95171,27006
62837,11650
54560,17744
27938,18222
36258,7717
87469,14290
44946,16153
94645,7606
27028,25963
21392,12980
34629,12339
54774,25451
14996,7277
29559,7703
76048,15302
19916,29241
52738,6296
84682,3142
38000,22613
10560,4470
71221,15617
97623,8586
42728,25363
35807,25705
18274,17077
80393,8490
37580,3158
99941,29322
47810,14914
52881,11021
38463,27169
15494,11615
45353,23781
14255,11257
22001,1621
83332,23455
93544,4291
87012,20885
96121,19799
26483,16190
10569,3407
62669,16521
70554,21526
40356,369
42680,22077
12953,9713
11929,11689
41386,19544
64294,10295
65556,22468
59201,16787
31029,3075
84845,653
85601,19975
87055,9280
75096,28573
88481,21920
21560,3681
29939,21278
75006,20376
12069,11129
96317,14426
73636,6648
32344,27696
16155,6117
27070,26672
57046,6259
90823,25574
29837,1306
35841,22364
64002,17557
64820,17738
44785,27483
31127,27157
71608,28207
18023,13436
65575,20675
97317,16332
62907,21717
19465,27856
39652,4995
96256,19579
18743,13726
72310,6747
68015,24966
59274,19331
26214,20772
48510,28924
11840,2066
60369,24637
85147,19702
13609,5010
22762,6034
63269,27118
42907,29327
69686,20725
12666,9508
61497,12653
85038,11386
65968,27960
47503,636
95583,12263
80246,8346
98829,26995
39877,17469
81275,29984
34570,21971
86885,8164
44490,29382
89862,19320
93892,7508
69473,22087
95808,7713
13414,18126
38514,24972
38175,19569
98685,24981
27186,28639
99184,29219
53585,8613
44927,16086
25748,7837
90752,6385
26775,2896
85357,16554
42709,23743
27055,25934
95894,24889
63961,25871
17899,20678
88248,6978
81696,13043
41896,16819
20346,26898
64353,2000
97835,26773
99374,21922
36675,21111
72408,10591
75612,19953
16481,5494
79548,21130
83979,26303
87080,1293
74428,12830
95164,29976
43374,22080
57700,8756
54890,9325
27529,24264
39039,15718
21541,25201
62414,15980
27325,10823
98606,24773
47581,1705
68423,17809
44449,24374
12538,7401
35051,14745
84793,26286
85660,11613
40238,17595
83468,9089
12091,11197
87642,1407
99560,7141
45015,2465
93533,17776
84941,609
99518,9480
64270,26746
14109,7130
59833,27239
34314,3967
72723,26856
42631,14649
80171,27693
44688,5752
92813,17999
53060,3507
68736,2247
88475,23870
59887,6786
69956,6598
21550,1797
14013,493
93293,25881
84172,27463
72874,14788
39993,11147
76565,7483
14239,28007
57884,26827
46551,3953
87855,7267
96923,25878
24872,14744
49386,24320
19631,12640
17196,5381
41918,6319
23468,511
76708,16974
36263,18797
88247,19946
19656,18504
16492,24912
55132,18907
49453,1792
52019,25946
54943,10522
77013,12939
22637,7529
37539,27393
22880,16082
39516,6118
95021,22429
95855,26286
81870,21866
94504,19752
30681,28184
15998,28106
61188,901
31860,25411
33548,14924
66421,21830
60616,3923
39457,28707
59650,2257
97035,19442
68771,28671
88451,14279
26582,12140
12299,333
21627,6915
41493,13353
59018,11592
86528,1061
60838,18584
93694,13369
25290,1548
71767,27171
80696,15588
45748,28604
56615,6303
58375,7049
16833,28829
22657,3719
99382,17920
66526,10195
40522,640
57478,11557
84063,12003
55125,27443
26775,26647
29242,3419
21672,5882
87618,19776
50336,13950
55138,28545
29629,5561
97938,6998
63506,22920
35255,1992
20485,15364
82156,21158
97283,6020
35343,27960
25417,20677
30336,20838
67005,22060
93384,20045
66575,24741
64653,27499
60784,28636
67041,23688
10608,4285
17218,14985
77673,19959
44342,10556
71570,5669
67711,2242
61296,7571
27858,16338
18307,10377
18187,10466
77047,21757
59202,26690
83604,24497
54347,10548
33259,29163
74646,18954
41745,23189
50455,23864
27341,3567
20394,13128
66710,17936
30953,18944
67815,6347
81610,7685
80647,24280
18662,26061
32411,6516
43870,14196
29094,11940
22135,21400
28045,7555
91353,4734
59613,28409
93405,9304
21481,7983
58237,16611
86335,23846
13452,13853
82526,25240
52370,5248
18498,18176
72296,4623
18521,7799
52216,21364
34900,3896
32876,4607
80822,1474
63760,13145
72317,19702
97219,28663
60172,27128
37305,20360
12001,18928
15660,6438
69958,6790
85221,26562
35812,15378
16834,28787
19693,14746
95808,26001
53245,19361
78483,13122
22170,24567
79224,9270
37290,29096
73622,2031
52088,21562
39853,23761
86974,12010
39139,19854
39022,21125
12060,9428
81812,28546
33523,16617
71572,19061
46379,3463
29664,19549
97672,11029
57444,10249
90192,8752
81280,13936
28221,19835
62338,5629
26282,26524
92235,15663
18568,5354
25939,16823
53032,5760
52475,24882
72960,6917
65042,21898
25269,7367
78429,22839
40135,18866
59681,26140
68660,14530
57535,19138
25137,25542
81280,591
24393,7828
26025,6230
50162,23769
36686,6051
78674,14911
40257,3308
95051,17895
72862,1166
23666,26464
97664,6898
36094,26891
87378,14782
67281,9817
10195,27148
52901,14499
89789,24380
18245,14143
75496,29434
66690,24358
28825,18040
54237,2291
12696,9285
25198,8926
19003,12001
51247,16136
86647,18254
97881,12238
89527,23092
62529,5786
65781,27946
51102,21904
45759,13695
45129,10024
44266,28087
26776,26014
60983,1724
45222,29796
47063,4399
74196,5678
58352,19409
10119,23235
74343,1381
79679,2322
85485,10906
51953,19845
10633,9132
83137,15717
26939,13812
77756,8526
97363,19904
78152,9012
88140,12521
76079,7349
10586,5585
34603,22597
25965,26861
90983,29707
57859,24750
71770,11418
80615,2147
95142,3390
38612,649
43498,22456
58094,1511
26020,2516
30152,967
78536,24885
20667,29297
61878,24372
33763,993
56778,8717
98169,18212
89020,27740
38504,2473
93284,29998
79982,27162
43267,21284
38315,12070
88818,10136
96454,13718
98772,367
44166,2476
50527,10223
86520,22459
25721,6052
72350,15892
29709,18801
53941,20672
34246,15793
92837,7963
20869,11451
30733,8222
27149,19616
95635,15748
97439,791
39214,27693
95697,20023
60717,1911
81901,29632
56933,11822
69174,8787
39042,19775
94887,14829
73220,28233
37045,24667
44304,25367
24740,13156
48252,21697
19933,16857
42779,15877
93765,8759
28314,8535
32323,6191
54021,22653
11514,26255
54742,16876
30318,26927
38225,12851
87370,4255
86376,13239
24353,20610
64000,25963
93200,21472
35460,12126
40369,6540
34151,13535
16583,11348
68902,2880
73390,3611
40302,21420
69193,1189
64960,17855
98221,26227
69236,8248
80119,19170
15676,15577
21848,7268
35911,14420
83485,3756
86416,19651
81490,8800
21113,7578
93442,617
19059,943
61969,6130
81430,9424
35604,27821
29102,18019
85801,25277
18766,3913
65123,10352
34896,8497
97594,2859
70357,9272
31231,14392
49381,7362
18111,22950
88944,15068
40868,1865
70858,11581
13563,22983
27324,7090
24563,27115
54374,23876
97211,24360
33602,483
38252,3802
88732,7553
12439,28428
55752,21812
29344,12043
48913,138
21667,3892
25163,9830
43897,7862
13809,12424
99489,2827
51324,27783
72286,29925
70403,10847
99367,12475
16065,16560
34380,16356
86170,3068
32799,27321
42400,28609
14721,6968
35818,4981
67601,28173
53902,26410
34765,10709
63673,28942
21270,643
86545,474
57627,25022
70142,5264
63087,18844
65788,26206
15035,20344
60021,19196
81300,12689
19734,15262
35220,9559
91819,7184
87831,27244
85794,19857
13502,29471
13307,7200
98862,10138
33080,8418
88957,13178
35468,12733
53410,20463
90535,2816
70238,22953
86250,22285
27035,23414
14135,26540
42106,21163
71377,24748
64577,13854
73109,3311
89203,26098
65008,9715
20747,29561
76007,17101
39790,1147
79364,15651
57724,22250
14467,11237
23282,2252
12395,1948
66873,20137
17857,26374
14030,3899
52364,29676
25392,14105
60455,28657
13314,24051
32581,970
60065,174
55877,21908
10248,12160
95151,5958
26620,28982
59905,12614
59245,18752
44160,27226
63868,25280
40706,21364
82853,20153
54063,12725
68456,11354
70357,27534
29485,22422
89318,22631
53170,10879
31956,16595
27159,11328
24306,8950
67096,8837
16815,29168
96479,20222
57936,17683
65257,4058
18067,924
55646,12642
17679,12703
87167,26965
59768,7455
17579,198
76845,17966
47828,17409
13690,19400
27290,24885
12418,18395
77215,7572
27888,18557
51244,12887
71836,291
88059,11925
16818,11335
76887,26891
46738,23885
34742,21472
37271,20327
42087,28275
64702,972
63438,12122
92190,26690
26753,10078
76029,20469
52139,11497
50041,1006
46948,22123
96248,28510
79086,3554
90135,24557
18792,26480
26508,10497
13992,28453
35434,9888
66180,18205
91451,9185
99588,23187
91093,12312
99858,2341
56520,3962
89304,11397
53025,13744
50552,3096
81688,4692
13674,15978
13884,19099
59099,912
59636,13022
47888,3926
29284,13847
28990,13896
82473,11835
54490,4669
20695,7061
74153,14044
18227,14568
23330,3512
28292,26482
30328,2573
29273,16315
99037,5041
99077,23524
95722,10084
77614,23852
74902,3762
66886,14346
80114,26307
42606,27258
79438,1485
91874,13053
25782,22272
95454,8101
23447,620
77708,23703
28299,17161
71199,665
75003,22413
93685,26453
70446,476
48052,2738
84716,12446
73007,6301
65364,21808
30243,9417
82878,15119
76560,22618
81168,7240
29222,6485
73090,1116
46691,14325
33592,2606
97928,13083
58884,8961
57285,6154
68206,29935
31564,6246
59939,22901
83597,29388
83552,26249
46972,24231
39725,8569
10947,27626
21742,21311
31478,8700
70461,24193
98697,22726
38672,6520
90714,7567
86477,17751
85598,2895
95484,10507
95841,21100
38100,758
46735,7131
67201,19174
52864,22996
20343,9857
30789,2484
87113,10042
61450,2825
25456,24778
11494,19897
39886,26506
40861,16219
76057,24784
22606,10478
15118,27333
61599,12822
78399,19351
62021,3713
44794,10197
42236,8063
65408,24436
45167,17900
12870,14022
54349,6785
87492,27526
20040,7059
38693,3373
25701,24952
91789,16368
47157,11515
54798,5345
39076,24232
77796,4105
70238,5898
87496,29316
16451,10012
52050,20161
53040,22166
65211,1408
29851,1365
83465,26152
78020,11922
65998,1129
93770,20018
41227,16569
14258,11407
51380,27578
40516,20700
72773,14419
21188,26926
66889,7165
90920,13348
35350,6118
52644,20710
22270,369
95378,6622
61847,27529
78476,24714
57679,2410
48519,19910
73766,2536
32459,20738
74511,28172
94454,3250
54184,17432
88568,27097
95212,9491
82748,3486
84195,21563
15711,5141
54920,15193
30262,6511
84728,16168
56960,12454
85238,14030
96435,10265
18294,4635
34514,9640
33237,22276
44752,14068
57054,27580
75214,27977
51148,20148
88306,28179
80773,560
87606,2794
55908,11918
77342,23179
54473,9598
30431,14055
52315,3176
63755,26028
94745,19401
14487,620
83622,16322
47362,26578
30734,22881
56999,6007
22661,4065
59578,24553
68841,26938
81045,15079
82777,3272
17800,13687
45701,15651
16908,11998
35368,26002
39350,1479
38392,2864
93090,16282
76531,26322
88737,23643
52357,21841
80423,21936
70862,12018
91397,24363
45906,16568
16539,24006
16770,798
87907,6497
25009,15063
40216,1301
73281,23778
69875,29765
78537,13670
83531,8595
86236,29194
37886,14458
65343,9321
75289,26038
22248,28637
53505,8702
43314,5536
72285,8859
84949,2900
60654,3235
28516,9662
76969,1549
37267,9372
13748,4782
92652,10226
43058,13864
17438,8222
47991,11789
52517,6419
94431,28620
69474,3376
93982,17082
37850,16466
44451,1936
36045,7391
36129,21271
38692,12150
31120,16474
25963,4689
31678,29013
64541,26862
48986,8385
69565,29668
78397,13919
26391,1515
34282,6580
16058,27063
43610,9269
63303,20190
74388,11484
60438,26882
28537,5231
40907,27803
24886,5293
57510,29470
47767,10807
65328,892
41913,10571
27679,28224
76000,22026
26302,22124
13685,12981
69575,26327
59982,3278
44815,5773
65862,5022
52854,10491
89295,22050
88772,17130
72302,15171
36408,21325
49930,10709
98264,16126
84196,18735
84931,19855
52137,7579
53438,14821
39525,26560
52579,18865
29726,19813
86365,16112
96827,12585
94723,493
18584,11055
72270,17233
49689,13272
67633,29626
29924,24929
76088,25356
24564,23671
78719,11294
65815,25032
86944,10346
29662,25769
59903,21189
38244,9781
86796,13179
81590,16377
17791,14337
67203,10860
21103,27987
82662,18183
72437,6875
60237,24660
74676,17897
77010,25466
47226,5719
13288,646
55306,21259
50026,18765
19414,13609
52768,14924
57687,25516
56264,29594
45035,3005
28273,2956
20474,9185
22609,28485
42334,15726
72280,18758
84768,22662
78509,11420
42100,27313
71527,19293
93609,7705
79016,575
72054,8547
95008,3848
45311,28649
24731,8069
68199,23608
30414,18871
31479,1259
98465,26334
33961,18453
68929,12103
43936,4794
24914,5264
30079,17853
67347,26196
62856,7521
34345,11899
55119,12325
26239,20321
43327,15767
73793,15869
46816,24665
33435,26858
38496,13378
74306,16679
58988,24853
78072,14138
86732,8182
68552,17897
62298,22800
43270,19799
20901,22840
95640,1094
85954,16086
72975,11192
91260,24490
26981,20668
29842,12109
14068,6795
43154,3766
90507,16299
21125,19355
20069,1856
60550,10123
62414,7438
59468,3760
75960,22400
48318,27553
59462,12145
84123,654
27449,14789
49535,1747
61397,7371
59185,14582
97555,453
45433,16802
49160,28380
50634,3627
21094,16080
13504,8712
14299,3504
80684,21247
25906,20051
84542,16999
19444,860
91912,3745
11160,15558
58651,16416
30310,4335
88760,5734
39761,16067
67067,8368
28932,25899
34352,4870
30148,29732
17968,22181
11983,4093
30937,16556
14698,11910
55951,10053
19937,7832
15939,22395
72294,14282
56539,5847
28203,5980
44990,19532
60350,19028
66219,17721
53965,19925
27224,24398
15345,17904
83174,20663
90013,23832
96080,8909
42404,16696
64475,29528
58809,3254
99594,29285
43187,4540
98377,7129
51035,23192
69684,6195
74757,25908
19944,27275
35029,27968
86346,14758
15108,6005
15435,3112
36105,13790
87584,28831
85492,8914
73468,997
55077,13567
13605,7255
89359,25293
59576,2879
23659,9566
31043,12623
70012,10178
57759,22967
52952,15801
39702,8329
46649,29263
18524,6960
50510,27534
64906,9679
62183,15400
20430,5901
58330,6371
61146,6923
43135,4570
34071,4848
69226,11519
95456,18688
55610,4045
16472,16021
49596,4015
54279,11796
97828,7394
68972,18415
27457,11871
76113,19518
84033,1031
48311,20720
43940,28463
33732,22766
37997,26627
38035,4998
76266,9930
81013,22485
78153,5298
29485,7446
60212,23357
82272,6891
85393,17876
36824,14197
79616,14522
37788,24745
24523,26840
94209,15764
82029,839
44054,14618
86776,18397
62683,26433
79992,17726
97476,13635
78916,5397
38234,17450
73431,20490
12884,23910
66906,28917
66377,5301
28321,10722
85487,29323
79161,24079
99672,16011
22053,12250
73363,24043
49891,19202
34281,6810
69297,2411
15621,26699
32241,27849
42002,5120
19036,1604
98429,8153
67219,16606
47621,2008
41524,22642
84458,22290
31211,7989
50391,16743
32013,1935
12145,4333
80886,18713
91124,7188
37016,15565
52585,4399
74180,6637
85856,26812
85198,18381
84882,13707
50560,8574
73542,3064
10857,6991
82027,21487
53938,12301
69584,10008
62391,27525
56615,14146
56444,14574
86759,23994
87554,12506
43671,19466
22219,29502
81205,10584
18123,9976
25363,29268
86316,4982
41308,12714
92575,4515
38584,3147
16858,27501
28623,17155
64425,28969
86770,23597
16778,18997
20582,9328
76137,16739
92672,4625
53092,10107
71812,3196
47978,12829
14571,9278
55266,9897
53106,20604
67946,7599
68410,28004
92250,28418
68330,3361
96304,12713
44163,12696
13588,1836
32801,19754
59725,28547
58773,25889
31671,4927
81169,16313
82888,133
72255,3612
53544,5399
94112,10515
76161,28870
84232,27144
54170,14189
21240,24848
39626,22754
50591,4197
29002,24944
51343,12996
92720,18333
27282,7498
62746,3952
93148,26484
78155,13204
53436,24334
75210,21776
60080,28404
19836,25060
58133,16426
83324,18743
84623,28475
17982,7893
67154,18619
16433,24029
69226,22309
64660,26700
61193,9412
11284,16460
44128,4728
35676,3597
31088,10294
21210,129
34942,17174
21546,1095
20499,4070
78131,1044
43821,4199
66035,7878
94744,17811
16491,27869
82409,1382
15400,832
72910,23450
94720,6121
16711,10065
90474,12275
84099,1679
74624,9620
73497,21463
73387,3750
60702,16121
55741,3128
36473,16688
21453,12791
44261,14195
22387,2906
28171,14022
99139,22588
56389,13881
60557,11010
32846,23228
21276,8535
20201,1634
42273,1399
43049,3133
51523,10059
53415,4941
65412,4318
37071,2083
90937,29175
97926,22458
26887,21077
95202,12281
91038,27830
43726,27474
19316,10430
94960,25423
87345,14195
77017,11966
27596,16576
55538,9834
57244,2484
91918,2278
94146,17153
45254,1057
97614,14584
33546,10523
95297,9533
12618,8660
61541,23543
18356,26162
86719,28354
21727,17685
32478,18675
55365,7328
49334,13842
92683,18613
60868,21277
56761,16762
99233,23942
81882,7926
96027,20640
66882,4123
64481,1869
81963,18352
82844,5347
54797,7620
72227,22661
72163,18431
90371,2483
43120,13985
11997,16029
45287,19247
90605,5103
40130,11327
74777,28513
11800,14517
98198,3697
81065,3355
59863,27289
36197,7275
76253,7232
50364,10133
82101,18553
86648,27305
16229,1326
89672,12147
71276,13652
74683,17896
46271,300
59019,6312
39659,24052
34326,18244
85037,6546
17570,29705
39463,20251
49215,16946
10897,21851
80316,14546
22631,17914
19360,9812
99620,9600
31268,23613
23453,21071
50446,7259
79902,9721
76209,16857
63017,12089
81562,24346
82815,11482
61823,23058
92612,1031
30685,6312
26488,12499
42815,1134
28070,20395
65465,4966
75740,2580
70608,19901
45967,26566
86975,17965
62825,7233
59910,20178
50919,13592
47099,28452
67091,12559
36847,17519
55079,21088
57603,19465
14694,9904
84204,11696
13398,13332
56268,12238
58157,25234
47088,5747
91002,7046
52619,28439
63643,11061
22066,11514
12511,28102
89624,8790
82031,15247
57880,13372
33660,22411
57631,1281
82031,463
70981,28563
63367,26461
25744,22445
22397,7501
39237,20584
90192,29558
47492,12604
91504,18118
68519,4329
64227,4319
29716,8541
54234,27738
94069,21283
15287,4471
73794,6078
34622,10078
29080,16171
19528,14542
40640,7082
68678,8173
67738,21872
49546,3482
71614,23133
56418,7377
78193,3689
51916,13625
13528,12468
36644,10026
66204,5693
68222,20058
67624,3406
77171,9581
92104,20236
74353,26121
72217,4054
75883,5348
47362,6886
40316,4052
43775,348
36964,11228
73010,879
52489,22959
90847,4384
33634,12157
44497,12613
81048,293
15579,29885
42708,24213
50620,13682
32010,11459
26635,25799
61748,19093
10149,3998
40465,2950
84053,21129
91886,12372
77010,22841
37524,15905
66876,16316
16705,29217
58024,10192
95192,7345
32384,15929
57597,25252
52765,28954
41753,28227
59183,25448
93933,13671
40808,8203
20846,16154
39350,17084
21044,10909
37321,12619
53728,10692
91727,19659
32879,29007
93115,6366
94587,14451
64925,13937
85930,2203
22999,16466
69733,10142
63492,19362
45458,15846
93736,2925
74186,26195
43200,25056
32617,21081
39465,29638
74487,19245
71907,22079
73600,25120
38451,21432
79261,1190
93954,14480
67387,4270
37916,20572
43962,3869
69711,11786
19521,3910
43064,22963
97697,12175
62660,11148
63349,23370
77430,4837
74519,19334
44591,17688
60567,2291
71258,13653
84279,19954
86316,2950
16387,3825
37484,16700
30123,12849
42086,23349
66291,3894
46603,16776
37507,708
23575,26363
67321,4726
57121,26355
23962,24538
94106,21785
57872,16205
98397,7710
53917,21318
29834,11043
92024,26595
34840,20777
25080,9244
67268,11902
34234,11372
36398,11190
46632,8797
66717,28157
13497,23542
68851,9981
24564,3807
26252,9796
76686,15160
19546,8640
24618,712
64185,13811
64529,18575
69309,17767
18063,7101
95056,11334
72478,6630
25717,15321
14985,15296
24728,12331
22174,25958
76822,14815
80816,6512
78820,4657
12404,21252
19264,26220
35649,13778
41745,16195
13933,17237
29586,24019
63605,15258
35135,11325
19429,22482
63055,15848
44977,17284
46212,14388
89957,21641
94832,22684
41045,9018
53024,23372
79187,1395
47862,7461
87506,23150
90657,11253
53424,3751
61070,5061
19777,10257
55521,14142
74131,11907
98162,17247
88998,2745
25342,11631
73205,6320
82989,10172
87367,3145
62347,18969
54620,11410
21573,6965
56161,13898
51320,17131
28939,3937
53734,20585
28374,6794
79432,2336
82701,23494
49798,12296
93748,19689
22277,6465
19262,13980
57313,28549
68346,25835
76135,837
11970,2394
80455,8777
24664,22144
47579,20268
31964,411
73630,7782
10766,27141
48583,26254
13482,27669
52829,29274
87843,7845
34122,20320
97318,12765
97922,13274
70065,20126
49705,27141
50598,9267
39165,26078
22349,28643
82384,12317
56432,23887
16104,18773
82267,14240
34317,25868
78632,4690
50768,1037
62345,28239
12793,27764
11504,28124
24966,25813
33371,1594
77031,10482
43553,17494
23930,18025
40839,21152
45965,14556
28618,29984
11947,22114
30050,17987
63773,20876
45114,5470
46552,12425
83493,3090
56669,100
17247,12364
29698,28358
33620,3492
82371,3921
59958,7676
72518,7511
68308,24737
17050,20174
63995,7640
22145,3885
36104,8353
70494,8710
56811,15754
69675,9378
61191,21828
59810,13254
44137,20618
32054,1751
85594,8659
95049,4040
95813,25963
62561,452
17141,26086
34224,6203
76565,26722
73015,20369
89190,22661
44151,10037
83974,22913
67322,11202
87775,20411
79501,25218
69181,16577
99154,360
44459,28309
11269,28330
20379,16461
60234,15036
51165,16711
25407,22457
68515,17150
15793,16237
16318,8365
78549,25794
12418,5201
62878,10871
19545,945
77178,10024
33101,21173
25295,23475
61444,19256
19248,21594
14818,25288
33334,25585
38295,29282
18472,18298
21415,28641
28253,7423
60874,13706
47936,20223
50541,8704
70103,351
65711,16219
57708,8421
95152,1853
60147,24659
84456,17756
48050,6822
64967,22939
80213,18745
88518,24104
39300,621
94984,15898
87675,25398
67998,28983
62751,16180
71721,20423
37645,12733
12262,14134
92361,3127
41394,3973
25916,22081
88859,3110
84076,28362
13768,29001
75148,4614
72300,13347
60847,5839
19119,17784
11381,29997
34523,26522
80305,9571
56042,29011
53510,23200
20557,11245
43626,18010
23573,22355
95024,6668
63403,5862
72264,7579
73868,4285
57008,12962
29739,3467
96390,169
72031,28934
95360,5217
56059,9935
41190,16120
49244,1873
61084,27421
28876,29581
49668,1590
38578,11496
28670,25449
56011,17815
64600,6773
14797,5443
30232,24287
27094,17786
17708,4841
92440,15119
97217,6605
70917,19653
96456,19057
87217,2613
62215,21727
55609,20376
55444,26885
81117,24365
80337,2620
20474,11373
79122,11491
22526,10838
17766,7106
44750,5860
76235,9220
34604,374
12014,10047
65032,8433
94762,397
79622,21263
43048,12419
72120,10736
43532,14343
55681,28068
58158,2508
80953,9888
28771,26603
31358,7065
31318,28347
20514,22499
27907,18935
47556,26730
81294,642
35252,16418
25096,16409
22632,429
58951,4804
34690,24062
52827,23345
19735,21215
37603,14543
45631,19757
97254,2662
41001,18601
77478,8062
69987,18151
72548,29742
79778,8810
40925,14846
45502,7613
50308,7651
85507,19046
96835,20574
28738,4758
46855,10494
20582,19294
74527,28429
18099,3389
50191,22980
92363,6183
49966,17180
73112,28917
62095,3938
95683,721
73827,18102
81951,3467
95801,4614
95370,12809
11303,21169
92269,1208
52879,8940
46070,13647
32301,8507
62682,21178
91707,16459
28045,10412
31955,18053
34772,9355
60470,9996
43698,20474
68242,21517
38096,2739
63445,28545
20228,14183
36393,17734
90767,121
75101,17515
14643,14748
53230,2611
67785,4706
91733,7420
48723,5769
65307,9722
11429,11346
33830,24328
52728,29097
64247,21472
87970,9510
31553,157
59556,25006
31328,25949
18429,6682
35513,10973
57860,23635
89748,16620
20455,15016
64893,14880
13180,28564
93050,25464
74237,2248
67981,23002
34657,1683
60056,3923
32647,9430
27034,16596
83305,12261
77206,7339
44022,22078
30127,5927
66083,9677
97490,144
10605,9493
24502,8265
31552,17583
75688,29084
62176,24792
11270,27182
89637,24778
79058,25819
37496,10452
47556,19581
96739,26172
86879,4421
10310,26475
77941,14391
40054,13095
70608,11047
18491,20929
26096,28169
24313,7748
97297,7324
21027,14594
59279,1295
98167,24510
68160,10605
52058,18161
32397,2825
70919,27234
36120,15534
14218,6875
11643,520
95986,4703
15227,14527
40682,27860
75480,11941
29992,1123
71803,25961
59112,1253
46845,29769
33384,24822
39970,4207
65655,16310
20380,17909
40853,10769
16004,2397
42387,11078
99263,20823
30340,26210
50866,23783
70344,28821
61566,19659
23969,14883
19421,6942
83900,23514
59476,20170
59452,23325
68714,23237
37316,1794
71948,4354
65338,27017
27192,20107
62599,28935
21402,28731
22829,23034
42129,6508
93465,22243
26736,8777
80914,23278
58573,18777
20314,27687
24407,13203
26250,28466
14832,28859
10651,5704
66535,29072
90048,23312
11770,28967
92798,25111
66692,16799
13234,17936
33337,17973
84551,3378
26706,25715
15124,26754
30187,10349
39896,3084
95102,23463
13304,14221
11958,22237
74669,27950
44564,26015
66769,2943
53461,7577
70978,12016
11291,26648
38496,15246
52933,14985
90007,6567
12253,22302
27687,1460
93640,25753
72615,27797
27416,15838
25218,25491
63413,29952
86403,7631
60893,29263
72908,16923
84394,5126
61563,6804
67138,25022
22629,11349
65508,9884
84864,8126
92277,24520
44501,6931
70395,15164
30312,553
51130,19481
12651,13582
37135,12089
31620,6699
56208,12771
23227,27167
64082,24001
28483,15219
28026,22911
49076,27993
12187,26451
62343,21896
89653,8312
52149,28300
83351,15342
68276,14691
43519,29378
78253,15448
32970,5912
77042,27684
25346,29379
94538,25612
34876,10225
34451,3543
34281,13533
62475,18264
13355,24874
10789,27729
91420,27175
34218,2443
72912,3704
56217,20096
98225,26522
40863,18809
89831,13297
17146,6843
57042,24946
62016,24737
12867,19412
63459,15847
87465,2685
22387,15169
26538,3355
71145,21530
15271,23138
98967,26491
95107,1010
80480,8793
74080,8474
89065,23361
15049,16203
77430,1818
45650,20836
38658,13287
71682,11344
62808,25459
55717,1009
99994,10367
33769,18541
47715,3843
25191,11893
73991,18190
55313,16936
21052,8894
17296,11924
63563,16952
97604,9353
31294,28223
71239,14098
93995,9284
25631,19760
80921,29220
95787,5166
75565,23831
62305,24758
40812,13994
59412,12635
80812,16741
58160,26727
54406,29480
89035,189
13427,15749
90274,16673
17478,11158
69712,9282
65181,21670
48640,17336
83246,9483
28139,14483
46376,4590
12999,4834
76727,5076
49204,14795
11165,7557
82942,2722
43701,13600
40156,22490
94721,2338
33670,8685
81020,18716
61687,7636
28047,1974
35327,15100
59278,16701
98968,13233
38042,7091
28776,25812
79059,4305
11009,15014
74696,26158
31245,6231
26979,22343
81717,12076
72514,17580
55732,27407
35994,17318
95676,1667
73161,8184
71124,23173
68933,17022
75169,11369
82077,7625
27401,28983
92192,19155
23388,13420
44402,10693
51779,17809
75668,8398
34953,11897
79646,28376
80852,23196
63901,15682
83406,17845
89537,13482
48680,19249
69779,14228
33249,13188
96676,2073
47706,25577
37546,17718
62824,6757
26207,880
54537,20743
97025,19419
96628,22830
18591,22013
81152,4539
44652,5198
13675,7596
57385,28407
64942,12577
60564,14041
55809,13199
20749,15520
57565,18786
49459,17391
38081,631
63871,1168
95823,18520
90170,5012
38139,15651
50062,23305
84518,25212
95540,26575
52266,14663
91961,23320
81246,17530
26078,11510
63779,6319
63918,5141
93289,29756
40792,28064
62235,23713
45881,12301
90560,6266
75695,6355
30190,8715
66757,11498
38389,28374
68557,9169
62416,10977
35044,16522
44989,7018
39618,1957
92675,18451
66123,28041
24677,4036
96022,5107
98745,25083
19537,2720
69131,18028
85552,5882
54393,7437
92432,20862
32332,17428
23428,25569
88949,19019
40163,15949
90733,26120
45971,21990
94183,28919
79085,27063
12756,28533
56979,21709
66922,13761
50608,13066
60143,26540
37290,937
69494,24427
27008,4710
74688,8230
51847,3834
38400,27155
97666,10078
69101,6746
39586,27361
64577,7428
47246,1280
62255,10196
67469,26363
48350,7121
27877,7993
49551,24823
36209,14544
53750,10014
95446,19563
55703,3363
59870,24720
31344,13155
77754,24241
92629,20998
19125,24780
85258,7407
12065,21966
23045,2971
38097,4144
11107,11606
65233,5137
87435,17543
14653,7741
92062,20456
73909,11840
88603,12198
74365,27370
40080,9593
36944,16388
77910,28306
59833,2952
26129,8361
62364,7482
93609,24585
44886,8941
84605,22599
70775,28983
92807,5594
57971,27716
15428,11190
36845,28127
78172,11241
88252,16643
79160,16715
42064,12970
79828,16719
93452,5307
39170,10769
60527,19362
69417,12775
53076,23995
39676,11149
47047,6188
73417,28312
56519,14710
25386,28461
92320,5076
49586,15692
11697,13289
92206,16539
59629,23267
30680,20622
65356,18287
16648,7025
94712,6840
94178,12923
12211,16800
54072,28444
81285,7375
91459,2205
44107,25377
66918,7197
24835,554
93179,22815
70167,487
20323,26819
18739,5869
31708,13249
31184,254
84404,3108
43443,13372
70134,10758
43491,3804
48228,498
93580,465
89727,988
72187,26376
51227,3842
72696,2318
63418,26622
49556,25193
70592,22759
92230,18271
56605,28681
26858,28742
60018,10392
53704,26274
45906,2414
64905,17024
27592,15560
96127,13480
39475,15149
83098,22578
74709,20854
17250,4803
90614,23472
18089,16128
67726,12810
22352,9962
72133,286
81144,611
77229,16010
92551,19713
10398,27849
83212,18304
12435,218
14207,23925
91427,18416
89214,16223
83331,23161
54257,28030
14801,4247
48484,3543
69214,25419
48950,4596
52716,22466
65356,16694
76488,9274
45898,7580
27138,3080
78179,26098
64528,7013
58464,14710
27348,2940
30415,22391
60728,22898
50331,28780
14631,17298
40219,3191
27380,4124
56225,23314
97839,20329
71716,14450
82371,10412
23008,2465
10193,7179
70308,3561
18330,421
95641,26454
92278,4015
46464,13867
43758,843
36521,26978
29775,8881
36735,1214
39642,23835
35738,21353
67374,27616
25258,15566
79063,22326
95481,1306
28132,23454
92052,6073
99694,1509
10880,18163
51001,11466
79643,23253
11317,17683
22598,13615
62674,24148
46015,26138
38417,5561
22816,20979
22452,11655
97774,1161
88377,15455
57295,6786
62607,10164
57673,17404
98641,20093
83705,9103
84973,9720
78155,8366
56651,4914
84120,28592
87619,12496
50386,18854
27994,23742
60721,1492
49037,21413
91992,12104
58609,22497
63250,1610
10140,4713
43336,21406
47635,3052
49013,383
14311,19538
75252,3346
38614,29497
68331,12957
10965,21587
35837,14078
30974,4891
66706,2044
74711,2093
29574,10095
38725,8571
75438,5082
91439,2064
20392,12208
44232,3250
35507,20758
99517,10930
88874,4289
56282,17951
25938,113
71851,27974
89218,3999
67720,6294
71755,21646
64804,22420
38170,2351
39869,14161
32098,5858
93677,13936
40610,27380
56189,7628
87791,24984
91588,28653
85798,5692
91104,11723
12455,2891
92114,11890
15172,9419
97351,18608
88962,10360
16001,14278
55360,23876
95266,13994
19817,7976
31660,12816
46929,26658
54455,11822
38630,5041
29249,10975
40803,10263
99264,18023
81922,6594
45643,12450
17490,5087
50427,9391
87547,27567
82863,27876
33047,26941
87778,10038
20971,7903
67036,10214
11511,26446
19892,4736
81276,15948
64791,6794
37466,5242
39231,10187
13668,7527
45753,16092
76290,12140
82938,10546
74509,3568
48490,27846
21590,18968
50555,17025
30872,10810
88754,8679
27302,18117
31556,29032
43201,14705
77128,13062
63878,21946
58033,29984
92448,10234
76049,19551
72255,27088
21020,28436
33162,5540
45090,24980
81479,25056
28615,627
19616,21590
76207,7589
30552,10926
19546,23092
25771,27370
61401,9024
39046,20361
43057,10869
52777,11764
76099,16994
18415,6086
99271,22002
47895,5034
40330,23444
10781,13334
50750,12418
37581,1846
37167,24146
93278,27992
64287,6527
18752,18080
81057,8987
29778,28015
71914,17226
13768,1308
63725,15014
33354,27109
16705,4064
46619,4658
33526,9600
27744,21327
94688,6833
41762,467
25856,25133
14796,7724
48769,27867
91682,3874
99233,26626
78104,8619
52751,9911
85052,23673
73000,18874
24116,28272
33948,6390
96807,29929
88375,22626
31526,4610
66850,29631
64815,19198
45954,4860
48321,11366
13384,5992
92610,10593
67427,2759
61875,23713
24593,7645
19680,8216
62701,20309
91437,16512
78300,27595
21449,28255
88492,9250
61344,14011
69217,13620
57887,9837
42680,8920
95537,14578
36069,19767
72421,25797
92916,25245
67220,21500
29033,5869
15709,24191
16622,19539
23615,2533
61425,21839
92960,26438
28919,26520
79469,28830
88830,21603
68334,25106
30003,25626
88758,23932
38974,11508
49743,341
99588,13648
61258,18104
46092,3526
57400,11453
92783,2870
17365,22947
65234,27733
86077,315
32594,6628
92603,19015
20180,519
66214,20318
85800,11868
16753,24533
52340,3440
19060,27741
23455,21222
99556,3956
55848,26074
46337,28450
49044,5859
52224,4974
52333,9181
53231,12452
94289,21926
79181,20995
85008,13611
79128,3877
62792,1326
50534,9618
82867,18391
68039,2648
64474,15488
16043,2270
20058,7741
23015,28051
77430,2996
70897,11337
72445,24735
17160,20572
62501,287
61896,11070
69264,18856
44532,15503
73805,14034
62049,18134
63254,7148
97660,20344
52887,29666
71768,3732
10001,15105
62623,10540
41695,8786
82794,2718
25071,28264
71146,22521
28444,11643
97163,19476
48098,10882
54756,8615
39911,15590
90954,7874
87380,23955
32166,29527
21596,17686
19913,7034
24285,22812
23668,22842
45590,9744
97992,8724
45876,504
40589,29919
16116,12630
84871,1976
26175,15338
49381,8325
13759,23172
80312,26195
11524,25699
63395,20292
71334,5801
13506,28895
37383,6428
98416,2634
46730,17489
85054,24417
57186,20414
82329,10193
31688,8849
31031,19391
99814,8384
40509,2241
47546,8683
69333,18273
97523,12089
54296,29698
73696,8941
47698,11230
70268,20142
82282,23261
27296,3075
33116,21040
50838,3205
86065,12709
60928,23813
22525,19934
95313,11706
98587,12282
66402,15537
97627,1660
93332,3847
50803,15277
58983,24545
17582,6498
36970,1482
67229,4115
37348,23777
41935,8117
82245,17751
27125,22696
19495,21508
13328,4044
57073,26773
63496,170
59951,17072
46492,24427
19944,23598
36406,17648
48750,17489
96921,28808
31167,25660
44644,21193
53734,11316
79217,24809
80526,24176
79112,11133
33494,7824
67890,4459
81489,10159
56271,174
53846,17355
52002,28010
45044,10787
98373,3014
28076,17606
31526,16287
98118,24431
53306,29047
36437,11648
82836,29283
97428,16365
19585,7111
75055,16522
42035,6121
25284,2042
85969,12463
77457,17965
22155,13899
15839,28152
11663,3073
30098,16970
93480,27094
46752,4945
72455,9249
93839,17509
60635,13680
69179,18786
33289,1653
90578,15029
15744,16259
73511,6285
95536,29713
16336,26996
23489,14406
83255,6577
20130,26560
58200,21083
41751,27406
90876,24044
73993,14662
54229,20002
36002,28446
77577,16587
47683,4791
92344,6292
47785,14904
22504,15542
94896,27766
93864,16089
45055,19370
20535,2069
81815,8293
94903,22301
43561,12234
25941,15556
42321,17226
94170,14798
77564,29528
87776,18215
67974,8834
82657,27102
23079,7028
95577,2155
26436,24446
21087,24659
37466,6505
90948,13662
78315,10405
65922,5398
29470,27942
68077,18462
59967,16872
42747,14040
25402,24621
80803,20762
11698,3159
10564,10393
78707,9639
14511,566
84359,15257
71873,27676
95960,8212
21581,27706
13740,14313
40234,20450
25001,18145
17247,26335
15780,4123
72761,23122
16105,15752
33927,8992
37170,18297
75087,29314
67548,4155
13225,28302
11033,8865
47134,18814
27228,4791
93613,16306
45166,20680
64925,12505
76410,20522
27446,28312
25418,15463
52761,1972
62054,7080
24518,15825
15921,24878
61017,5328
59626,29956
43229,16109
26878,26022
41107,15577
45266,26301
90785,13681
36401,24632
81300,9951
80083,9916
45384,12466
46312,21087
70363,11747
90103,739
18883,21980
29609,11163
69563,7627
44099,17333
67956,13553
80887,5408
32780,4861
22450,16031
11668,3032
24654,24244
34738,17829
35668,12649
18735,10522
90686,24004
33507,2939
42353,28040
51926,19246
90356,18530
58084,11128
91377,14135
97832,23320
26415,1219
88318,4156
82719,29786
76816,29797
39655,29011
94569,4359
96123,1916
88912,3747
79092,2686
56310,25313
19523,29367
36876,29314
58682,10036
34320,9431
93972,1529
80006,23793
75036,18877
98988,29965
23613,4053
26510,8934
18562,25375
47307,23298
92257,7520
49027,14923
43298,16434
87811,8205
20541,12485
81045,10839
39639,24055
96205,28625
82019,8010
37551,2079
84821,10834
47334,14917
88609,17319
35784,3241
97798,19916
44159,22998
51506,3423
63396,28384
91213,22630
30362,14056
53575,13215
80600,10367
32721,28932
80637,19931
65314,26704
98891,5484
39265,15009
15145,2811
14103,24369
93907,6128
55215,15604
79254,23152
10480,10794
14954,12257
47110,6588
63921,21142
41799,16676
29497,13965
25418,9207
16972,25890
80182,28367
19147,20615
17377,11062
75330,2278
15116,22699
26347,20374
10210,28088
85578,29640
17153,6417
19963,18286
21170,3137
85338,29884
64188,8690
76360,21720
39805,2000
16202,14241
59063,20108
73136,13134
13117,29288
26013,21394
60789,15152
40515,2788
61791,14617
66628,15236
87355,22637
59234,16577
92234,1975
78795,10881
54509,24094
54493,4021
58161,18002
19607,8013
41406,6209
27472,27974
80496,15129
33498,5605
49844,8476
79629,25975
96175,25548
69352,1643
69481,28409
97341,4553
64994,18103
48551,18394
82541,24536
32082,5077
49071,23226
22582,5893
64168,28417
57719,11992
18233,17254
33915,16364
57681,22904
25529,22531
97108,12108
77915,14981
87358,23163
13980,17221
14354,28993
82296,8597
11803,6170
89348,28456
62119,24570
88627,13870
20979,8761
16578,5189
52980,17105
35994,6886
53180,11227
39925,18714
26719,23267
12060,9048
59663,8958
35084,10126
37312,22307
80390,17667
27127,5681
27419,7434
75130,11711
34788,17616
42175,6464
15090,4489
75702,12083
27331,6656
69606,17148
87932,11143
14398,847
74587,5224
51736,8126
30291,7661
86814,13995
87522,1565
11308,18608
81959,8134
32669,16584
84508,10712
42661,26322
92195,4843
88888,16714
15387,12157
57172,27213
68150,16519
59364,364
67497,23108
20530,26480
76051,29757
56700,5865
50813,5302
56577,4029
95408,24834
68081,24976
69116,27505
14606,825
16945,25035
61987,4445
64979,9989
60480,9952
22675,5001
35301,2312
79847,28516
28183,13940
74193,21828
69943,7571
55675,29826
92986,15646
94103,338
45558,14485
24598,20495
96688,334
18363,12990
89371,21689
83815,6646
46555,14439
55954,21541
15747,21459
82689,18156
65870,18999
23684,18458
81715,25159
17836,29160
24534,12295
71605,7964
24786,15727
16018,26710
87051,28891
47299,8090
32044,8978
68699,16693
88605,568
29665,26187
94455,1830
66736,23723
57757,3907
41186,27338
87772,17103
69191,25980
74154,25132
54952,18138
33028,13459
92094,7493
51436,27059
41012,17594
89586,20964
56769,20076
64969,8359
41076,25919
23315,4658
40558,28601
33582,28887
41987,4310
16004,1875
29709,22210
27872,10290
31513,1383
71877,652
87877,4165
19575,12018
79862,19706
18432,19041
14878,25720
97707,2030
48367,19024
66184,25713
75713,24484
97696,7596
77710,3428
95446,20006
72832,28528
17644,28203
92024,15985
99674,4348
80386,10475
18833,23503
33332,177
46025,9827
64714,16392
17555,1569
68470,13913
42746,22928
52937,5236
27730,12307
10721,7215
72080,8837
50979,20058
24048,12063
40596,20492
93099,4958
36093,20587
29009,22727
49493,3935
32427,6328
65626,2480
70305,7920
17876,6119
15013,18472
76662,2861
97258,15129
87922,7158
27706,2088
70745,14025
39281,25213
36232,10176
14965,8333
94999,15682
43676,17863
33320,10457
63082,12567
58417,4467
63458,16010
11311,19817
45843,3466
68716,2696
52298,5618
45498,20817
26999,23570
78568,2870
17631,6082
93489,26051
73435,11654
22011,15495
67389,2670
48125,5581
63350,10792
98919,19455
87998,15239
67192,17177
68433,8175
17437,5635
83270,14546
98736,7402
29241,2589
15852,26302
73981,5124
20074,1905
14891,6789
89235,25774
52911,7580
89532,28246
57292,10868
48841,28774
31659,6414
43037,1127
17447,5978
98115,3896
26989,8591
73187,1265
36867,27558
26703,11658
88270,8337
37694,26872
34487,12322
29253,27448
11753,6814
51761,17931
67247,23530
72291,4527
39210,15597
63008,7608
51985,22222
53844,5315
88552,8101
84604,6606
23786,15797
67660,13164
57101,27242
27706,23091
21364,2226
61607,1731
12354,3736
46662,8461
59619,7993
31074,7838
86955,5907
41911,23590
86450,17652
27533,8515
37079,23944
89129,20606
19819,8010
19904,23467
93590,25823
98321,21817
44956,5972
92232,16362
43740,7238
46454,11580
28905,13842
29015,5404
42816,7205
85203,9794
18629,19411
15242,19769
14287,10716
57271,15266
38391,8105
82240,13229
47730,21987
82062,676
10161,8151
42328,20816
54715,16331
44441,23490
51316,6963
95101,9042
29346,17383
95458,1655
33938,9331
62804,26964
87167,29741
27787,29803
47078,2352
22020,28081
36514,5741
20395,3338
41264,976
44429,2300
65176,8851
63481,5775
33770,18365
15421,2443
69032,24959
12552,21753
77512,21524
76838,28946
79732,737
61248,28372
18776,24585
87798,2720
69880,29107
57896,2463
87461,17299
24959,12869
63114,26025
77774,6886
26092,8518
43425,19312
55411,23834
88888,28065
62593,3944
65914,4509
47884,23460
97811,21572
64004,20105
68879,10976
69676,12478
37317,27391
48247,5248
19856,25032
67928,21880
69919,7275
39673,14712
42501,3172
30132,26014
65293,3917
71209,14156
85157,20141
78760,28715
53838,8622
21206,19744
68261,7594
18897,11289
68616,13161
54015,9694
81390,910
15480,2403
61436,26507
24844,10562
33750,13378
81537,12396
18386,19778
73952,9596
17829,20743
21287,15934
89536,3440
67885,14649
88702,25174
27228,4844
12549,23977
32410,1148
50753,15917
93920,3215
80252,12307
61942,26894
12167,28977
88865,611
33777,20378
61368,17092
36201,6741
96555,2147
34535,1064
26311,6119
90582,2051
75175,18260
32649,18705
34634,18786
72651,23712
95664,5963
77760,22428
81191,9456
20229,11334
10611,18501
33215,20661
53260,1016
77788,18513
79293,26325
53843,11262
61168,13414
66415,27278
54692,25175
25309,20793
90782,13207
80730,26025
46525,24004
44124,5957
36039,17448
57137,24268
58211,14818
76290,25988
61123,19004
91378,24677
38602,752
47144,5558
69099,21089
27321,12449
80315,15262
73067,24997
60489,24625
31868,2833
50459,2622
68640,419
15532,11676
25955,14210
89944,12359
18688,7603
29888,20949
79827,11776
62764,28102
28456,23847
36272,24301
25868,26117
96973,9677
57479,16182
15912,8336
99606,25927
54972,4064
68866,23013
47183,23983
11750,11405
94785,23494
42391,3602
69629,4139
67961,23132
69029,23671
64719,15265
50033,28163
87477,12653
94681,29549
83280,29925
42352,25395
86960,18243
62388,24144
45757,10505
26866,21605
12003,2916
65456,13168
92833,25738
90466,26639
42138,23091
69347,6549
30075,28517
39125,24458
68296,16514
84277,14475
71981,1147
63738,19990
71916,4081
63464,10083
18273,11010
10744,8950
31901,4075
83188,23614
59490,11242
79538,16497
97897,4481
66293,6264
17992,13597
42313,6660
16562,3755
24373,21848
46197,26353
38244,9359
52653,15219
45132,2275
71929,26183
68845,18060
90510,1283
56481,22427
91571,16895
15766,25574
57419,29879
85868,14693
94629,20924
56741,11347
87241,4331
85155,13589
22149,27625
52633,4249
22656,17696
59988,22894
59757,16618
70625,14086
90609,13426
34287,24989
69838,1630
76736,9768
33123,2755
43401,29361
92748,25515
73253,15507
76521,24120
10113,17567
60238,4609
85964,22368
86918,12843
60535,27772
75649,19348
63770,19055
43048,10669
69539,27798
98049,3008
63328,12835
36671,21782
42502,10779
42212,18457
22215,19624
25882,14288
53367,24842
42389,3787
55915,22611
68495,27558
29845,18427
88720,26490
86857,15035
82744,16722
44961,26557
39293,20835
71793,12024
54128,20762
65844,336
82194,14435
11650,1233
66698,27204
79288,25671
85057,26788
41434,222
45331,11969
44860,22097
83248,7138
27170,5749
77020,22095
90917,11405
96487,7252
67362,20427
13939,25458
53819,28391
48058,17290
77309,17358
69028,8221
96214,23269
52088,26609
57089,17889
46934,23435
38199,1726
52725,16464
32381,9399
98454,3709
12725,5399
37680,9774
72980,20167
58979,21624
64889,1191
49373,8000
10883,12787
93647,20493
53651,26535
11322,4078
30422,19504
88658,6681
94023,3210
18558,12951
69677,20135
93217,2003
42318,5570
91125,15737
40340,10759
50086,25392
76902,26849
80902,27933
92162,11216
84498,13628
55695,3795
93390,9634
97403,11788
45565,11815
59267,9641
91765,24631
58666,27485
94964,19359
60333,22987
82829,25745
27248,5090
73151,20952
36447,1897
20750,28587
66090,22927
19797,2041
28396,5177
15824,13579
31152,26258
73805,8743
47466,9379
83396,23875
63829,14468
10079,15808
82194,17896
17299,9327
82889,27834
91329,24406
34341,23070
99816,10875
17266,10662
80769,22258
79930,18223
22081,29659
99269,11726
71503,24117
97453,13187
20530,2086
55403,13286
94501,22316
93185,2542
29877,27047
13373,16289
87827,16111
94156,19401
10624,19633
19527,24932
98142,9903
62215,22946
10805,11556
54776,19087
77347,15657
62871,22085
45379,21474
68916,27648
18958,3035
44458,10484
82339,23868
24128,10687
10753,18275
76264,5434
79287,6923
16733,26390
78719,15587
11066,18889
20101,14110
80884,28021
55078,22002
51494,9162
52320,12185
81260,9625
70645,2770
36253,6616
83280,24692
73210,10330
22835,4627
23553,2437
35243,18845
85960,19726
98417,157
83347,17701
24421,6287
19626,28113
11428,13438
60478,5294
62721,27652
14016,19123
81621,23435
59017,3131
93784,10504
41154,15585
55124,20799
87502,22987
75805,22629
23005,22401
15668,5239
32037,10779
72662,324
42684,19520
82535,9368
87186,22025
10273,24861
64197,15879
32967,21129
33801,26954
21476,20461
46178,14369
37032,6978
83632,2763
76858,25492
47337,14916
67335,4459
91020,10486
38593,21908
13839,21638
88194,18389
10125,13570
26078,8782
17135,11007
46193,2717
36608,17556
50373,21781
40609,9460
95165,14259
43466,26403
15377,5802
80544,21908
33767,12824
51823,5088
15223,25340
84838,1347
44524,19720
75270,10532
93959,27241
90864,25679
45807,4139
12527,15409
87044,9946
96212,1121
66906,17333
88705,11147
21741,25411
25724,7719
58012,3907
19437,13118
68158,15536
51191,4939
32981,1953
10257,13222
82656,8094
21930,21598
84538,27792
98050,917
39126,26863
78652,6138
46819,15821
14004,8551
45767,19367
32681,22693
53706,27557
43441,5355
54909,25651
68865,28577
94606,7897
19549,29201
61709,3841
57147,29835
30608,13631
95334,24057
14826,27573
19796,23283
95331,11990
14476,22552
47176,11581
33568,8043
91604,23478
49262,24882
45064,13775
74500,17188
19180,26110
69769,7505
54590,16590
98378,1127
17089,28723
70026,18516
17087,20980
53463,18571
46100,6334
91978,20693
89677,8265
84393,11432
91061,28460
66585,15101
62819,3147
18976,7970
38154,19639
66007,21220
66769,15330
52219,14669
90706,14438
68627,25351
21017,7976
45396,6033
89349,25319
59845,19678
98084,4047
33911,17025
30855,16769
97549,12006
29079,28239
66835,17227
24524,17656
55295,14653
13094,17473
95995,14144
62995,7078
42347,4604
98829,2958
45306,27334
76797,26184
58733,19223
63988,19313
84673,19998
75223,18588
25419,8187
37267,9555
32463,4843
94755,6341
10114,521
52737,9110
43203,9524
92743,27147
89942,23827
69171,21724
30920,19390
23695,11625
23250,11831
12516,24089
61279,29160
99828,11340
61838,10529
34452,15454
64519,6446
87572,27419
61847,16252
74886,24269
81412,18525
39023,18779
55890,672
38954,10350
49535,11534
41434,22615
52715,1619
77274,17728
97465,21286
66657,18063
94476,19239
87338,5425
46373,26655
69293,23495
21081,18066
48603,8039
29442,13953
51984,11487
72572,21870
22136,5147
60739,7375
43900,26536
37191,25694
41478,16429
57153,24593
54412,4863
33331,1240
57151,3403
27954,19964
84602,23598
61517,29896
81256,26901
41951,15908
44458,18120
82589,23401
85337,26484
46953,28476
82922,18289
89086,26227
24281,28692
30461,6003
42089,5871
41012,16697
93937,19394
86624,22298
44879,29612
71462,9773
94208,16366
87593,6767
39136,15413
90246,8088
37898,28682
63359,559
74237,2624
22506,13443
46176,21424
19334,1514
71125,7999
70983,11575
80580,22173
42978,20466
70251,20305
16005,24867
15518,15762
87111,3494
20081,27703
81953,8256
63450,20066
43751,25751
62557,27931
26854,8271
76467,8352
78536,14448
54214,14359
87299,28452
50780,17718
32404,18129
79780,23217
40772,3355
13667,20974
46222,11531
13763,21732
89634,1257
30889,3291
35805,5877
46249,28326
11619,28797
94126,24527
10641,23748
30512,559
81414,24392
54791,17060
56381,27390
34800,10630
98794,28427
23314,21708
97124,17557
72561,25706
68418,15461
44246,25378
67471,16930
88628,28749
42345,171
15925,10103
42844,18596
25577,12529
76185,20128
37174,16959
41587,2743
54495,15232
32858,853
35154,4480
38845,3118
99646,19527
51950,13396
25201,5162
11256,24496
56518,1681
97103,12488
62813,11334
91249,8212
12889,19160
77417,1444
15941,11419
42386,5329
15632,28211
46833,7081
75319,18462
69288,18044
94665,28164
46155,3122
15743,15507
35053,27109
47362,25494
21760,16522
43801,229
31246,26807
27975,1292
66536,18076
85206,20588
16384,2661
93073,10357
94266,16287
48307,14852
15861,26438
67507,13633
16374,8657
40861,24683
91108,14337
86096,26456
96823,7859
56116,4777
85838,17472
98129,18151
43494,10023
59935,9846
12493,26358
82724,4495
37629,23083
56674,21564
64195,5239
78257,6283
75198,14200
45877,4233
67652,3208
47476,29770
62092,27470
67327,5820
99299,26679
17170,28496
16756,26175
93083,24949
52836,19381
12556,5676
79696,24167
99152,22101
95690,28947
38564,1519
85167,16708
98482,28432
17656,19261
61976,17185
70221,11245
20249,28009
58131,28172
35214,701
49401,21742
88165,1382
57356,27354
37180,11620
72405,18093
83237,5757
33824,24368
45852,28886
47609,24946
16754,9128
76816,29527
80377,8360
46652,1407
99595,6532
23874,24354
44837,18844
41831,403
45223,9420
52499,9161
33072,9277
84379,15329
95628,11259
45559,26430
40140,1540
43091,1308
13641,955
83307,6616
13141,15093
33943,22705
93734,26253
64763,11326
92032,24822
34027,11182
90546,18694
95507,20336
15180,3110
96176,10261
89359,24031
50852,24203
85996,5068
85148,812
71653,23449
32975,818
36465,18816
27340,22895
53516,21909
62848,29478
76129,24094
92828,8701
21284,2403
16521,13195
19441,19487
44616,4255
70356,19484
75491,25007
26554,17801
83464,18156
26283,20388
50150,23857
16362,12304
64174,27944
26506,261
18241,3390
18748,13490
27830,20176
52961,2748
60340,3201
90267,3726
27476,23665
53693,14526
35224,9893
50134,28752
83934,24745
45257,27645
50690,4313
96165,27804
83118,20157
98121,10339
15753,1689
62356,2728
54881,25862
66514,26708
31419,21233
97578,5189
88545,7631
71676,6405
27038,19091
53075,11395
95140,481
70393,25581
83872,12342
35611,2125
56814,3384
30420,21399
57028,7040
59990,9388
48477,20507
84424,26680
12853,12391
82038,13823
71455,23590
32787,16316
20908,9206
88783,21258
10712,20500
79236,11001
57426,24189
92829,20740
26788,11097
47300,23593
66698,17488
62712,29122
43725,1051
25035,5597
13696,22245
17352,28136
40706,18248
37176,4564
38923,23361
13988,18491
97802,10003
29230,29252
81208,13257
95000,3290
32467,4118
65986,2928
81533,10800
73424,481
76906,11586
40732,20841
82704,29113
61472,1438
14816,12093
88802,12910
68372,9104
22750,13510
96195,14924
87568,564
42265,28654
95642,1259
37357,6201
62299,876
51435,8786
96934,7218
26369,10465
82696,19302
26435,15577
59083,10095
79981,22467
11965,21404
12657,28277
59506,8528
62955,15907
45707,18646
76136,11311
49321,23663
30197,20180
22769,25416
40597,2852
54818,157
39750,26486
80440,28289
13322,28540
36632,6418
65516,2256
42483,13041
64188,1916
19964,7556
32723,19794
87134,22421
63850,16615
75119,27329
79648,11763
19260,27410
29256,24854
56381,1027
74967,7657
42121,28146
80995,11750
54661,17399
26854,6576
81164,7311
22808,4748
44089,4749
73658,24892
34663,20675
32720,20509
42175,3606
97806,12207
17500,3592
12631,5409
15324,17230
39645,22497
79640,1500
94851,24984
11865,7539
59198,25967
59527,2227
41701,18969
96886,19952
27964,3882
11240,7015
77244,6073
19846,2372
76383,16590
25549,6908
30839,17608
65983,6826
72064,8152
66880,12865
90290,25809
95867,20584
43591,1761
14486,27998
49113,6424
31579,26609
14743,10327
33999,27283
81951,4013
25485,9049
83720,19377
98897,5893
77587,950
82954,21707
47979,6529
42950,18175
54504,24427
21774,1945
62416,27942
84195,5297
86408,11173
22156,8312
67767,22182
59139,10282
87315,8369
30224,26333
83453,7742
56327,28640
93849,3370
91863,23992
37952,17104
39955,19441
91469,8588
72692,16658
74144,16374
46068,24914
25078,17231
99808,8658
90325,12798
32353,17828
29560,14935
99224,29619
52709,4289
46596,15958
18949,7898
20304,7347
96714,11691
97430,24126
35966,13306
85902,9915
44696,689
68346,15789
48284,23298
95277,3821
50205,29888
55432,14047
18722,28251
46885,15677
95345,11623
65269,22305
29472,2463
43072,8910
95314,21659
31776,17165
67497,17475
10946,19996
94577,8193
36551,23810
62169,11961
16309,16908
23891,22148
88984,9750
15883,2314
12032,733
58353,5979
26718,1525
15422,19014
46441,25737
47272,8996
92565,7812
37283,27126
29041,10577
96692,5600
21853,17017
94772,14249
73376,17938
39931,21436
92382,3202
29576,23545
22660,29184
42034,25847
16627,20670
11228,11661
83160,16284
91066,1410
20268,10491
42500,27537
28236,29094
50750,12665
59924,28118
74446,29196
10377,28872
16235,10943
98201,10394
38440,16782
18318,26306
46684,11810
39821,16275
33464,3546
60321,1458
16657,621
60659,4544
76230,1632
30996,25643
34310,25982
69019,5177
20036,1184
31325,14038
74875,2999
83750,5156
89294,3304
91523,10354
48260,10397
39007,29396
92964,4821
75077,22891
76977,19938
15136,9050
53314,16778
14209,14634
28483,24858
65393,12372
98433,1132
91894,20238
49181,1694
53467,23513
94669,8969
67399,17508
23573,10097
19364,28103
49729,1046
43346,14024
49181,10625
74546,21255
15332,25093
71474,21720
17681,5040
38291,2508
79756,8962
89369,17281
38772,8881
51603,7000
35295,12926
65430,13273
74481,17077
34473,20313
95318,27982
87898,10987
18953,13477
85688,2388
20892,5858
10233,2681
26711,27761
55587,23133
46437,14101
72624,888
84913,15444
16782,22094
72856,6066
91929,22401
88397,21492
99601,26610
66172,9764
82249,19346
54928,28623
41856,20678
35338,29559
45951,5689
14649,9762
28854,15400
63354,24019
84122,5584
52409,29110
54543,2415
81148,28789
35229,10306
13484,10888
26439,7829
54603,16235
97629,25116
55723,12003
12310,23792
72510,1065
58470,4114
43886,19156
21034,26061
44539,15715
85518,24172
62935,20473
32147,28365
91752,10683
11408,11490
55192,9642
30478,16088
94202,9786
48949,24410
21244,9652
42987,25419
27920,12423
87470,4775
36666,8657
63204,3703
40468,28740
99126,8276
23445,26522
69530,5978
96557,14885
83086,687
85527,16565
37625,20103
39397,3971
31907,27155
12646,27159
22675,19083
19144,9201
34957,24648
33151,8286
34412,7255
79381,16211
72972,3031
35356,16910
91415,19429
64302,21435
68699,22824
11908,771
47377,26568
51720,25063
11986,17681
15414,8762
54447,9405
50071,25975
77094,11866
13879,13849
25274,19155
97825,7793
72350,12169
82216,13577
84533,28726
16205,3854
80805,25459
17250,13323
70417,29698
64251,27480
79908,24249
91255,29151
62888,1164
13951,25177
58978,22875
85745,29433
28115,27471
91976,15975
90352,18197
50953,3689
83896,25210
13504,19898
38941,17827
75764,16907
97325,13479
21466,24422
25409,2778
77898,9333
19142,28814
37073,3555
62021,16053
19018,27874
52989,29920
82845,1377
46016,29832
44633,5064
64605,25459
55017,7764
74229,2741
35056,26619
12864,8879
45734,27439
44480,29398
49746,17688
18609,1165
68970,27786
53874,155
11879,10887
12277,17482
60445,16245
76664,5319
48073,3679
55901,8589
79120,29668
51973,17625
76485,16275
43611,7999
56352,5940
74876,8167
93106,17891
13507,3330
33633,27332
26710,15446
89362,25477
51674,6977
47728,23125
72193,8755
67035,8785
36479,24218
18439,21993
93569,18102
69000,25700
25091,17578
20621,27668
98360,650
72793,19185
54311,24790
25770,9508
70587,16591
94993,28568
99039,20981
49918,28500
45234,12844
47752,15669
44914,24149
81292,26600
42895,19569
99319,26386
40941,16224
54046,23012
55573,10719
15380,1759
71649,10066
12300,9468
87668,19621
81093,4212
64089,23489
73433,8449
15438,329
19392,13531
48662,10248
34913,11021
73494,18523
62614,15660
86290,17109
90970,8316
29982,22352
58649,23909
43982,8325
12410,23123
99315,27712
80930,6209
97869,16392
93773,10748
84652,26545
40804,28467
91293,24527
16068,27094
72471,22499
23212,547
90798,8964
92449,1793
84861,9387
62881,11240
19486,18918
22214,13601
34912,24526
33300,22236
53253,27379
13415,3033
67778,8897
37575,13776
17778,14138
30692,17461
70837,15441
48211,11746
58637,19673
74990,12998
85207,12363
34556,6244
49570,21083
29494,29405
47007,26095
81743,4499
65791,27996
91249,17580
61960,3140
90966,4783
68006,1246
77801,9173
75138,23347
80738,11571
38711,24582
64150,6817
39008,10869
93175,1412
80352,24738
23254,17831
48686,20687
21220,27345
10626,17660
61097,6946
56289,26169
49873,3685
17731,29312
23474,4667
37671,8172
64217,11686
91981,12677
82473,12820
10598,7249
37447,16655
57449,6772
79010,18468
96708,16557
92697,5794
50000,7785
41952,19552
61945,24721
51129,11828
82202,8581
90592,25084
26585,23410
92827,22683
33941,19254
28230,20670
39617,24415
44857,8693
46223,6193
67661,21002
79839,22641
88281,16594
84553,5022
50913,5812
35706,26175
81604,23663
24376,17351
31601,19996
13250,12609
28054,15145
45693,6753
30284,1545
85750,15759
79576,28580
70022,4520
54686,5461
69954,9087
55933,6661
29526,23966
50072,17532
55957,5609
50366,7041
64545,20344
50646,22073
59502,4550
84990,14988
89364,6116
43863,5820
57514,28935
10988,10496
43115,15690
78239,18712
25218,14820
95433,6048
86393,10405
86590,11516
11778,26454
87601,23602
49397,10952
59652,28121
44217,2621
46995,7559
32174,1143
52206,17311
55036,29655
19133,1295
61044,15181
15595,5925
31751,20423
87838,23365
14781,21023
38916,18858
22238,17189
45268,8969
80010,109
24320,16843
82656,9682
70121,22331
70541,17257
14165,20005
95338,22730
95677,21587
66010,9686
79955,18368
97668,22675
38837,17222
81947,4409
82763,24732
23986,25905
87183,21673
93147,28943
71707,19949
90668,14873
52620,23326
19794,3034
92868,6006
18052,26554
51577,29018
19597,29650
42155,8749
14454,22217
87933,7292
94773,19357
26490,28425
88595,25894
60959,29061
43643,21746
85010,5463
63457,18198
71199,1912
62576,1273
66310,25834
32787,7765
46664,9750
56458,1848
30042,1664
82018,2759
52971,10410
48513,27486
29439,254
42837,18761
12858,20935
21451,10760
38757,19345
42767,29594
54976,12757
96159,12236
53351,27016
67067,27785
69640,13262
89470,18027
68112,5449
22954,202
15467,16544
44293,2536
60360,25470
61664,4700
18206,5826
15757,3837
40943,13749
66424,11632
34025,18868
76850,286
68117,27091
37913,26954
50796,23533
82744,8408
38116,24643
90367,27645
22891,11404
25967,1654
39681,29774
32697,21306
71136,11865
98621,10061
98301,15706
35085,23418
64354,5104
88305,2330
37648,16154
71348,10871
40768,17642
31504,26939
17268,14899
41481,11509
12531,10903
32932,23779
30156,8018
15742,18008
39470,5292
26051,9319
66882,28137
99668,22957
76590,1480
36899,25679
73630,11705
42462,383
95184,8930
61781,18430
80653,9057
51211,5542
85749,1581
90337,29807
41736,5650
90673,22163
58756,5377
13510,14551
14824,4034
71784,12584
77723,21385
68649,24689
43380,8188
74515,5700
46075,25120
45967,2130
39786,17697
63981,16467
61227,6746
87716,958
10761,8699
79222,1109
11606,19699
27484,9732
13029,26355
74248,10229
24341,10818
54967,23034
31685,28248
19121,2156
17380,20105
20352,16153
39165,24818
49785,8826
93851,15533
88630,21797
17601,9592
88554,18964
98598,12063
61124,11886
40408,8054
18665,7503
67389,5914
17460,3383
17253,16620
33459,23511
53088,11045
89193,6145
85907,15251
71258,24412
93096,16223
59038,25905
46806,1712
79468,19466
87628,12183
74230,25160
81160,6210
46813,9483
10487,21091
37285,9051
71649,22245
36949,12487
35322,3601
37441,6418
83930,24191
43230,3172
68539,4893
78734,12979
48375,17270
58161,16899
46087,23139
49250,15090
31778,12257
57399,15501
20063,21301
31534,11826
58923,14039
36503,18584
83771,5013
50442,12323
78029,24836
85630,10544
63649,16882
23045,16282
15884,2232
77272,4699
44547,21415
17392,3404
34082,21361
88805,11427
56774,1527
77255,7753
44621,724
46791,19414
53244,16650
63783,11732
96042,14601
51244,1266
90071,11053
70548,29796
88624,29023
35286,11370
99412,14886
85167,22982
11478,24429
53493,26591
33833,8107
35415,2140
99036,7239
77826,17617
90498,7676
90523,9630
51401,12693
69485,15102
15452,16825
54950,17201
10962,22515
93754,20060
14147,28947
64231,21287
75003,11546
86167,20458
52859,13699
68876,1704
80397,7926
62159,15054
61976,14622
33549,10475
61423,4446
39090,21172
84228,9605
10494,13686
34609,3206
44054,20158
71965,8714
34580,23988
48229,1056
57546,17523
32105,725
32608,28292
31861,3557
97763,12303
18010,10185
79744,4306
97227,12497
47388,21293
97334,14674
91908,13316
69260,4320
92277,8108
79727,24086
36434,9411
44629,21960
64495,2895
28208,16356
47867,12919
68852,9110
79021,20240
24454,426
14466,12373
80709,19273
57507,28764
76816,9576
40241,5964
96073,3335
45694,15412
89718,14165
85912,22377
33007,1966
99262,2856
81199,20814
34239,22699
90454,3702
85893,4401
20116,11155
25737,21736
30970,4232
79775,4054
81125,16746
80676,26266
82628,7667
24619,10707
47826,24444
29198,22515
39250,29534
51658,21356
16136,15544
95582,23038
39704,2784
99010,28712
64475,5975
59621,7509
40642,1895
76489,785
57820,7834
91046,16083
56093,13751
91880,19759
59309,23333
82652,16048
77680,3564
67151,15552
93223,23006
73250,21881
72607,23591
21954,20810
38054,26902
27196,28639
27522,10649
92293,24400
97105,23813
55396,5739
72064,21564
29612,22568
97599,3728
31030,20246
61436,1055
70447,8817
18941,291
98097,4226
29980,14854
40465,7216
84831,22706
75056,21988
45284,6306
79751,11550
30051,10183
60504,12961
22623,29001
97178,27600
52682,1382
92513,3282
33823,9911
11159,10652
12413,2111
21632,26663
73580,25869
18276,10811
99310,7373
14773,5806
52206,17215
23148,26090
97006,13308
55179,8275
89606,27824
53054,1406
32363,22640
81032,9271
87416,11508
30701,17390
11846,12944
71922,9210
27268,28258
88713,17006
24211,25338
13491,6176
51013,12934
41737,9099
72530,15551
30014,13030
12618,10846
41768,17962
76395,25979
38791,17664
32076,11282
73669,5564
44269,7109
96594,14615
62109,15581
41289,2246
65837,21828
94858,13354
38771,22926
53583,17054
38943,5773
84721,3345
41242,18456
70191,6386
19920,6987
84672,7957
32707,3262
47172,13683
95050,28520
69632,15619
44766,1682
59717,8433
26464,2114
48780,25304
70850,27349
31638,25442
51336,8536
26931,7852
67817,29343
36570,16379
73573,11759
19948,3272
19863,18007
59791,28458
39827,25562
19391,29475
12099,13374
30147,27216
70805,23918
26554,16158
20554,4449
54389,10657
23179,3183
83737,20000
20105,24083
69636,18457
92378,15624
55228,4916
58930,11713
26529,15448
61767,4809
79760,6848
82955,3735
79737,12076
73719,20058
93884,7318
24684,28682
81949,5271
97201,7404
96128,23912
66356,17530
46330,25335
69930,10396
96648,26894
86887,280
22456,10398
61601,4512
91755,22895
81647,15213
42841,18432
15217,9893
69500,5480
99152,22151
17064,15003
60302,2169
76412,22619
57440,16619
91790,11757
40153,8538
73618,11432
36429,11294
61599,13191
67548,29843
12246,14059
15474,22681
14002,19656
46151,23903
55973,7973
51235,16834
76647,10270
76433,4636
80157,15479
51238,21188
31223,15350
14645,22853
41027,21223
75491,21048
92806,8494
40400,22084
69913,8225
57204,18279
45269,10904
88515,14822
25159,5173
64331,4113
69955,8620
25288,14931
67322,2631
20438,14784
76959,11611
57963,20817
31586,26329
51676,28854
82383,22868
59686,22323
51579,14231
91953,16718
45869,4877
47337,15862
75879,29852
41864,9463
55736,21377
48654,17297
11672,16205
45717,9889
49467,13358
86883,17663
69964,24078
13337,10856
36071,29844
78681,27785
51645,14327
74944,22850
21653,12446
96434,15459
56365,20628
55106,23322
45946,17360
14692,11690
47963,25670
70239,16017
77779,6220
39101,1312
43128,9606
36485,2552
41496,12250
20490,20346
95921,20479
13006,25390
39208,26501
24091,13035
69981,15394
65030,3946
56301,10730
82202,8598
88383,11496
57073,20961
60695,14117
89941,3595
29558,2726
76822,16550
70698,1246
66892,18218
72430,12563
27010,20103
13240,29610
21275,7766
22494,25109
53458,21372
51311,17724
14238,20159
54873,17398
43446,26070
98361,26891
74406,29729
44477,1753
50267,20153
49416,29353
30301,25666
70181,8443
23160,10630
16859,15900
43043,14309
91608,24372
30455,2509
85876,20443
22412,18868
52146,4990
90706,10706
98119,22554
43639,1466
63752,3999
56277,21184
78400,20696
11117,22870
87686,4300
77051,10152
28351,12314
14803,18909
64664,7929
25785,9776
75701,18481
28264,27690
15099,7691
22256,23956
14691,11720
11941,11201
16521,20927
72905,19410
50227,14633
78111,19580
10335,4566
64266,15900
67824,25769
70083,3140
14335,4989
93542,25150
61265,10937
11907,13229
68293,4897
62532,10537
51331,16772
92150,1793
25870,23821
37855,24532
91859,14600
30012,7724
45638,13482
27094,12992
20738,26322
53791,14307
89205,24908
97343,15200
66633,23888
85090,2795
13877,14436
99061,16404
13085,14970
36966,24114
82575,18585
49853,6265
79950,16020
57795,24389
71799,27425
20975,9839
97889,28975
45375,27718
50231,14273
35123,29318
99534,23261
25980,2023
17591,12742
63962,2791
83350,28886
55826,256
91641,12205
25564,29031
49324,23646
13719,8159
89574,4929
29046,16101
85102,15729
64170,978
25556,16838
40545,10906
16579,20896
86192,2286
11995,6081
66457,23833
65384,7840
22539,1716
27010,22032
87230,28509
62738,22494
66123,18788
98795,3817
74330,29722
58615,16651
32813,1675
75777,11955
71855,12384
15429,25739
48623,3418
83903,26269
56808,13733
24405,16055
41121,15254
11209,8112
59961,9942
43411,9539
90881,29916
26987,23338
33695,26390
43205,28532
15562,14106
31894,17179
63772,22605
84305,15999
26859,10586
15240,10997
72394,3865
81987,9730
99841,9846
71873,7562
37324,1384
39791,26105
91142,12633
88499,12301
79870,21295
65827,6638
42589,11191
82251,6027
75250,22059
80447,23448
74515,828
90852,27026
31865,21322
93755,22570
74416,6547
23536,18294
44195,21258
40856,9928
29340,200
71730,26123
32865,24902
28514,3236
74802,7093
16132,16572
84911,725
73372,1954
25941,17039
70766,9337
21542,28045
59790,21151
52913,20055
50980,26798
26083,18863
94343,29495
84899,10547
28363,22339
95317,10535
43622,29361
94782,29703
94269,28918
24776,6310
13223,11578
59380,10851
42257,7561
59827,16949
46460,6926
65973,339
14794,13458
67087,3930
71981,6557
38590,29065
71913,9866
54149,9990
16195,3322
36903,3743
85268,15732
80851,27220
35752,25565
63296,16866
37747,24862
77408,5891
46672,3594
15818,10298
80266,11472
40184,6154
70040,9373
70717,6418
17097,13157
43962,23865
72370,23342
27577,19829
13622,13100
55142,27913
53693,18556
21113,25361
66598,7713
77669,10238
50675,21268
40380,18615
72697,24173
53675,8086
62000,28007
18702,17510
64815,25833
17597,5901
12657,12666
26393,28817
41606,3528
97520,8196
71939,22599
44569,18050
55476,22865
57215,21903
65599,11002
15959,24252
91024,8313
20786,27379
13746,15670
75098,5412
64179,24050
14309,21385
15101,15870
11853,9576
98760,26754
91309,15156
64302,26985
50092,9482
56338,8605
91490,5575
88892,22774
50708,3178
14527,23597
85907,419
25274,12238
25880,15159
28418,5314
21517,7922
85077,21718
21826,23512
48600,23677
60982,22303
34827,4655
40630,21901
65173,17915
69398,24679
58566,28248
97185,24642
25407,13481
97051,20966
38712,24101
94041,7560
83766,23782
86622,7645
54455,11705
56123,29476
26456,20390
17364,20124
86440,22500
73057,11055
43577,7941
54742,2324
28356,11688
47707,14719
95488,1098
12630,12610
97035,3456
44478,122
17386,22799
79607,658
32614,17748
29084,14421
36283,195
84328,4029
79233,3103
23123,4293
27667,26050
93341,8528
33832,18605
98589,22995
19984,1121
17023,29554
38463,5041
83368,26308
87445,29119
54813,3201
96197,21211
31615,17375
75574,14184
61934,18815
22939,20666
66098,29802
63767,5699
10634,19472
85131,11979
38529,11908
43150,14408
35893,7037
40574,27129
46254,14707
11700,23260
68827,7765
88251,1300
80367,7353
44457,12507
81306,10680
24821,18448
27711,6326
31932,3341
26953,29300
48591,3794
81186,9988
21049,6977
44520,26432
77257,15902
89907,2932
62258,17286
55784,7410
13614,3317
27190,4662
58147,7944
54062,28977
50912,4931
54055,9035
23906,16112
28731,26831
39142,21077
30098,12178
65656,16208
93835,18809
45928,4621
61240,27403
67666,13512
88824,17758
11462,2143
87186,6860
97765,25245
96909,18659
39345,5117
63225,8639
11177,29507
37520,11427
73834,23405
60221,5190
60640,19678
87072,1548
39717,7005
25948,5881
84689,21662
35455,8688
69036,3356
70018,8165
73557,16800
91078,5434
30604,7631
45882,28637
36860,1996
94419,28183
41532,9710
59596,7227
51991,28152
84309,2530
16427,5175
44094,5176
12194,17314
15504,5527
55743,22122
84014,7270
24345,11098
18210,27147
99694,26932
19383,19813
65427,11522
23215,8842
59916,1716
31515,7689
92844,29088
31799,5495
39987,8085
69698,24428
63385,29902
48080,7346
44164,9727
86917,5086
81202,27868
15610,3983
83634,25454
37916,10617
45497,16261
39849,12976
32033,1380
33355,12658
87464,26225
41357,15476
39494,10041
76960,2487
37062,29791
38539,16968
14623,14891
26190,5607
70035,29929
35490,14059
12405,6640
18192,14109
35767,8139
25876,7659
17943,26270
62068,27149
44724,19926
50609,25735
63046,3848
52720,8818
29435,1088
98165,26086
15265,3257
55540,28880
25530,24483
44088,12740
52509,1595
68902,11685
44276,24902
80600,17404
10729,565
89433,6584
17123,26488
37856,20270
59144,27620
75172,19478
21376,24071
10057,2418
11424,27073
32234,23798
78631,26607
25214,28022
50792,23779
43578,17577
26850,664
96982,2325
13448,29014
39095,27009
98055,19397
66818,13672
89695,15117
18670,1255
23463,16409
26413,12197
23759,6792
17540,15617
29139,19589
39204,25150
43141,25952
19509,609
67074,23457
10739,7762
81857,3761
10675,4220
53008,2262
74144,2972
52198,899
36704,15991
69408,19505
12641,4542
50388,12834
66605,18182
20197,1029
40545,8967
34533,5806
10945,21758
80195,4936
23519,2397
28198,19212
13232,16195
74372,20447
78093,2090
54047,19049
40608,28585
71213,29265
23409,27949
32057,5303
16380,24590
69844,21739
73087,2165
68422,570
96080,21596
72730,10923
49351,29779
13982,19068
19314,8501
95857,10207
16927,23964
89023,3861
24826,10897
17120,15253
79245,23439
58271,28296
10402,13742
21401,23365
76342,4307
83684,725
25900,22719
63844,15736
36741,10971
63545,23945
57439,15754
96555,17407
49786,7952
77179,8807
23624,23270
22329,26414
88605,11393
40209,28027
28205,29640
60652,14522
51137,12009
28739,21355
92187,4837
61845,6357
46443,24321
86457,10483
54263,14907
89911,15667
46709,17012
81736,1129
97666,21100
10761,25715
26784,700
16608,1383
42898,16190
44818,16781
43801,21455
83429,13055
89465,18117
15963,17452
91358,21433
94054,2682
81043,11013
50039,7671
85942,20268
53526,6334
57762,18309
22105,29377
39846,23436
29953,13236
57159,3829
68339,15360
23153,8023
80759,4932
35696,3543
93190,29022
51831,19812
90238,18718
69553,26562
67388,1792
75836,26966
58919,5340
22604,1361
10046,9820
82341,2328
69371,11174
48866,24015
16454,8786
30914,14501
10305,24671
83307,21603
59533,6822
10360,27959
57893,15290
17263,8813
50735,14704
36673,18626
39125,27864
63705,28569
59274,20257
34893,15093
71773,28299
27901,397
64752,6527
15971,29596
87381,23601
39834,21301
44038,18494
33182,13169
25299,21309
62161,15149
38737,3002
73517,26666
91763,13360
35646,14068
40694,19929
61778,14654
76993,2753
95636,6414
87911,15085
59289,5925
99762,4483
27647,1886
45631,23798
53717,23304
90882,7290
20995,579
26321,9597
37620,5606
31530,5628
92067,936
88193,6992
33412,11702
82874,2124
88648,3764
19109,23591
61145,9430
74938,1793
73320,20172
84977,6006
30958,25483
45888,21050
52128,22729
72662,25060
72516,13936
18498,10094
63905,3486
95618,29676
49073,23468
23824,24648
14795,17953
20436,24505
93100,23802
18230,15737
70307,8440
69263,23216
60327,23235
73307,20415
16983,13966
85151,28741
43661,8944
93995,1909
49072,18655
92241,8861
68847,1997
92117,22664
63749,5838
17187,27102
92262,15213
96628,22544
54526,12483
31375,20713
47108,12917
20702,19557
35262,3899
55294,25294
72140,10495
13645,5787
86689,7760
40880,18444
82891,6652
70670,23214
86647,2089
84835,18900
59729,20602
86454,19697
69059,18971
97414,2790
60271,10583
72749,18503
22836,9368
85780,7500
69072,16683
90561,27117
80305,24439
95857,1711
98982,9195
47250,15556
41805,9082
54760,18900
48500,16215
41536,10119
44680,18002
37993,9951
14252,14855
77891,6789
87829,3641
91246,29438
13825,2949
23885,29753
94980,13072
14101,24186
29584,15706
77983,12880
77695,29282
75839,18415
66788,2955
29681,1200
82854,23781
54435,21398
26542,2227
15573,18421
51376,2628
94512,1621
27558,5778
52134,10912
21568,27307
23128,11205
77926,12004
62273,19709
39111,21481
22716,28715
56176,12469
30415,11241
38218,13911
10163,6021
29149,9288
21138,28502
93643,1154
87539,12137
46055,29490
60517,7770
76977,24754
55516,28741
42199,12557
15137,475
13856,5166
51005,20608
89897,21891
40105,27197
33006,27984
98738,22084
14535,26249
64100,24752
43486,14377
98555,13105
66617,11208
51020,23982
95997,27267
83166,5335
45353,11661
52763,24870
28957,18627
21206,26673
51299,4774
92592,4981
50388,4397
75915,11836
87134,5937
56687,26073
89826,19136
68259,28506
97034,3854
93270,8069
79059,18996
18370,14797
53050,18417
84065,28509
78930,5101
28130,23240
26254,4337
42163,20774
20172,10502
52347,23932
34165,1678
73462,2106
93249,5242
94007,24961
44495,4311
81091,11743
66007,25243
97984,14113
70986,7502
91377,8133
42774,26516
55511,14453
95710,17526
22952,531
39500,18516
92934,25243
50056,20633
63869,16437
25052,20266
22511,4832
11070,9772
83956,29915
13414,5044
42713,9011
18806,22311
87728,4299
52391,28675
23422,1396
85305,2200
97130,18873
30823,18343
46911,10065
46649,15982
21694,29003
21070,13617
32925,9011
29208,25725
88298,29848
15445,16237
97773,8135
36268,8733
21547,17211
86297,4049
82648,5103
81075,11792
68043,14449
72550,4006
98956,13032
35518,11077
87934,29538
73941,20709
85713,29415
19489,20223
50119,14598
55968,10818
17119,19938
85310,27485
32531,9532
68133,482
60512,21885
12302,12250
96336,5684
38518,9088
67171,26338
79157,22114
17478,19975
44456,24515
91051,7942
15421,10162
27860,21722
15670,8316
78187,25874
20178,25583
55673,22968
40728,29795
82648,29560
33747,11278
21095,24239
12525,26273
18623,19721
42743,4241
43317,11866
42069,19303
87527,22506
63913,21282
38136,22889
71430,11270
60592,1727
28464,20100
81822,12975
93519,18273
73077,20666
76486,20892
78388,7185
62317,26258
44388,20101
33988,241
56111,26485
34283,5169
74054,8730
37251,12686
77189,3253
73217,10259
65618,8844
63836,10630
32405,28668
49001,23930
83485,17083
12193,2512
61540,17075
19162,27743
77429,12246
16434,22938
22133,6552
84723,7497
78669,9693
67647,24882
58627,27873
41911,11482
44914,21493
24127,12924
78447,26720
29894,10625
32691,11970
80591,5130
26884,13460
33190,15332
48985,25372
58912,13760
80406,13630
85382,4659
17453,11282
82681,18247
50469,10253
95564,1204
95446,9881
47365,7478
96774,4830
60240,23587
47787,2261
50393,16254
89325,25177
71362,25052
58892,1237
13528,8812
33873,14665
30456,28344
25664,29795
62105,2673
83946,4989
10323,2464
54965,7990
75658,9104
70681,887
30356,16882
80223,1011
34637,23846
82858,14831
75284,9125
11090,26976
10640,20031
12857,6771
96340,21446
90215,29433
36067,6610
36495,15360
92327,9599
17680,1397
69248,2778
85378,27557
33965,15373
81996,5012
84413,14772
65539,18122
87416,29605
75628,17616
47625,4789
32635,21543
88918,5620
57762,9588
87301,10291
80582,11714
31560,20007
77647,22080
80466,5370
96446,26511
34612,2985
23558,11327
79301,16468
29255,2949
71111,22060
57409,18371
36429,13555
40326,18159
15677,22753
35956,7914
63807,17533
64332,25937
31720,13553
57152,26331
85225,14753
33350,10047
58080,29953
22109,13802
85314,23244
81253,8842
92517,1900
46254,29696
68510,24400
77561,2838
22258,3971
23803,27442
54304,24650
13665,13277
94607,28065
36345,1787
48241,22316
20698,888
88656,6313
75447,7423
90524,20001
49943,20782
26882,27617
94898,27701
34750,25722
73802,322
68587,27511
53965,2425
18176,5163
53926,6114
33715,14138
51534,15446
15686,16174
97580,16343
27626,29937
90807,22885
89732,27488
81635,29804
90649,23004
38769,27096
51339,9666
19229,22119
93470,16689
33336,7733
72510,16440
73771,28612
32072,5337
42176,4496
96195,29323
53215,7365
16868,17026
50036,4856
34903,12777
33538,4413
54817,15516
73872,1506
39135,8686
23892,1127
68592,4568
97691,29128
46778,15853
14555,23341
26418,28882
17123,11646
56120,11763
44583,20186
10590,25557
58242,9271
72189,12435
16381,22214
73871,3465
95489,5960
57537,9195
30298,11698
51309,2885
60777,27592
28277,20397
59153,22662
32399,1611
80378,26131
10723,22291
23821,28811
15459,10803
65319,9736
79766,11660
30937,15093
39577,16907
13966,2343
35431,23108
42917,1358
30771,28991
27921,14249
10810,25009
93710,10378
97394,19755
33566,10792
19229,18731
38232,25699
11717,26411
28637,5561
95440,29350
50545,25642
76385,7915
19468,5232
56883,3864
72049,23998
48317,16878
33335,21450
98848,21446
20012,8289
21874,12123
67228,21512
71485,25398
83573,23831
71538,6914
77365,13572
34796,18910
83622,10155
24184,20290
94060,5738
68903,1546
27581,29802
92508,1613
96904,15062
46590,8316
69882,25596
93747,18066
54376,7212
15516,15597
41032,21780
75608,1894
66242,19596
85655,8544
35037,14486
38228,19681
18409,4480
91880,18527
65832,27570
49357,16744
26226,24936
49634,10457
95231,11915
85398,26911
46067,28723
62723,14411
18704,17607
12025,19010
32617,1931
55053,12101
26728,4245
77677,16719
42142,26393
94184,23997
87467,29029
11774,15525
94888,23717
99039,22367
63090,15518
31681,6306
25482,11066
17917,8802
66643,8418
54482,4186
87951,15339
83345,23863
14940,1578
68304,7033
26429,14496
35177,28240
21993,16502
32585,8929
85940,6997
92765,7906
80457,25447
33816,13239
16715,25595
29698,26313
50146,14027
31918,11499
60187,9848
69155,2637
87240,17913
62467,1051
34938,7300
12899,27929
88559,24326
23827,10281
31329,20586
59133,13904
86534,4094
40880,4998
57910,19441
99390,12889
45943,20086
91166,27755
16873,12709
61385,15783
95681,26932
54815,8031
80547,20622
98786,5482
90182,4179
25448,22585
90731,9368
80189,9240
47883,13357
10837,2981
18342,18990
29400,10627
39059,26652
25389,14764
58349,23382
90623,16107
51915,12048
78285,10802
13297,13992
13016,2927
78426,11068
61703,12730
90397,12393
31916,29429
31184,9721
80454,10442
21580,9362
20564,482
66254,26064
60653,23358
61844,24150
34834,26623
73900,2154
87902,25836
18816,26282
95228,28100
62411,15272
33398,15229
63309,22020
84544,6313
49998,1945
82358,9742
49230,23551
33528,13193
62471,27170
98830,27762
60456,16171
49188,10491
16249,5341
92595,23994
98782,20972
59542,5205
17428,18748
82937,2925
69556,2869
88386,18215
65177,4103
87834,2095
20860,20140
34940,10042
46650,27073
68410,21781
93250,5504
16815,24930
97797,27164
19326,9761
37812,15619
44553,15580
55826,10293
99973,4625
21272,4430
48706,11562
39968,16118
39090,5396
10330,3196
39819,13759
28480,29522
49642,9383
67411,16660
90370,2247
88258,14657
74311,28669
61189,2892
89271,3992
62577,15768
50755,8388
26400,17907
65587,28649
61038,9499
46110,9873
79186,20857
25954,2344
41461,6505
13138,16060
65233,20822
65521,8853
82875,3023
55002,15273
28742,1517
27830,21756
23883,28734
49352,21687
64404,15685
88310,24994
30286,12724
88231,1480
29635,17498
51373,4338
89474,21358
27690,19848
50363,13056
51943,5584
31250,19947
54760,27211
91043,17399
93523,16880
39318,19110
67337,4123
11808,11226
37647,1153
58921,20661
93557,2339
50036,12545
90001,7283
36533,20954
75165,26168
51239,5370
72939,26998
65686,10476
17328,17489
67395,8160
28772,19849
14070,5103
87097,29665
68724,29861
25953,24881
63070,13537
19078,23765
31975,6608
34097,11756
72154,27508
82572,13310
62841,6502
73364,2644
24274,24211
93223,2776
79528,20553
64766,2332
73561,17188
92726,17859
83721,20603
92406,6936
17975,2165
65949,9625
14108,19793
67207,4129
53604,13552
66857,15008
85500,3794
10973,23342
76102,21800
49462,22630
85490,8441
75947,2290
39188,8057
78070,20230
10836,4955
60567,25903
46036,23271
30851,15936
10852,7480
29739,18407
73868,28717
30093,21866
65138,8012
32475,7050
86579,11398
80454,17336
86268,8531
16324,7431
82011,24327
51450,28480
58048,6853
67175,15778
73371,579
52627,10730
44432,25395
66168,13142
90295,4273
69036,27921
49466,2819
54941,24888
42905,6877
86735,859
61779,19113
50921,13912
10908,8825
26847,11999
67200,8841
18598,6857
76277,8078
17179,5742
83073,23170
40548,17551
36298,13830
24581,22570
26950,16791
90124,27062
70405,5625
27485,22874
97853,5952
38043,22957
82429,21436
65491,11843
77855,15881
43965,23428
14369,23705
45598,14620
48275,11042
73836,29947
91427,2354
21206,2580
77949,8989
50112,19975
96698,4754
68431,22744
17910,7972
62703,13906
98657,11850
41910,19912
85206,29076
84082,22187
17247,5049
47389,17779
24747,1228
14072,22893
38519,16636
39973,18165
76683,21449
53709,29415
70836,4618
87601,20914
39372,15564
59066,1652
31925,8263
30585,12632
74762,11667
69762,13533
99301,3102
81274,18576
81158,15713
92423,2806
13818,17763
45488,3002
96056,5268
34853,14689
74727,20058
30916,16415
13001,7003
48903,19113
12079,26359
73814,5094
99027,3411
84762,9651
43732,19561
19155,25712
22163,17777
47808,1275
84170,19164
34551,10570
21789,8777
39371,10755
75145,1917
34111,4197
88531,29547
14007,17973
23225,11379
53248,8621
23521,21023
23773,13539
16873,19925
55637,26886
38532,13620
27447,1570
82213,12014
34258,2393
76317,5915
75513,29212
51039,29078
45257,18015
16928,26520
46001,25300
36510,1553
91032,11440
44310,28757
74655,16644
25334,6602
55461,16724
67808,7512
35091,3230
15335,29912
70074,13571
61506,13287
52958,13845
99146,7066
21539,14320
88250,5394
63230,4596
91365,25294
19971,20822
31520,13664
13161,16235
21038,21795
73460,11459
86901,10672
30649,2556
83419,12751
23647,8828
29760,2822
60965,20637
79698,1019
77716,29487
61256,26458
48140,8320
35782,9444
79065,11268
24292,8518
50543,21924
80646,5798
85066,22618
67533,26598
26594,3076
88288,8272
73798,23889
43840,5436
27761,10293
78818,24416
68512,13863
92485,6579
74967,13174
95649,6519
21946,22139
18848,3907
23840,9533
54983,20316
15640,1504
33454,14089
71404,7915
50617,15605
99381,15838
83612,22017
58730,2606
50257,496
41342,11882
65573,28074
64333,15219
26346,7092
70795,11997
67491,8424
30397,12800
64546,29772
95841,8319
23438,17179
57161,29122
26446,2838
39798,20271
73942,14005
96514,28961
54917,18135
56856,11572
20429,27484
37811,29530
45307,20256
58456,20109
82419,19584
90256,22941
33325,551
53789,22754
40864,7004
58391,2897
65887,16371
76541,15228
12668,10093
54180,25039
93944,24983
92572,12851
51511,21656
10306,22162
35328,21833
11186,27716
53945,9098
86042,28732
90344,22520
25561,8887
10532,14065
88733,9180
41537,8014
81665,4246
66331,20239
86734,4172
32512,2403
23055,10656
63002,29533
38262,6024
72672,24548
19752,1647
97877,3364
60804,22536
84638,20579
62068,287
21234,22224
20912,18429
92725,11554
29950,5643
57121,26189
42823,2278
76687,24623
65526,17347
85379,944
74606,6448
83950,27803
19852,13472
97214,11622
48556,16897
12645,8706
35398,9886
58341,1121
21486,21384
74646,26416
79383,20253
38254,22536
40621,19815
18678,6670
13323,4054
93750,21276
67804,24063
72663,23570
46849,1910
39909,5801
65124,23416
17037,901
98451,16653
62173,8082
15221,25440
91884,17835
57342,2264
25577,18310
75533,25337
82331,2211
39995,17736
52325,27164
92448,20589
15246,1117
38683,13537
14110,2145
29880,24308
94041,973
22573,16357
65145,19506
15708,5098
81469,21061
22479,14710
37882,2601
49959,10077
27076,1282
78361,28335
15663,18220
75212,586
93222,26692
27408,5644
43030,11362
24805,14400
41043,5584
96326,21585
13488,24433
61159,26094
54582,18204
34911,11650
67333,7395
94180,27668
25126,24261
93572,16412
94844,1098
50366,14804
11703,13416
90811,6602
60960,6598
22406,7201
78517,24662
30231,28960
46117,29884
99778,17333
29100,29120
36985,20857
38387,25996
42851,7157
24270,5661
29536,17910
67784,11498
53345,16535
64518,1596
50819,18525
66593,28269
18930,16781
86113,20245
23175,3233
80190,15384
26265,23141
97996,24121
66598,25807
21779,16037
55239,22945
65312,4183
39002,6453
26844,5127
79840,20564
11399,19366
83576,2425
30626,26852
90188,25803
19926,26502
87193,27622
49032,22259
30636,2252
43165,25839
82364,29361
85319,16831
98367,5503
48787,28498
16940,7474
44298,11579
82455,19093
56316,23361
93302,28711
94537,18409
52451,29238
18544,1778
59096,18541
72303,22317
41971,21644
22315,8748
80509,13611
48927,27170
44547,27777
94422,8187
88709,16263
97966,140
16279,9812
43670,26679
66522,21016
33092,1176
81877,4176
91952,21617
55834,1087
23156,21705
62539,6482
77429,7831
76427,12020
66639,16919
34658,5460
24509,2996
13605,8089
87309,13724
22144,22458
62203,19283
90929,20782
17314,21462
87325,20757
67240,29441
26206,23220
46979,10626
55801,11476
45726,21636
36648,20803
62018,23107
71414,20053
22244,29138
60341,21559
72977,17709
98877,15634
44339,2395
75359,9959
12321,13817
98975,1512
21089,26705
72712,24945
65774,14572
69542,21573
99499,21436
60057,3248
25519,7742
38387,12319
37924,28296
70514,27118
52304,11268
89017,8320
23385,15163
16286,28541
43953,26002
33870,5422
54157,17870
17425,793
32682,12237
83416,12658
57048,29895
32651,9750
53015,16413
18454,5667
84867,11589
77211,22769
47153,11823
57523,29468
67737,184
18702,12694
85752,8227
11536,17466
97422,10541
97105,20500
20596,15811
19327,11435
28586,6545
68926,21097
18374,11212
49327,181
77271,17440
71255,5822
53658,13491
46239,22284
61702,25739
63727,15314
17640,3869
46525,13121
83704,10154
66029,22792
75801,6440
19190,14874
48863,29931
28291,2980
83513,14321
13584,9985
29227,2283
13874,18318
69078,1139
43968,28218
74146,18376
76531,10581
87404,20981
20165,1209
84016,19822
82439,27504
92021,17344
73527,2717
94472,21374
88818,20088
28611,6801
73452,8121
24540,10234
14102,24828
33464,9417
65016,24235
67471,29598
72051,3326
24360,8153
56473,24515
85526,25519
61489,185
73843,16908
51613,21199
62157,8491
41393,4507
61107,18255
86211,28893
80530,11413
36032,6127
69347,24464
25975,4202
29690,7529
74915,10238
20564,952
78225,20516
23818,14495
45359,5190
63346,25767
83826,24059
72655,15002
73121,9755
13555,16246
30199,20489
80315,3646
31376,2799
26374,23853
58609,12815
20142,27325
31677,4059
57155,25248
86816,12282
45047,28145
31149,29595
52263,26623
88807,17207
38460,7519
12776,16207
23189,24726
37755,22537
53502,29348
23831,12136
61676,21010
61525,20778
65956,12149
30312,3066
99476,14677
68625,23736
68163,22822
11393,8588
62166,13533
30685,5683
24418,29037
57893,23286
51588,4646
66155,14112
12561,24982
80588,29269
44510,3423
35882,24320
85284,2111
85482,11542
23809,5132
22339,6309
33835,7089
87798,20537
94956,6410
81609,13531
76040,23480
19048,5815
17768,14689
63293,7785
82044,18630
14112,17948
14198,28941
45873,11597
22101,27963
36737,13760
87821,28085
29328,4449
14346,26806
71612,15070
83475,13697
60762,4731
55968,13676
41532,10552
18989,1828
44800,11760
54074,21613
80962,24414
12049,10090
29169,5164
51370,20143
49161,2029
74930,2168
57798,8218
15588,7023
59736,4733
24327,22249
99463,15818
33580,2654
74767,22183
85251,23505
19094,13058
10484,19365
54045,15567
95538,21943
24409,18099
33464,29848
38423,19544
19042,12852
77245,23133
84367,24238
71540,16665
36609,7016
87479,17922
60879,1835
45224,2491
12427,13391
22335,1475
27004,20065
56622,11375
19300,5836
59302,4916
28946,10693
29516,27363
24048,6085
56090,2713
20844,11899
87028,3241
13130,1051
26592,20012
64998,15786
10714,27884
70014,23680
67028,21728
20959,20914
31495,12053
96194,7412
49046,5625
22126,23566
68267,9620
47889,5316
39348,21209
51233,20457
37359,27920
46399,15481
49014,16799
55261,27374
19990,1362
38883,17582
61632,29197
45839,16543
76887,4303
61787,11693
74084,3520
51576,1125
14160,7856
62601,20999
49239,4932
23009,17804
18543,13139
19471,15380
57817,22380
84174,19867
12414,16606
97787,8577
28819,14613
21168,2267
32312,12233
33648,10366
51763,10794
99444,20005
20668,27405
83788,13472
53445,5080
43330,10648
55496,21680
62565,5444
45621,20960
42502,25288
56169,5094
79462,20425
79789,9064
23884,2099
75233,22754
46190,3673
84701,21667
24362,9028
45772,15008
59622,7239
59634,10011
95212,5220
85501,27809
96874,11731
62814,8068
83222,20201
53002,1812
47202,6209
50601,22065
54847,8306
76459,20020
96066,6215
62647,2166
30181,20040
22843,23228
34610,1870
97277,27047
73508,23248
47913,28951
72749,22681
33219,2125
14536,8667
44105,6604
40277,23328
11455,10597
78490,28678
28391,18854
61076,8276
76959,2842
12442,15886
21248,21267
29333,13765
84694,26109
44922,16250
62483,29811
20042,11526
89018,22206
74568,7606
78824,7477
45982,17328
71643,11527
12017,27041
10114,6118
28704,14197
89864,21342
83262,15449
84494,20753
79317,455
17098,25758
62321,4492
93247,22802
27508,21950
65746,3935
44357,10885
13501,1176
93771,15336
54671,7258
73288,18104
76393,7074
13301,20626
29126,21675
32503,19983
20007,12323
94933,20558
91614,29785
46828,12399
66114,21078
74833,4704
35024,20926
36370,10803
64066,26074
94329,16309
25816,20779
12188,19132
76425,14533
53859,476
43016,13605
99861,3348
23335,19358
51831,3635
59663,6699
70173,11598
96651,19746
38418,24828
25517,5369
15207,26647
33035,2630
12632,3498
99622,9838
50592,27955
25628,7451
89396,20976
70525,27235
65328,1498
43982,18243
48843,5246
97565,24060
95138,17128
53253,6229
45335,29680
49747,1273
21808,4179
93025,27397
34638,11887
30635,8710
84358,1283
12233,16966
80762,26101
62716,21818
41894,26391
40217,29197
98478,11743
97880,414
15590,29635
12571,15941
58050,1220
56057,26965
38537,19841
30336,16606
70291,5902
81075,14946
45366,7217
95791,988
54172,19883
42302,6214
14966,2334
85577,13518
30595,1217
92101,20730
40805,20528
77303,13294
28009,19433
95750,16344
63160,22867
20972,19715
30361,18409
35944,4524
38565,19574
50203,19573
51495,20430
23882,20751
56063,11677
29360,4086
35725,2986
21333,27092
19057,3742
10637,2985
83215,13091
22715,11509
14739,28850
25027,28575
79479,26308
77959,26054
64117,567
97339,6945
70792,10653
43486,29614
59836,26822
48580,7723
43872,28933
19617,26155
78803,2415
84828,813
63459,17844
28367,15876
21878,8662
93717,10668
65532,12166
18443,29545
57355,6703
98097,7419
69649,20795
44356,23549
88070,12618
81854,7542
82859,20221
59023,10218
37906,3528
45368,29939
45613,7325
95433,28113
38922,1603
59468,18984
87038,22502
14096,18840
54428,12437
85009,29146
72940,20230
23754,19297
13942,6593
39931,21565
28957,5368
81470,8565
50461,26350
74736,10552
61510,3624
84767,14575
88897,19113
58964,20559
25919,1662
35262,6714
59651,19173
60401,26712
89436,27870
58360,21283
98770,6185
79043,24348
65208,25643
22840,27943
30956,797
40577,19759
82667,25854
73837,26918
67396,3201
19508,25081
51989,12543
41596,6480
21052,882
65097,29314
32760,27045
50654,25332
28969,17902
10489,25684
42338,3534
90653,23062
68190,24477
96676,9238
29853,4326
16013,12629
20603,11930
49692,22905
67277,20799
42756,1141
91365,15271
69426,21767
30753,25750
83751,18761
39598,29271
18496,10570
64703,2174
31145,13749
24314,27728
79055,1307
23387,25836
58161,1946
81104,13029
18240,7163
31725,25257
80907,15322
32778,3335
13156,12271
91869,779
49560,11961
16351,26560
38414,8630
94751,21498
41082,3224
83959,1052
50460,2743
31062,21529
52781,27616
36550,19562
23557,28628
19017,25804
50009,6078
36968,15157
35575,26468
52018,1701
36513,20110
22999,1031
35780,21294
59686,24190
97495,29717
72094,9195
84829,17079
78684,8186
39227,14438
37537,27560
74214,9879
70192,18981
78380,5825
89124,4911
64603,11546
35738,22663
58553,21355
83567,26022
84699,18110
82359,17655
96151,11099
11714,17755
41927,24660
41107,7382
15753,13569
12109,19111
29428,14936
11345,5089
77350,28718
20863,27180
40967,13337
31601,24610
84090,20097
40069,17029
57153,24469
23748,25230
32961,24938
82060,4610
36780,1984
79687,20969
38088,10114
96163,29148
93964,8521
32408,1042
61476,17976
90087,29012
73460,29267
15769,25354
16768,13735
10944,3008
65075,22713
29506,8267
22759,21452
23395,3785
24742,6831
53101,16074
73914,15911
67039,15644
36427,14520
78139,4732
87435,28952
14280,1588
14063,25409
93658,5472
27823,7147
17700,12533
19267,12981
28075,19715
14311,25751
27523,13856
25914,1408
43049,19659
10490,5661
30757,19465
35595,26188
87429,17646
64595,19133
83223,3847
74177,4197
63106,2614
60669,22152
65422,1155
50618,21265
69474,6956
19399,14362
31338,17492
58471,12780
83236,17561
10298,13153
73383,28917
34014,3551
49264,19972
25451,16629
69279,6397
39358,6985
19664,6443
66898,24650
79307,26084
63081,19524
22611,19043
35070,12599
48104,16242
78445,18064
12497,10311
71536,27593
46058,27711
80665,5451
55896,27724
54420,23886
33509,21558
41203,26479
14943,10772
70592,24031
82758,23264
51268,23161
72439,28660
27632,8171
18575,4720
77584,13194
80447,19928
36738,24698
37142,14008
22008,12685
71187,21648
22049,1469
22301,17633
66455,23039
15194,27168
25751,26538
29554,26835
76566,22877
88697,29974
85643,14582
48519,7082
37884,857
35184,8140
79557,626
44761,1873
27901,21792
71875,18288
73828,16571
24494,24361
46996,9793
76914,12498
14463,20180
77069,17148
10500,15241
65174,12325
73218,23502
38189,21175
91938,535
49811,1214
30253,346
98254,7244
98368,9962
15671,18937
66581,4899
36466,24355
43613,22598
30662,6279
73488,28296
61814,4079
13035,21264
92855,6170
96555,26866
24761,15949
94015,11748
11034,11921
11999,29689
25151,17503
80929,14323
71749,19119
26030,5257
33755,16730
11511,3806
55759,11505
13571,4561
10813,3810
97397,18343
81532,25411
29046,7923
21602,29187
93044,3279
11171,23016
30792,28341
41135,6134
80745,5600
82261,7544
27282,1386
53239,21630
95202,20556
67583,22916
37970,13558
21134,6361
54816,10623
18309,17133
65376,28157
52054,16471
61788,12012
84247,8721
24635,10899
84116,15707
67663,29258
86699,16855
82321,25335
52511,16356
71821,28962
89764,29058
19573,28467
90017,26486
61612,13091
43862,5033
69003,29214
31113,29298
34908,17687
28425,29048
19539,24636
69206,5009
29722,14699
93293,26149
38795,6237
64064,18687
84586,8773
54045,1583
49548,19661
18356,25858
26576,1621
84990,19982
80604,12553
48906,28063
12492,13606
85505,25380
87973,12745
10781,20390
22650,13289
89326,24935
76289,18294
48054,4429
61859,16580
75878,27424
61320,29321
39631,7258
17179,14161
43687,22461
59746,1330
30669,15629
41298,16386
91165,29299
14337,27584
55519,19827
32742,11383
39616,23978
66675,18773
67126,14504
46931,13666
76082,24702
11937,7507
68052,16073
91926,13108
91783,27618
96578,2740
50125,16413
80485,6323
28357,2828
19700,28120
31373,27485
20317,22947
48971,26910
77509,14488
70149,23652
75206,26004
63783,21584
62721,27818
98430,3245
29418,5305
21084,27080
32264,19069
79951,29699
12917,7365
23592,19318
65461,21981
74172,4751
88983,14789
62167,24622
34642,6671
89854,22625
95649,20061
51271,27852
96240,1786
52083,11852
44865,22887
65788,6395
81882,9004
92258,14987
39285,8383
82345,10450
74028,23997
23796,23794
18357,11564
55701,28116
91283,7814
21736,22003
56996,20358
64421,16678
59458,22741
20410,16013
63630,24708
14030,28642
18213,12386
35307,11632
92651,6121
65167,25122
22325,1490
48958,6284
47801,10747
13070,6930
57571,25323
56178,21834
87848,25740
36372,1684
30919,17330
55327,23261
25754,24812
60519,16686
73962,15472
69177,25322
53675,27575
48491,29681
94665,24327
33555,357
78295,16919
50275,14341
25225,9624
41202,8755
95861,13053
29323,19294
18407,10972
41941,15056
46745,15537
38812,1847
65765,3380
50636,14441
62638,16521
69312,15475
13101,826
48150,21065
66236,5507
79427,834
28319,25326
98070,18924
70866,21931
61859,28743
20499,9804
22976,5435
93483,12481
64765,5820
30752,6144
99507,9914
79581,4586
37650,4768
88375,28376
56644,3016
12429,908
12488,28005
46423,15207
72862,15928
38606,9788
77722,28119
85265,20269
82818,21700
70756,15039
73624,19458
44584,12918
30137,23450
16499,21082
28458,22193
62539,12584
70835,11362
22096,8533
39248,8813
66175,20393
24885,10126
74439,24240
90208,9897
66512,3437
52294,5158
93473,3917
41222,21880
84270,5150
76735,24909
92432,2101
92242,12384
30167,29182
82789,1553
20813,25740
87075,25475
29930,24007
61645,27381
62731,11974
23738,9228
78249,12516
47659,11543
35218,12789
55038,12203
40263,24282
69916,8648
73351,12954
46696,16445
19474,9338
67519,11767
34666,19439
51155,19606
57350,10114
93818,16293
11838,3748
18717,10645
12689,21477
28041,25646
51857,14174
68182,11994
28200,15484
61526,12180
38166,18320
31360,25436
21970,4775
36615,18559
13344,20323
92763,136
94050,22091
13646,15941
11922,12722
80419,6722
58792,5604
10211,333
17297,7955
12415,26821
43474,20839
91451,10069
69981,696
44203,5152
59570,10027
91270,21147
61001,21445
75962,4995
52848,8851
55857,24400
42911,22150
76687,4730
71191,5722
19897,2107
84463,456
70013,10190
33773,16219
60329,6350
19994,7161
29201,29902
51079,5866
51879,20819
54723,26488
38861,2825
75429,17387
67103,19289
78977,1139
14156,20581
95607,10315
38052,2812
79920,4736
31081,13262
85130,26817
32641,19189
80186,22428
86035,26794
18220,28283
92830,6368
59321,20845
26641,13428
80593,9349
85546,18849
93456,15520
88400,6622
75345,14383
93531,6872
57383,14911
12144,10376
48373,12470
79529,22529
92756,14054
77029,23816
86156,27109
80500,3045
12373,10316
84129,2492
65761,1129
48145,27066
32830,19499
72667,16849
80582,2878
54263,4136
62346,11680
58324,4968
38005,1553
89378,5554
22615,9861
41062,24037
17080,424
96696,7099
86637,22879
26128,25069
13152,2170
51925,11891
58806,1964
57414,19897
30873,22012
17134,13326
21995,12990
87693,23890
81932,19903
21879,29917
70117,28784
26946,13169
56658,15304
92343,22477
47451,11842
97123,13865
15063,18685
96270,14121
12370,9311
20134,7104
70896,20801
26268,18213
87641,15317
49345,28261
35444,14614
21882,23573
98503,15313
63157,10927
22274,21484
45687,23413
76917,28294
51275,8107
96795,19003
32579,27538
42508,21586
44712,486
89919,4345
71167,217
69240,13475
33553,7509
30057,10165
86754,6644
80579,8099
51915,4635
52139,13696
30748,6964
49596,22621
52906,19181
28420,5449
22823,3845
76269,21746
89375,4695
68971,7451
92097,5525
92280,28926
70402,3444
73685,22170
52108,2937
48163,29655
48639,12645
73882,21867
71716,17715
16236,4913
82468,22801
85432,9505
20410,17675
80282,27907
23699,5736
59050,27986
52982,6853
57153,21020
42841,9327
68598,8654
89577,27352
58410,3345
54024,8709
95442,22757
42097,26857
21845,15467
41064,10292
68193,27986
73994,6162
35273,14748
38025,25442
95369,2319
80120,28369
96555,12333
40731,4772
29406,23904
13618,13926
61752,24420
87741,16501
48937,12317
81235,9780
35663,22449
99876,18174
61006,15363
64985,21955
29537,11402
79023,2160
81170,8408
44119,858
32286,28916
13118,11084
84007,13488
41556,10247
85069,14880
26395,1526
82774,22587
32790,23215
16505,12516
48692,1888
30661,21777
69416,24888
21633,19125
20485,20739
34294,9483
67250,14856
37876,9258
54662,13955
75108,16970
33187,29138
18906,3575
81750,15191
52712,7732
28208,5264
13959,14014
38842,2770
41235,3524
13933,24162
90537,17445
93348,2950
10508,9876
82709,3573
88773,21627
24170,12345
46839,8784
63546,15057
61493,16664
81953,9642
56233,26390
26832,23800
78740,9155
66398,29705
70734,11298
76800,16499
78018,21148
55289,13797
80219,3708
65122,11467
98977,27176
79365,28181
59567,2170
66946,19005
76242,5059
75487,15856
97457,28223
95989,24881
92027,29577
19904,4091
28135,4014
48841,23428
21629,23129
71664,26968
72366,17300
20091,19783
99817,22101
11112,25181
31165,3310
54115,5024
60409,7455
49160,10997
41353,16873
69016,24489
82917,28612
26141,4843
36793,12125
75175,1048
98459,6241
33328,25548
28506,16380
54153,7810
42579,18487
36324,27777
28298,11858
52041,9626
69365,16279
65136,23791
44093,4110
18267,28627
72314,19752
77987,25955
47121,9871
55772,23919
41119,29550
44178,17287
71906,19943
90467,18099
14373,4855
92775,22280
91263,21219
48604,12107
96342,9643
41548,17695
17756,24526
57010,13612
80975,4150
75767,27314
50842,12913
46645,15686
14171,6052
58775,21227
15029,17547
86484,19746
71357,20286
43545,29593
19381,13279
22392,17906
48515,22441
51218,19115
21513,28836
50549,1854
40202,25169
55358,5031
85598,20680
85551,28659
75903,23598
59595,14050
47544,24217
18541,24341
87753,19636
11604,26909
43210,20398
81446,16971
43056,15130
21118,19873
55500,21116
94697,21190
33717,2572
98291,7061
51402,20356
54408,16001
63096,7076
15246,6338
63228,18903
35753,12769
80377,749
57081,20390
56475,5022
26736,4340
42327,14075
81133,8194
74055,29896
55916,18774
31647,27105
30953,27281
31285,21324
34820,23819
10926,5842
21051,23774
42857,16386
52076,4207
32713,6018
25230,18931
65606,15535
78808,24026
71608,21804
92959,11986
24482,29845
78163,16696
68607,10292
83635,13175
62506,15103
30899,22703
63529,15374
30967,17485
34950,3646
94293,24828
95039,25489
37392,24369
84817,5497
27222,7567
77457,19514
22990,19377
32443,9635
60205,15767
97739,27036
30856,13091
20848,6501
20046,6560
97728,14945
95962,4568
93873,7215
76532,5306
80432,3233
31837,20230
54885,29849
70232,10856
72371,23950
23414,7378
94629,9992
11686,18301
58519,18082
96009,16818
26736,13615
79289,9234
81311,16725
88222,19436
90075,8473
51993,25341
12028,10987
12434,10220
66350,26773
43478,13783
20688,3809
98195,12073
47463,11491
28515,29706
35846,9571
81140,2801
73899,15590
99803,12487
35956,29735
62465,16784
57778,13297
37273,14568
14770,901
93063,6200
81412,26898
95074,5766
11662,18645
14529,22418
97520,16651
35105,18698
81761,7797
44746,22632
11649,10681
60280,1691
30084,26923
15193,23650
90895,4429
10207,2280
55854,18782
42842,20581
59334,11006
14674,22426
42733,22292
63919,24259
98529,1898
58779,3402
57704,14940
99102,5513
43959,4948
82128,21839
78940,28546
22469,14913
23120,25344
49437,6830
32543,703
10944,15040
31553,4530
62345,14242
94371,7044
94588,24888
97018,27351
21225,16927
11912,8098
41630,209
53517,3067
80437,7832
20323,19310
79971,18315
95098,21371
49369,26333
15828,3754
83622,6360
52994,10007
74383,1642
43436,14892
72528,8480
20577,20676
29731,155
94585,9757
16994,3153
68783,21954
73441,15399
48949,29203
10657,12618
53157,6056
74763,8244
55416,26626
21026,28720
82651,28627
94286,13123
92073,5848
57443,27699
54677,16615
12321,9338
60222,16272
53714,11487
92025,7427
69932,2903
20506,3985
51914,22729
52854,5020
58710,9979
44257,25034
39119,5177
67454,13555
20745,1252
50417,23084
12138,17149
66419,25944
78411,22533
80984,19882
62475,756
74149,26813
44809,17783
30931,16467
62082,757
19743,21034
72785,1033
52569,17627
45590,21411
68367,29970
74683,11573
60206,4310
80957,23826
85518,28890
83914,1079
42778,9554
93420,26179
44253,26258
36154,12588
73767,12751
67313,3033
67548,26926
73698,8212
48754,27142
41766,3498
24476,20657
99014,2487
21712,7309
39757,5262
74654,18130
68890,3791
26519,1961
97134,2152
10188,1304
36910,21110
40732,17842
40843,19317
66915,11311
50507,17082
97193,5663
88024,19240
89322,27430
83372,5702
51844,12780
20244,15252
39644,13563
59563,23631
11557,5546
42645,10036
69320,17185
77105,13571
89662,7307
93569,23661
76465,17187
23466,23296
11417,16949
20107,27389
53330,1693
29811,11547
97833,842
56399,17306
87010,16265
66561,580
30283,21143
81496,21620
59492,7837
95348,26639
56232,5416
70197,11732
76025,8491
72404,10296
38484,19437
24096,5831
62649,24628
22971,8432
97241,17730
83177,10011
11900,10017
54715,25208
63249,18846
85196,6200
97666,9816
10317,28732
49779,17045
30168,7568
12285,2346
21634,9442
85989,14607
33940,23385
54437,3016
15798,6158
36397,14518
24168,15110
33318,25373
38461,15188
81099,6059
13838,28863
83758,350
89279,9238
81932,24229
49028,23996
27583,24566
29451,16264
18106,23773
43397,23161
49071,10680
46857,4428
46661,1888
78443,11640
68562,15491
72800,8739
85694,17335
39640,11335
21103,29190
38793,3463
40878,23751
58596,21696
58944,19121
50602,25060
86314,17970
96381,11388
72985,10134
71596,1146
10767,1218
95640,18484
51520,14934
39831,2395
69423,27993
14357,7968
36035,25519
55855,23327
36855,20532
31653,20088
45257,19451
32919,29024
83750,252
48370,21079
12718,11634
98256,5171
95549,4528
15738,15502
65479,19154
24764,10842
88473,12758
45814,28440
28661,435
51113,7273
36356,3646
67981,27072
92254,26260
18738,8640
47550,17682
72291,24092
52800,16789
72681,17736
61804,483
75721,9189
28199,24632
66543,10242
56378,17481
48046,16798
84611,18293
25236,6266
26515,20129
92668,21857
91704,2836
81959,12423
42851,5031
18451,15368
78527,22721
28532,23653
30521,18126
12932,7712
85817,24980
76181,17371
17824,11034
20594,5189
96888,17009
83250,22294
58077,6716
11908,18434
65642,832
13966,9464
13364,13859
92054,13347
12458,14227
21393,15601
77424,26351
67018,26860
52247,27630
52825,17694
47509,2243
29924,11912
36074,22087
54945,1941
41685,15610
34326,11845
78209,24568
84515,29447
18846,3691
29670,5710
71497,25750
34333,4669
72243,2702
52367,26374
64391,5691
56922,18497
85024,29330
10464,21542
86158,22032
49763,23694
20707,415
77538,23472
41649,19091
76744,26554
95990,5133
40958,15586
52318,26377
92757,14976
59898,5323
68106,19380
28817,27542
77236,17576
93471,19372
78003,784
34147,15705
36664,7226
33285,7909
63406,17475
65558,9368
59803,8124
34699,19772
42568,12874
89413,6205
37160,26442
52446,29445
17817,23227
92231,4299
10199,29678
84659,22148
86420,28168
29569,11000
82333,29046
39913,17168
73794,26378
50051,15607
40083,8653
74866,20124
72287,15503
38360,22647
64317,9924
77795,14808
38847,5854
57830,18563
20145,5327
68019,4236
84380,10931
51484,16523
73604,14893
94320,25924
76144,23655
15864,2961
64508,28522
78513,16866
10772,3560
96993,2718
60204,2281
64892,24090
61221,3681
66825,293
40906,17432
89950,587
10608,25980
81670,18598
44635,1592
27415,16555
13329,8687
57456,10297
74562,9002
23104,8665
91437,29399
27640,1491
15956,157
32415,11834
19447,1865
88187,29282
41933,21995
75961,11656
73932,18200
51352,18605
96680,10740
21921,18473
41707,2427
44149,12831
16024,25255
47115,16000
50558,25557
27850,18744
40295,26487
10907,14957
98272,15199
55235,6877
83561,2088
46775,27556
17294,6025
44324,29228
94368,1305
66628,10445
93898,28750
64425,26565
53426,27614
97659,5845
77725,17064
38184,29174
41253,17311
67369,3546
78834,12451
82291,2245
66207,14149
62814,12881
81017,16338
11951,2821
91730,15818
59909,26181
58319,13100
70231,28026
27538,24083
70642,29269
58735,8034
38096,9164
25622,25334
92343,27293
64226,14802
92554,25138
10281,15094
68580,11810
61875,21150
60734,4128
26691,26146
57010,29700
83068,8907
59116,24430
98979,21289
86346,1087
11318,8207
43203,4049
80857,19024
13573,29132
71513,14556
45324,9637
67654,11693
54725,25834
46130,17002
67448,15936
57736,17297
44133,21576
12198,16884
10321,19943
91202,2542
96921,5146
40024,809
72272,5063
25636,20781
25855,29051
66680,21828
80102,18270
66819,29950
13014,13494
82903,10974
27399,24987
44822,1466
73303,21763
91836,28600
30726,12290
32486,6346
99400,18650
57623,13742
24281,29559
42353,12275
55249,19946
11287,29581
43336,22382
67060,15189
11026,12537
96767,4427
27198,5073
63755,12213
45030,23844
53058,19250
11297,11597
54339,17112
70535,20126
69624,29640
76503,8619
85139,26595
70183,16391
52018,1008
90437,15285
75074,15333
82112,14199
93169,2714
86760,14222
82762,29433
92834,14352
25763,28263
28832,4401
27353,21585
51672,28438
38237,23023
35179,17351
43775,22781
63845,19730
96563,3166
54962,26697
19938,7547
92120,28813
61823,23189
63736,12605
16051,16861
79971,13244
85037,6016
74156,11456
34291,24008
57901,8430
53157,15077
13079,15938
61494,18933
37743,28067
17974,16651
92541,21499
89606,20930
13269,5613
19164,22969
24936,17389
59759,768
39808,20560
80421,24315
19577,25160
30623,2653
44196,7807
32304,9490
61101,10889
67909,15326
93168,11995
69010,8032
67837,24902
76521,13770
55240,8560
18022,14028
95888,23243
40125,29294
81568,25448
76355,12090
59631,28447
96341,2962
85586,20550
73313,28156
26765,22463
16435,7372
52124,12441
81243,3015
32644,20443
54138,24813
73851,29679
83471,23623
61762,17978
71998,22833
42593,22652
25426,1495
68791,12420
78760,19048
89861,8417
64596,28666
89716,26934
27232,9025
39942,22767
63984,22027
43779,12206
49281,6100
25009,3613
25011,25602
46791,8478
38554,11935
33587,16707
12916,22825
52829,13142
54399,14686
83919,15980
33920,10530
50033,4987
59281,18084
60871,12653
31161,17495
75457,8642
61908,10778
23938,28908
54876,3956
72708,29818
32924,1476
98799,10314
27263,17225
87017,8199
83419,26696
19520,4919
45173,5942
21153,4193
90281,1621
15340,14708
75005,8595
45423,22274
51259,400
35817,26192
84365,20033
82663,4930
15609,19767
84146,7943
24444,23046
88761,19868
21734,2321
55887,16231
93338,10193
74741,451
55062,12427
31696,1518
42761,522
55590,13054
86313,24448
93741,25189
32012,17688
91842,2713
16519,3827
26929,7078
86593,12303
31331,11728
12798,3339
58453,15874
95971,18295
59636,26750
87383,26675
14442,27230
31205,5882
62884,19074
52207,4897
48181,15161
17447,21229
39672,10920
48782,21469
63164,28565
42252,27667
21187,9117
29499,12303
67590,19313
18524,18923
34749,3553
39802,12121
58253,29832
87657,4182
49054,12961
36829,14478
54369,28078
96555,29962
83130,5006
49187,4348
18396,4452
10039,3863
27768,20640
62759,17094
76768,21650
16966,2181
29822,795
29972,10698
28100,3389
64278,16623
28494,25694
16833,5448
29738,16093
56077,20975
21196,11960
59677,18469
48975,19907
17255,8416
93498,4404
27730,14277
35990,18097
36676,20643
35381,12115
20833,3137
11630,18491
15657,16731
83701,19237
27262,19458
78102,21783
71894,27940
24768,17510
63607,19689
35427,4764
17360,5974
48122,14228
59604,19365
60442,9105
88908,11225
81446,8903
29067,20553
65109,26504
70010,22468
96004,9588
24869,24744
93229,16889
72121,16029
72114,5955
63457,13536
68073,16324
73801,12949
55742,22589
76715,14748
62532,27317
90035,16026
38336,24830
94735,24048
51763,18234
53217,19817
55645,5127
35755,7416
28287,5956
38952,11704
12281,2567
14007,27917
31489,21640
26658,23597
78078,19922
20266,11656
19192,11503
28073,10149
48819,16299
13999,3635
46340,8917
88201,7221
18860,27353
89338,16232
35518,904
31461,8213
88508,29353
23755,21311
72473,28435
70545,18987
37053,2288
91720,19713
19252,12287
51762,21255
20502,27447
67594,15223
22984,12632
39950,18780
63769,1561
70445,15409
41843,4036
95589,17609
16665,10094
40200,22474
60994,24512
32221,13510
79111,5000
70570,17758
47030,21176
92282,8788
90350,27466
93959,29404
12795,16178
90327,3555
36843,26409
21848,17834
49295,28991
41588,13813
38451,1220
77460,11985
72085,17941
79114,174
77694,3382
22423,17482
91603,26281
87221,12494
96610,25707
11230,27231
55103,11586
31395,6349
15354,23753
28317,19017
53687,24167
61474,2801
62689,13414
69231,23486
74442,25586
68046,11775
90144,27418
37838,27380
16365,29367
58421,23501
84302,7174
45969,9561
67397,8688
88606,21024
58251,20299
34101,28903
56404,29732
38689,12875
94327,12269
74086,22648
70843,23504
57532,1457
26476,28034
27824,28428
81548,26968
34130,19190
89555,24789
93413,14586
14914,19776
75558,13290
21819,20073
44408,8507
81003,6343
54305,4346
89865,10529
39146,25124
10178,25704
55534,29085
99725,9120
23217,19909
81787,25112
69091,23267
80632,9265
41135,8497
22950,13210
62492,21022
26678,21841
63937,20676
64562,21296
84249,23089
31670,15730
33499,2657
66662,23901
72621,690
26546,6468
80191,29060
10148,17689
19741,7922
43213,10597
91729,3068
72274,17667
96964,21677
77962,21208
85772,21306
36848,12356
73732,3357
85295,15548
14213,23378
87921,12906
99659,8493
88254,5856
67729,2460
28438,20333
20363,28212
12150,12573
39791,21981
56455,29600
79955,961
48605,5445
94079,3018
64407,9377
73432,4221
62555,9976
92534,25365
56200,25466
46476,24485
74961,16827
49704,20790
44740,260
73744,12946
44317,19497
64687,9321
54407,20308
42777,25595
59290,7268
22298,250
37938,26323
74851,8392
23305,20275
82049,15271
64351,7923
44770,20302
83294,19670
10723,28416
59813,17180
44452,8337
24391,1574
32127,13835
68611,16477
78457,9786
25762,2753
19785,8630
44125,8850
79504,7751
72270,13952
49283,1249
65953,7972
76068,25723
98507,24065
42358,13708
91404,1695
10259,17365
10384,13786
35264,24149
56302,16809
97511,2360
16338,27772
44568,5657
31041,29531
88586,4382
12741,22775
60833,10774
62370,761
51196,12602
46976,800
89241,159
89955,13053
39833,12107
24072,8975
36646,6135
71158,342
61346,13251
35393,18510
70590,26315
55689,382
81332,6546
38404,26448
60031,2546
49553,9729
25158,21391
10185,1831
33806,15128
48285,17203
98269,9926
51756,15107
46805,20838
27859,9170
20678,13849
26274,27774
79009,10310
18609,6023
25419,17649
51187,28412
41161,9669
44109,10074
65183,12841
44963,8906
11347,6627
42950,25587
91877,11159
17921,3395
50662,19643
34165,6894
15362,11355
52975,25212
14097,10987
53051,12177
55394,9099
33682,2046
92621,18658
54387,11309
83881,22892
96728,26776
55340,1107
24776,27895
94924,27241
71560,356
10977,13369
86933,23248
52174,22388
83844,26487
96953,5066
34606,24942
83547,174
52718,27638
33415,26640
91292,103
97126,8431
71882,19991
64493,12065
23901,28788
70222,29623
24366,10408
87058,8142
40255,23502
73535,18512
33217,23984
35549,10584
19282,23131
41257,23752
80169,15162
86334,9102
15896,23752
86963,4600
32167,24853
99862,145
71357,29044
67217,28577
38430,11563
14588,7004
82419,5442
74531,4940
72902,14377
65192,10827
28188,22141
27631,724
87113,24097
91079,3232
70964,9839
74253,6636
30387,23384
39889,1655
10782,17465
45190,28439
53742,22260
56166,9731
90813,21179
57806,26640
85414,12711
94324,1777
86309,17584
97267,15385
97145,10711
75950,25747
62639,4694
97822,5012
80962,17263
72940,14275
31157,27152
39475,18165
90763,11160
74412,13074
97356,15955
98703,21131
31513,22624
44864,9389
63925,14688
41684,12531
20924,4968
77894,265
32453,11085
88560,494
60104,1317
46925,17534
59670,15542
67425,28765
42767,16523
22015,10088
43095,24492
63524,12015
44319,6993
78516,23169
94507,2471
93809,18234
80317,20832
93556,23945
23845,21037
48534,5653
84232,23341
47396,6491
59746,12342
67948,13286
17424,18366
59779,10483
77417,13997
99866,9851
31940,16934
25628,11189
45625,2606
86803,1208
96672,2896
66088,2392
76074,5809
80052,22029
66977,29408
19536,7484
98195,19152
96873,1137
69909,2583
17876,25797
16255,21274
78613,26848
29448,12970
78790,616
61133,27026
30963,22521
39076,4159
23384,8020
66757,5954
19585,1779
87531,10380
53129,29404
49762,28468
66317,29196
89026,29577
63702,3403
77369,19599
19710,10797
96631,16636
16790,17397
80793,24059
72209,20229
39947,21127
82711,5604
64241,16351
45922,751
75501,17073
45925,4907
90387,4524
30100,27614
92993,20661
50970,12720
77247,9936
26541,24576
79551,6009
89187,755
49415,12657
89419,6448
41255,12591
79420,888
40749,28039
86017,21188
45884,22449
75351,27312
97930,1170
48870,2752
84761,25176
38571,9157
15305,2919
83670,17131
79066,20631
11016,7049
72641,2926
54383,11472
37644,11887
47044,9001
53188,4541
11424,1261
95076,21546
64251,8691
21751,7661
41036,1975
18903,5474
82377,21611
44875,26920
43585,14566
88458,11441
94784,7802
68225,27762
64959,626
44846,9654
11113,6573
99292,7355
56468,17603
14437,22711
38547,6777
33347,4112
21237,25142
60785,20726
49875,12954
82937,3863
14502,14876
74282,20929
56801,22806
30143,19784
28694,6219
32697,13611
10921,6248
79062,9952
56485,2308
77141,21851
84299,1672
47467,14479
20911,20960
95574,19030
32053,17564
25635,18990
66811,17306
53321,24318
28425,26889
91573,18205
28968,27176
87718,8534
35255,12733
22117,8414
64901,13499
70202,29549
23930,24062
49334,15571
30157,4027
96948,21331
46935,14521
69021,22076
73586,11248
13563,12981
64130,10418
86773,8600
48837,29426
98756,16334
28005,24907
81786,5309
93475,5622
34966,5201
40096,22953
40374,21962
12824,3969
81430,15372
61134,8107
56143,971
18740,25864
59696,2951
54534,22326
86187,27646
82885,16242
65100,10889
14284,3537
96205,15441
85226,3666
46883,18959
30821,24330
19888,7422
22720,12548
67515,20722
51493,2778
31101,6321
56716,4580
73604,29346
42502,27089
55136,23978
62388,23721
60659,21043
84197,6351
90664,16057
98409,19724
37385,7566
93873,17027
64437,11913
16603,5385
77825,6265
17729,19898
12111,28296
78955,13906
37331,14543
45444,17583
14173,5879
37808,23421
38304,26788
34776,1888
96533,16736
58386,9872
16390,22271
55510,20550
20611,20538
93659,17227
28397,2887
71891,14745
63065,25498
14474,18462
32379,3086
51809,18570
65135,23072
51127,4539
13799,19898
37701,10131
75104,12061
29059,13645
64581,22384
92212,6342
66204,7230
46481,27518
81173,26935
61841,23416
34747,745
31282,9522
34896,22349
25064,3560
92797,11773
68324,24254
51270,1096
87633,26844
12713,6279
29958,15702
89556,12311
69905,14001
38125,8126
25142,677
93034,14975
19193,24780
12379,17869
21185,13228
28136,11627
69895,7224
54895,16233
72911,12994
91403,11372
98904,2054
33166,17790
54033,11519
13092,8476
71426,5261
47192,2982
89943,5549
63509,4864
49691,24205
14175,29650
54756,25065
65461,10291
38186,22800
98835,15100
18821,26183
70629,6100
97880,28316
66696,14252
55326,7168
37022,23030
81573,2178
73585,25546
92942,21655
65912,22268
42275,13493
63856,25744
18872,136
26107,26699
76830,12112
17775,12945
96622,18464
74932,15851
74590,24758
38836,24205
24417,10035
14665,24464
67303,23642
70387,20170
95066,13727
50223,1796
28099,839
18532,17170
89072,17769
88669,5287
64212,23830
12101,24153
61189,27461
25734,10672
36563,28334
69359,6577
23412,15241
87766,10217
57509,296
64527,16991
55903,24651
71450,20021
38885,11737
59218,14076
11102,5088
62280,11213
38258,17981
74309,18991
71897,1384
15741,4580
74175,12280
40733,4168
62097,10561
59626,29536
77355,22473
96688,28502
16218,15617
38092,15966
28900,12767
50994,24662
31394,26762
54720,2922
28224,21364
87883,28117
52181,7276
98186,16150
62333,11770
96453,21922
68793,16128
24594,17953
43889,1806
65536,19033
59000,11147
77375,4072
88153,10896
66629,28418
59970,11114
63069,16417
30241,11817
33279,6418
85214,3607
25215,22163
17849,21158
58727,12484
67608,19714
38104,3534
90265,23484
20559,23570
71502,4226
49287,16050
15342,25765
49484,27329
15789,7043
58949,6391
13588,22250
37762,25800
10575,12959
26671,9056
59625,12517
82306,11187
36362,2913
63231,28739
29100,7449
95277,12530
80593,3294
18386,4851
14885,16290
17794,6234
21012,27162
61686,27241
24051,26948
25950,7312
71827,7355
77683,28808
13956,18800
28157,5840
79046,902
26209,12523
10443,2003
29990,15951
43241,9550
24967,18978
55049,4575
96426,25265
49617,13755
32705,19283
79132,29620
87303,181
96871,22811
35952,20302
55635,18057
39419,26468
84161,7557
67745,18946
48505,22383
94557,28536
38038,12857
44203,10984
99565,23595
15783,11042
24542,8362
40308,20652
50663,4642
49855,20253
67482,20001
59693,24993
42995,28724
95530,19562
61444,14283
24386,7106
14866,17973
47917,23177
45087,26402
99364,6455
96510,11198
92751,22695
99102,12011
82278,1541
46538,11614
62440,25228
47287,3996
49606,22140
51695,23351
32282,3047
46275,5764
18452,24112
39043,24811
48197,4518
81137,19322
42768,17804
64947,7178
22371,19538
63110,29801
99227,26975
20017,3620
88134,26103
81337,19437
15671,24655
77231,13734
58605,5467
40278,15614
71800,8082
79688,2417
37929,14805
86837,21853
67557,331
91133,20075
15066,27951
59344,26452
99335,16314
64251,13486
59447,12530
36118,18116
59786,7051
44328,9533
73938,10809
80496,4609
98987,21167
59812,25089
63408,10580
86554,2521
78496,13129
80493,17354
81919,22529
38672,15537
89695,15383
63173,18667
77184,6991
72315,16560
84872,9196
58010,13620
59303,10524
64310,6348
22289,2625
13897,29794
27938,10492
31530,21929
57358,17827
37706,6869
30466,19493
89973,24468
79440,3635
92153,12494
30649,969
16839,20877
68164,555
88534,11523
67263,19924
96140,19874
97471,8980
98851,4891
16392,7244
91596,8506
49338,9849
14706,1296
33144,5829
53367,26132
14382,2012
78926,5362
30941,12643
34160,9691
71649,2105
52382,22718
10407,19773
18873,15078
64738,2638
69176,24659
25543,21517
98674,4940
55412,15321
76546,15507
56661,24730
42885,8571
78026,23209
26425,7515
53262,445
28327,29852
50988,23179
43991,2938
81677,14509
19953,21824
67815,3676
16693,972
20822,24737
25073,2791
19071,877
38083,11419
61418,24631
99298,16212
75190,21828
61464,11956
97676,17168
43421,28260
87351,1705
51300,5249
80752,28983
38530,12445
20070,25208
15365,14453
70224,25160
74600,23912
77575,1465
33904,20726
76931,27323
70946,16270
55898,26120
88927,18115
22712,879
31625,2619
19851,8832
94311,7999
45628,6998
98596,22827
53433,2709
58557,15030
25988,6971
40032,1985
58654,23381
87814,7023
40595,3958
47192,16674
65885,5312
53628,17578
25010,23960
96591,22363
66114,17694
77172,3659
98308,9519
86801,11165
22696,26726
23564,18040
94438,3280
26371,3264
44169,2730
29429,9036
73269,11911
13884,19756
94564,21276
23683,19514
91889,23827
25069,21359
97314,5007
81444,23151
91132,1327
20340,28222
92398,3193
13038,28420
66778,1891
61670,2807
64370,17489
53172,9823
57299,28204
20118,1380
86221,11743
96240,18738
70562,13028
62188,7484
68301,4786
85800,15289
59638,4503
28031,18351
98728,27204
67408,11211
77830,27899
54724,5605
18096,15000
70139,21331
60279,19958
51145,14564
66571,27759
21200,17228
27007,411
98702,28356
89841,14093
63276,22654
96026,19184
93151,21587
37918,22689
13649,12967
59881,22325
69434,14566
76507,7543
47965,29014
83266,9716
72720,21572
31662,3319
87347,511
96569,16913
57873,6941
56176,23378
63574,14763
11197,14756
62489,3776
32217,12649
95396,3400
10079,18748
41586,3645
80367,545
49035,20981
50738,9972
98428,24403
97621,16701
19001,11643
21171,27761
58596,1712
88976,20411
11592,26029
42209,22088
59688,11750
78158,29894
33426,25410
22536,22781
72235,28987
57212,16909
58925,13125
29878,15582
98491,10195
31237,13492
19378,13659
80187,23411
79638,17167
96453,23905
21991,20333
66647,28702
22841,9512
78066,1572
85865,12680
67834,13896
44001,1825
77115,9995
37812,12067
33299,4238
44480,18447
89258,15135
55199,13098
66283,4116
73527,4957
89456,12855
81679,19956
42570,2516
21264,3170
72877,14939
52441,3311
55163,16756
25651,23292
58697,2264
31663,13280
13995,29062
82027,18288
37790,1988
94828,5285
51805,6833
34349,14486
81897,8302
70901,3361
13322,27331
62849,9194
34869,9024
56131,13500
99309,14031
31623,26476
55352,24731
89621,17000
58319,15921
17147,3250
31340,18534
29138,19120
34620,11026
11107,19267
39770,28338
80217,23847
61396,15384
30904,28776
10279,11970
73345,27419
38756,10395
35873,23778
73982,7551
80486,4099
26504,25835
82466,19421
42275,20857
71342,4130
53653,17876
96468,16229
52499,23388
26044,24466
64777,16850
18689,14584
14251,26866
19458,13256
74059,23426
57247,2757
24129,9150
16312,3099
40701,29710
79547,28117
72086,26228
29779,20456
53751,28530
76557,25338
99393,17198
19952,10380
24991,21421
87173,4150
74482,12112
95465,11580
67964,28347
59745,8285
24166,19761
83616,20799
36343,22630
28949,13178
70272,26594
78756,17382
12012,20054
46835,16220
24825,26356
81936,22829
24684,17872
29071,15520
22465,6529
98094,4356
21553,8292
71045,2865
46687,16578
30099,18268
76663,12727
29934,13680
20788,1504
82192,12894
55289,29252
31378,29950
38995,2720
44142,16323
38571,24088
65971,27039
84647,19770
41567,5667
77696,21433
98728,28725
73339,3173
26241,26560
92037,24617
12012,3108
92914,10770
52775,2581
14149,14610
37505,28685
63696,22431
90202,20862
44096,7348
76600,17190
55786,13760
97531,19072
20035,25343
66213,9440
17743,1626
55422,7340
87382,7967
63276,3019
22312,28099
53380,5946
64856,1318
39680,2841
85157,19364
50114,21233
81576,4212
70934,10564
91330,13697
23915,22180
15865,1954
16685,22712
16059,20286
86012,28621
17196,10744
95711,18948
27773,12032
70757,4897
85167,16170
16667,10049
79821,11649
25863,15125
94602,6383
96040,8958
61047,875
24356,25706
22424,231
68109,14846
14178,5779
98091,24265
88183,15699
45858,14651
42604,12372
23986,19380
89899,2094
19524,14936
39356,23810
11358,23836
40900,8791
27683,17463
17695,5582
66337,21348
56170,28590
60209,11746
17315,16171
10164,28820
71299,14787
76567,28820
70574,1721
46808,20800
28578,7712
70180,26351
12736,6823
39943,15352
99637,23443
34680,16300
20400,12135
68091,1862
79003,23062
99228,21674
39123,585
46485,13862
20265,9568
50683,17421
98069,22612
80029,24263
96670,7809
70562,27812
12991,2940
92388,4049
29890,294
81210,7589
62489,29264
61042,6601
93759,21480
47096,23109
83239,21846
17001,19470
65578,28149
45321,14753
98796,6240
78175,3528
40345,5329
12980,3177
53300,28717
80835,17846
26388,5997
65585,12803
88802,25651
54768,25912
97679,27361
25351,11129
37717,15713
29422,923
34038,25450
55941,22928
63470,21371
60077,4886
37429,13996
46783,24016
63732,1423
73308,12492
16903,24019
93566,9678
55825,25477
66291,7918
66870,23772
26022,6900
44144,2411
47994,9105
94276,24020
52632,20665
74840,28259
10386,27243
68625,7155
46490,22497
88392,1222
52253,4462
73804,18533
50931,3164
15223,12857
99682,16857
47567,17502
96011,10773
85147,14568
68591,25321
10427,13974
60815,18002
58386,21499
15273,11498
20919,13331
20123,27377
66671,14197
94263,18879
93425,6795
90520,8276
75916,12610
72799,21517
55738,25223
12697,16729
90656,21717
82372,26710
39065,22585
39035,1456
79605,25314
89550,3810
84651,22435
63829,25288
47957,2509
45479,22576
45394,2017
99263,20551
11369,18211
33108,9764
64425,15241
45904,4350
34210,18585
95337,2721
59966,17233
77871,8362
16140,19264
36906,25303
92129,7248
43293,29957
23629,20764
18526,28275
42945,15173
20875,27508
21999,16080
91408,10186
93704,9962
13770,28864
94613,17527
26348,6323
98270,28712
12089,28106
30550,15552
40361,28427
12859,28520
13194,12349
50082,12461
19998,10531
30210,28161
91259,21710
85600,14824
49257,831
53070,27639
61848,29130
53888,27448
46066,8915
70928,10411
66781,6939
69023,9156
56798,2124
63345,26885
82205,27467
48184,5655
75574,28310
62634,6772
99876,4258
92707,12800
88524,24149
69933,18487
13900,21313
98503,20524
72950,20613
34882,21456
28353,27312
84931,13835
50164,7117
57936,16009
51302,5654
58612,11687
24537,3432
30028,14661
51519,9541
48761,15082
96903,7415
42463,22855
96164,5290
75193,4192
29940,811
72047,770
92013,10145
47799,24573
81332,29050
92233,4159
41180,1740
22880,20938
11913,15556
71978,12357
70271,16231
21339,29873
66538,11851
12014,27358
39129,28773
78906,11760
61688,12917
93771,10308
84284,15022
44863,21941
77133,15725
58031,23036
61915,29512
41615,3583
84968,16277
19394,17362
32922,12716
62803,2605
41007,21307
57285,27257
57821,13987
67146,28383
13366,17255
52409,1000
86047,4663
33844,9755
18491,11721
31661,18552
38418,25989
61214,12981
29698,13775
93880,4991
32224,22050
54694,3007
58909,18041
91914,25717
98522,13934
47634,11815
25435,27291
53403,14553
86143,11969
12658,8286
28935,2199
20232,28954
94189,9666
43805,20522
25265,25473
76064,4445
38753,27678
44296,19522
49752,29412
87947,25332
35617,15888
69919,20617
88405,26402
30683,1109
94015,9191
63491,25661
95492,12323
79478,7545
51366,13430
18898,9529
37629,18037
47674,14848
74310,18392
22177,14815
14704,19941
55590,29371
85671,16141
81551,1446
37113,29372
38853,9174
53751,21663
68401,26620
28438,3761
55259,13008
76440,9752
10276,19584
55821,14987
20992,22397
12907,559
75101,16020
84649,10782
61289,15702
86020,18523
93487,21743
49444,15822
82655,25767
22769,994
56729,1750
56597,27873
50511,22615
49471,4597
32213,18726
12635,2037
81899,14749
35314,2346
95778,11918
85349,18646
10928,29023
22110,3248
77555,4509
96604,24372
53261,10271
65594,29984
98831,25365
81691,8738
16706,22914
42179,826
78477,6665
41599,12066
37776,17231
94606,28713
43614,20927
37312,13353
37757,3027
39284,29944
86923,20915
85890,19007
32415,7030
81623,12742
11882,1190
30902,22136
32486,691
32194,396
13639,4162
88621,26508
87971,18823
81125,21444
85936,9221
23527,24562
72408,20029
15671,21501
48647,6719
89442,4764
20035,14025
81055,7623
95040,22425
84189,10742
67964,17187
30285,6466
64210,12551
32970,18241
84352,11897
70281,15550
38144,25908
50434,23052
54501,12516
57180,5655
16742,8385
70019,20152
66332,4573
19068,26242
88988,4389
42528,18880
94596,12674
65118,24875
67824,420
59047,9656
20382,11127
89144,11262
34002,11875
43225,22639
51053,4972
45378,29149
22898,25793
54579,17476
76382,29221
32631,12850
96094,4009
53465,8192
50013,27856
27881,21367
84125,26161
72040,6737
56134,16167
55684,7746
39765,20359
19744,15226
54938,3592
84642,18113
55225,3767
59145,23524
67591,25281
58751,26625
20307,16161
77380,1492
59557,1025
75356,22608
89011,9787
88971,27789
56945,20702
24037,13939
43668,510
17683,9471
69576,10915
30322,19457
40679,23996
70962,14991
74745,10985
71971,8604
63510,11984
27171,16245
74102,11542
25720,27832
77254,23623
68681,11567
70853,1226
36937,15482
66139,9027
69920,18106
64321,8864
65640,6196
62545,8985
10856,25175
34846,17143
90919,21917
87337,18422
94359,29551
68043,16737
21969,15886
25484,17405
67131,14526
99278,10142
81704,8871
23118,20241
40788,597
79926,21497
63698,21610
11809,19320
50379,14012
79950,19433
78781,16542
63241,15967
67619,3746
62934,13093
92763,12507
83190,6500
12120,19196
16665,16368
53803,11956
89032,4369
95987,23271
66003,2447
42484,10022
31192,23295
47717,19961
51946,7758
96033,15942
98294,5126
26829,13312
52605,18174
92695,18164
32228,17839
64570,21429
79163,19932
66486,15041
24342,22217
97640,8629
23438,17915
32839,25178
60029,15964
21024,16801
33847,906
10370,15554
67073,13011
89744,17534
59088,10808
44027,2833
42786,5637
50484,5675
57048,28720
55617,25083
55831,6770
26030,26544
23192,17853
25503,7788
91230,777
72652,3385
42805,15895
15761,16367
25113,23334
32609,22512
89420,11359
92163,22764
40940,8077
91916,18991
22699,20520
72880,24660
84804,16941
55089,18903
65407,21836
18728,21594
99394,16905
40434,7900
30266,26343
27365,6485
66622,9834
95823,27371
46782,13692
14314,4457
69789,28490
90163,568
40804,16267
67712,5657
20407,10565
35883,23885
60887,5002
32920,24430
36762,18276
63763,11049
92115,19908
20983,10492
55399,13498
86940,28262
85808,17712
73996,19685
67339,22215
77733,1451
21952,5145
38138,23814
96776,2985
62086,10237
14393,14409
89576,14561
99645,4271
49817,614
76470,16938
43650,7010
23128,23020
32244,5570
42715,5697
77570,24137
83072,23278
89666,5336
27779,13136
70910,21619
33956,13091
93663,15947
74540,291
73382,18542
99487,21240
19543,24176
11317,2421
86535,20106
59135,26191
41925,20496
76774,1878
15161,13349
32904,3430
15824,2294
39967,22128
97146,28002
69179,14725
94375,10271
10503,18998
99904,25490
89871,10095
14590,21967
59325,19060
63968,29677
21012,15854
64373,21602
45129,9159
96170,21151
60085,19381
27005,29370
11843,9330
12614,25836
42632,3895
18113,29098
59766,1085
50556,6396
40796,20162
53244,11876
51359,12776
16224,17493
47615,7235
45633,11157
20597,10348
89597,6445
67389,20507
81936,14378
82814,11544
76858,17522
41459,22423
94079,12256
86219,12073
57404,22846
78695,21435
35706,24357
47177,5663
80297,13238
56447,4205
22330,21095
33049,2321
16377,3873
19940,24203
26511,14358
94064,4656
52026,17711
41951,3093
68997,18498
40203,4031
65692,6732
49327,1442
59997,15826
84027,12842
51911,8445
68674,2757
54036,15038
74390,4196
66835,140
48698,2084
46866,4361
73866,14497
68155,24555
55027,22767
71736,29140
57446,23863
84495,509
21424,18820
38273,20969
86688,18770
74121,4285
24895,12280
97190,15701
58638,2233
28869,1481
26599,24693
60580,15272
97924,5110
65408,29597
41286,29182
35155,21789
99906,24414
79413,2091
91567,17244
55283,23898
10460,130
11261,22624
67905,17117
89504,12434
64745,7062
59897,13243
25716,22164
85491,20761
60591,7668
69691,27010
47784,710
48613,17344
62754,26197
36567,12672
86848,3240
90246,29980
21100,21313
41822,861
81963,29733
67458,5640
45280,9264
54775,22807
42672,17697
32081,26863
78396,21132
86723,14036
76939,17216
61779,10057
65219,1873
67750,15762
91532,5165
61696,1967
50085,20076
86012,15507
36275,18034
96086,27670
98304,10477
29250,5665
50395,1691
33012,21759
68834,835
68518,14135
23900,23244
32021,8940
30807,3497
51114,3854
66464,25760
99682,6033
28973,22287
55072,3061
48683,3730
84571,26838
51472,5734
74362,14107
32152,10083
91740,28964
22333,5189
87374,15271
14655,4849
10317,22723
77444,11972
60967,22448
88130,17519
93527,18110
69241,23521
19784,27175
13540,11254
11029,9558
35213,17382
60938,22773
90450,14519
46874,13717
43228,12879
49134,14251
52064,20550
66759,28776
54114,21985
10283,4197
36239,15673
30234,27217
69348,2735
83236,23956
91878,10780
88429,16731
23037,16257
93210,9068
70077,19909
72158,21115
72266,15636
29026,12868
41790,16477
17604,28066
73903,23113
77443,25544
34952,18141
79691,22769
43052,10710
82652,10845
59587,1918
67028,8317
73051,20679
15129,28033
82901,5235
50473,8326
28585,437
21784,17089
74166,16513
50897,27187
95979,17680
19909,18023
92488,26744
37764,9460
28091,13927
39612,13626
89124,13567
55013,11299
31300,11884
46287,142
93148,14288
80707,4735
48921,15725
78834,5848
99318,557
28188,6666
14265,19956
41816,2291
98060,25704
31479,29307
79091,11565
41195,480
13883,2675
19208,21961
66690,23081
98883,21538
46000,26480
57135,9905
77834,13115
26493,2665
29601,5808
46563,15255
30971,17114
60814,7123
41832,24956
64712,2666
27238,1969
10375,10524
25927,28036
67509,11674
42789,10741
14407,271
63818,20341
29652,4688
32819,11150
22950,16275
45455,27294
40591,17687
78964,23480
67719,729
20509,21490
34043,22484
66744,20822
51312,15065
47187,29359
45581,11788
62604,16086
11468,2744
43008,4033
69408,24346
71604,9095
58594,21721
79409,23113
38653,25841
89618,13946
42882,16127
53450,4673
64576,27574
19316,4144
73448,2760
69404,25113
94915,26776
12673,28630
90906,27463
81361,16390
50227,24983
88660,11020
30774,2025
41313,7827
35912,6109
63902,5584
22915,9509
35827,28083
39948,13068
28149,24709
85538,23104
18992,4936
88249,29536
47000,13934
76110,23544
44100,26718
81447,23877
17093,28272
95843,18418
92575,6262
23612,18623
35241,10038
58803,8852
88839,15946
49579,7645
50165,26340
20156,11227
41722,898
75429,327
30735,28222
49122,21995
46474,14307
77085,6048
64479,904
45072,512
10779,9989
21338,24224
71105,4107
17591,6487
25721,13449
47993,17394
32712,20491
32333,12104
15345,27806
95137,18662
64418,6897
97116,4690
49887,6676
81920,7103
99632,13304
23192,9120
55922,21331
71792,22122
38082,16267
45828,1889
32250,7970
65038,28270
59177,1655
91047,13848
84627,16060
23143,24813
44378,24350
26353,26999
16140,5196
50663,26549
25680,28511
11367,4636
78297,22630
46349,13831
92366,24168
57264,1545
67909,12479
53694,6366
10198,24267
31416,4318
79745,22369
90141,26975
76140,22832
34763,11729
57583,26022
56959,24178
72266,2671
15053,10492
16285,28770
93712,27861
46099,18737
66360,11039
17322,2784
93682,27636
98009,25715
20076,28066
67845,19939
59553,15659
90212,7467
51249,783
31024,22042
46490,21800
64010,17162
76700,18945
81681,19186
37883,12443
15074,14898
28109,542
60359,722
98179,27761
19252,22928
49380,6579
47227,20835
47630,29076
33037,8478
39598,11270
87053,2987
79333,10600
19458,10267
61774,3215
76145,13788
34318,13297
56012,21207
42286,23655
66302,11234
23578,7291
53550,22143
33471,9523
93292,16216
77253,24543
56712,21767
73611,19696
99954,6345
17685,26649
43606,29082
19317,21786
56361,23890
64074,14722
13892,6863
60908,8912
84544,1143
35200,5040
86193,10654
14277,29767
26478,5178
55914,8933
81525,21786
46119,3166
63818,17850
39207,7138
85403,23132
60999,20524
20245,16390
60759,24743
91782,25562
67560,10945
91024,7480
85551,15604
50217,356
25177,4725
23362,25550
60160,25473
97532,275
21132,14409
40168,21236
64808,2827
75434,27189
79878,19832
98647,2951
51923,9318
93261,19881
28753,20899
50210,8654
78511,6263
73568,27960
82182,2108
17039,21325
77306,10026
39204,13596
40514,23697
74737,7801
82096,26448
29325,6363
45821,2892
81413,2911
76961,17845
30326,5941
78393,21665
23268,14544
80046,2594
85259,26253
55893,12894
41016,10615
22056,24692
84022,17312
78203,28293
76472,222
63365,2260
78823,18063
16109,27228
44401,20441
98743,13932
80070,28072
82175,27658
17645,3350
32493,9642
98790,21864
42787,12664
76717,1513
91343,17180
57030,14555
25774,29888
89274,20843
50895,2444
86750,29129
77184,5203
16505,8524
41157,20045
99642,14326
42321,18157
24849,7606
58835,16725
40833,12844
88664,23549
71529,17094
38549,16420
86828,25024
65298,7635
86134,9900
40388,17520
92517,19358
37584,27288
96361,9046
32367,25130
37364,12898
44199,2152
23279,19362
63160,1828
12574,28015
74435,18418
94516,4440
42297,29902
76776,7422
10472,18979
48140,25952
39012,21173
24572,13646
71736,4911
60027,17123
56031,5431
75642,21272
17397,15678
55456,19617
52052,21180
71097,1356
90477,16031
64677,10627
32002,8355
16136,9706
86383,7630
66784,27021
16662,26194
96869,12731
21670,25503
79200,10951
25927,17437
82196,16063
68736,14410
51056,6713
20811,2221
53590,23002
62028,17300
24694,17309
94625,4068
83627,28232
17599,27666
15355,22227
58531,23514
51425,25340
20075,16855
96992,28763
63459,19431
30438,19574
46431,18302
87670,17184
86931,9851
47581,2199
59181,767
81001,6288
61546,17169
30524,27148
60938,1800
81683,7715
33320,22606
16720,6110
72520,1605
67734,166
11495,7690
47058,21027
21234,8920
48695,11352
96503,18512
82884,2779
48378,16656
71662,20100
84964,954
44540,18456
76230,28056
53030,10881
51486,17110
97218,2809
97240,15465
70707,185
35160,12646
80135,524
58842,11674
62087,23521
16231,28845
35848,16256
55083,7904
52140,9667
97475,12892
19035,29950
50014,6260
45189,23824
28889,16905
54433,18242
23017,3981
58279,2103
68652,15330
43446,5399
27734,5285
16211,15533
16975,2649
51889,23298
38511,13766
29659,541
54704,20372
74701,8295
83423,1520
68765,23245
46084,2362
75383,22734
48982,10790
24916,16631
30952,4532
29212,3520
45363,22676
10038,12043
84765,9275
38853,6190
17227,29367
32209,7111
29689,5635
13296,9487
51593,13553
24400,24638
13707,907
17747,3082
29691,6464
17052,4890
23245,6816
21404,15789
74029,27887
84924,14295
53144,10638
59503,17865
25160,8298
67532,29365
60902,7722
40511,4029
16774,7387
71394,9680
36766,29793
17054,4188
93871,13172
21695,5346
21536,25926
50586,27849
61122,28116
94950,20537
26034,20381
37231,5364
86058,15983
70413,6864
31487,22491
67955,16643
29748,16612
81298,1611
43176,7893
98794,5317
61523,5334
98020,2162
13114,4451
51446,27197
48757,13433
47986,10117
35140,17156
94174,25126
55455,13800
18230,22386
47811,1427
44232,1859
50946,4644
71261,14099
87548,15462
78370,8980
37899,15062
17642,29533
22175,22317
26476,10543
11644,9013
81715,13523
61200,27935
54343,15358
66987,21162
77407,9023
39416,18627
18755,6124
12350,3600
89556,5630
98459,13267
91584,21783
47702,3641
28960,2386
20584,17509
67017,19877
49858,10705
92801,18482
77255,23452
78404,26033
49508,21339
29597,4801
61459,2522
61719,8163
87333,3371
10824,7347
93837,12233
63741,9678
84815,21849
47573,15751
83141,7166
33173,5843
46043,5774
18445,1608
56375,20077
53035,23128
94543,27140
57371,7585
91378,13004
57503,8202
89974,14962
15816,9381
90077,20833
38299,24082
36458,29633
22087,10161
68654,1090
57255,3750
70419,26233
96955,14530
25574,2675
92329,23587
50599,13742
45441,6569
57775,29547
95280,21489
99382,16108
46998,18194
60103,5352
17123,12469
40162,15593
62842,19986
84780,18313
38208,18451
94066,10893
87239,17909
14125,29840
63429,20978
86279,4062
23038,12572
25971,12966
23036,24352
60327,1970
54084,16909
99528,26610
95448,6551
96230,18753
53785,14507
89593,26692
78014,11547
34336,14695
37344,18963
38922,23343
36119,18566
21136,5528
98635,21838
95561,15717
65552,27644
82957,26362
87670,15807
46944,29807
71241,15816
97504,12911
38821,19198
50956,27699
47687,15915
33641,29506
89892,3506
22938,2334
70443,28839
86319,20662
52400,12759
57632,875
63200,8407
25568,13459
94079,19547
42985,17834
36374,13632
23678,12856
84984,1499
41584,16585
81762,25804
34720,25221
25762,5890
30815,14893
30090,18174
62917,18577
50625,9590
29405,1347
45797,10856
33302,15811
61419,2760
78652,2547
74889,20698
32532,13849
83967,20828
94234,18546
14983,21182
11941,5256
49874,18539
72372,26413
28944,6074
27731,4291
44093,9975
69848,23715
40780,20118
94705,9080
53796,11989
32425,18982
73735,4402
45879,1178
65155,20564
72051,24297
14247,24497
31298,21774
45766,16393
30936,1779
10998,3699
87314,11537
31548,24282
20349,23524
78138,399
92033,26567
57337,1493
85675,2512
45217,22885
86163,3550
81807,19176
77657,14183
66351,9005
61691,15124
73435,22578
22384,12737
66645,11447
30760,21328
79338,17789
50848,25349
49340,27173
44781,20379
54246,16426
19504,25740
89089,3023
51770,29142
38699,22548
12554,20060
15137,9658
62631,27180
58289,21701
82289,20227
87378,15485
99253,29508
10990,29533
32134,11122
31516,13238
94865,11768
44756,6945
71064,21156
46939,27076
19616,7869
29321,23739
18237,15852
31463,11393
37177,18232
25357,13166
83933,2377
16506,29388
17052,24092
49482,24599
48742,10561
54237,27949
45427,14511
47996,5951
11726,21121
81496,13840
95070,3123
16743,11311
88011,16419
17975,12861
84892,16546
56079,17476
63880,16735
40166,23608
33566,13436
55607,29216
99761,21809
46551,18234
54844,23221
34685,1861
46769,16349
81551,4763
45277,13856
32120,18184
45351,12047
74776,28285
64801,2924
92435,7370
37228,15207
94273,5176
38546,6497
19967,5254
81979,21686
24657,12145
36501,22495
83157,2657
38673,11810
98316,28396
22150,4488
39018,9414
28363,24014
46229,25024
53643,15635
90047,21875
79156,3934
66515,17596
98885,20908
89782,21629
69063,9405
29163,24804
68968,6937
58001,10844
32314,3846
38407,26134
91209,9022
52466,4072
83847,7561
92596,12469
55209,4273
80208,928
66816,25896
67429,12505
83340,2577
33390,14118
97317,23770
72764,21837
51213,14187
39165,27782
58398,11579
69985,11671
48496,20578
90487,7627
83243,27641
86864,15398
11015,5030
26008,25247
33705,22246
67820,18067
16728,10269
65377,18788
89531,23488
77366,18605
34087,2741
48442,5961
95742,14652
32612,25889
39005,3007
48831,15222
21556,25994
58865,18739
56303,4321
91575,28033
86449,25975
74423,20075
85283,27728
86236,15129
86726,20151
44302,20414
88031,22459
43640,21791
69196,7976
55455,3458
81120,2323
80310,4480
26577,13959
87534,2828
78354,1281
98103,15302
47597,29642
93770,11395
37007,21664
76708,29707
96600,10519
64307,11327
63105,883
21369,11535
50461,18714
17403,15452
15226,21510
90697,24611
72113,28909
65701,13666
81234,25902
10151,12894
34037,12217
16993,7447
59469,29549
87262,19233
93315,6547
70015,23612
79446,8182
61363,20001
99340,14229
48239,29902
72115,18389
60629,8794
83944,19282
44193,15351
40886,237
18226,16800
90658,22398
67240,16736
93741,5369
38311,11033
29792,5127
88595,11165
64714,16515
24282,18539
88896,26961
68460,9125
52811,21308
31783,27458
13519,28878
60390,14811
30670,11972
83963,25141
75327,24643
89353,26080
83575,13659
12194,29810
18255,1485
22067,11247
24498,22060
97725,21064
87338,12033
49008,18819
57271,5945
55169,28384
57289,5139
41865,26683
29844,14545
51201,21626
93902,21703
15832,2313
75262,11989
15780,24694
31837,9886
94289,6467
43861,7666
68091,17476
44615,4828
93638,16193
41173,11332
51425,18189
79042,27551
14968,29106
45040,17227
96815,2935
79114,12361
40958,25175
28826,2647
50576,24000
76975,2005
42682,13645
87635,22287
14476,28361
19383,26935
49423,13928
82328,4876
36724,16863
37120,24418
90122,21478
26797,13981
44015,13047
47184,22356
49711,27304
59262,15212
73940,948
49301,19148
30508,18006
75820,16826
27435,17814
78479,5858
65834,12424
80763,13374
32343,967
76179,29240
35733,19278
60945,15564
83747,10302
13646,3761
27094,13485
13265,9016
89396,15045
80634,24448
73607,11578
25733,24971
69155,22260
47696,2213
26480,8962
19097,18099
32996,8000
94042,4747
26112,6387
52470,12009
77919,29291
51799,17897
48510,12256
84852,22962
17955,28123
23640,6047
11298,11743
38017,29440
68431,1438
77188,27845
57033,22754
52241,8993
43183,11258
10224,3813
14950,3622
86924,22479
19235,10384
68794,21946
32575,22063
28402,603
51482,20854
60898,17294
42431,9522
57493,14166
80329,15451
50720,2983
50633,20405
83212,1151
61889,24874
37743,28931
18828,17533
42682,3270
28149,27264
95313,4255
23615,8086
56940,11502
18885,22849
53901,29353
80338,19108
16742,25042
45463,24950
88474,13569
81993,27852
84076,13066
44842,8926
44325,22858
84072,766
44415,19348
88856,22737
31063,2354
11159,29374
27327,24837
45386,21962
98325,767
41278,28114
84857,22489
79287,5900
95776,8913
86433,16364
68201,8507
68865,17183
62894,12242
12893,1594
50766,26280
95824,21288
73399,11731
42383,25539
93207,12116
67620,22990
41721,15183
23403,2764
17072,3314
69600,8803
17527,10232
71674,27898
92943,4785
54306,3590
19558,12815
60025,3394
37062,28035
43853,2312
25976,6419
76658,3880
39371,27571
10459,29205
64016,28276
17369,28011
24096,12560
27700,25919
11382,19115
43532,17866
85416,18499
58518,17894
16377,2906
97316,28031
40960,18946
61445,2428
39139,9189
72147,19969
58677,10724
19066,16190
81657,19234
74639,9514
52793,7626
52755,8257
59903,27854
89473,12380
77029,20516
33394,28774
83183,10052
62369,23239
65470,7248
55195,2009
88923,16593
58794,27906
99783,23124
44714,10599
78337,5408
16041,9665
47309,14623
55483,24651
65678,1613
60411,12981
39685,5759
77288,12934
72971,11778
89879,27243
88718,12586
82494,9904
67166,18566
87302,24375
43455,27007
59111,1745
92843,26041
15972,4756
71311,6149
73494,10319
51215,4682
64267,18012
90026,20850
61808,3969
75584,7822
92589,29055
12201,5338
24980,4053
53877,14746
20422,10265
47020,3112
80611,14933
41838,7948
46593,9333
67659,22134
65373,27276
58939,16192
10608,27319
71755,28380
41151,24733
89532,8863
40260,12383
41242,11062
38005,6777
91792,29819
78270,11022
50090,24500
34902,7838
86477,19338
25850,9111
43340,24722
45867,24818
67330,20557
66888,6330
64830,27657
43719,1497
83972,29018
33978,14604
84477,27309
25347,24209
99484,28505
10990,5748
46560,27022
39886,4766
10239,11319
17095,12469
37991,11393
99950,20572
44790,8245
23989,17474
96128,2402
30665,14627
59827,12276
16439,20127
16581,15228
50726,25401
86302,619
99454,2160
69563,4403
44628,20951
68044,24343
16367,24481
37164,9678
22795,897
35201,5013
29537,12466
78479,20855
47090,14339
76079,2597
93516,220
18341,24499
95477,14150
42100,2251
19027,14838
77649,24348
71681,20022
57163,27687
72982,11059
27672,22585
71382,10892
38183,13447
66526,18605
94904,25393
15740,15973
79090,24934
78760,21083
26853,14169
63382,8705
34498,1704
69047,1289
51212,26742
62324,8543
79054,2492
67421,6486
12198,18735
66786,13368
43076,15839
90814,14985
67692,7467
16766,10167
80479,17551
43537,21107
14720,5403
30051,17017
68339,22688
33747,22117
32778,6352
90477,1017
37254,12998
33667,28748
19146,7343
20850,24238
20754,5076
78502,22808
85847,4113
40791,17940
50043,11619
63273,8232
93510,21653
96133,22045
56914,10688
96631,29514
18831,24769
29288,536
64194,6808
91187,20767
97329,25528
68217,12987
88803,13762
54991,15672
74521,491
66502,28175
43284,22528
88204,8007
37572,14593
67536,29118
32816,17331
77267,13646
22422,20470
93034,17878
88685,23936
66551,13714
16754,7973
68518,8002
48802,4592
30380,28184
30975,9930
86440,7487
41198,20915
31526,19993
48164,26128
32896,1454
49152,21361
87490,24690
82679,6876
42382,22176
34947,17278
54388,2737
93336,8240
71220,4358
71204,9795
81802,6683
15200,2958
66989,22065
98321,4795
30283,15291
87762,11117
33798,12246
74154,13572
41934,11920
80358,15417
79548,26967
45948,8042
17925,5005
29830,9050
26780,25490
17855,6569
82757,14257
17466,18544
80916,20257
72900,10087
79478,17108
36277,19910
59704,2793
64705,19606
72193,23846
64549,11780
54057,18948
13662,19801
61668,17795
89681,20541
87516,5866
28413,11122
49958,1425
54977,18318
16016,23857
48168,4887
63039,10470
76313,9997
31152,1647
52397,7046
13824,28687
74261,16445
22381,7625
32610,25769
87933,29606
62657,24632
26966,23913
16396,29003
37310,11372
41450,19054
15044,26834
41275,20775
48281,20351
94890,25600
73655,21418
84115,8920
29906,29385
90950,10545
23761,11588
24329,27493
72878,28474
77284,6277
28907,6828
10116,5012
74165,4941
55062,29789
99467,19720
74798,12777
42019,8828
91411,24048
41990,23169
18489,8253
23853,18175
23329,8974
89398,4904
50640,27542
97173,13091
54705,1357
52499,1260
53040,16287
15902,7275
85535,21369
52932,4227
80397,230
19887,8493
11988,26688
62663,22381
49983,27739
27370,1841
69091,22211
62500,10748
33163,21800
94087,15102
18738,17170
42701,19576
95059,22596
75633,17170
74899,3215
38688,14981
52300,255
29960,19843
42511,28134
79024,15346
63817,13035
84147,28333
18124,610
39473,20602
63975,28716
78385,9684
21575,7121
52232,27121
34160,13001
57492,8028
46415,27564
73559,9028
19923,16132
63035,19812
50015,19755
97634,6859
34363,20804
57159,28719
41118,17225
59745,10590
98297,6768
32169,15074
81732,7712
96379,4538
54869,5793
54101,12400
78524,6170
25202,1995
84446,12139
66823,1847
38921,5730
30038,18482
69406,16484
31816,17547
93546,16129
21558,1755
65276,19934
71425,8092
13624,1974
83713,21485
84348,2646
98678,2754
71949,4231
27516,12208
63599,12182
21272,509
70652,5133
96375,14897
68849,13740
50576,28354
32672,16433
84238,28786
98440,17771
21424,29242
33823,7374
88339,9578
42519,11641
72291,2874
91036,17216
45022,26358
34085,9984
22674,29860
48948,2528
20672,16886
11924,29136
93547,24934
10933,4756
68183,28689
43540,27304
90833,10847
65342,25596
94911,7773
90503,9746
74610,13900
11188,16544
84935,2639
49553,26109
24580,22600
39278,21788
45506,19899
27037,2062
11219,15751
36794,11131
42134,15845
80761,24293
44199,22424
36763,7717
32962,24491
92818,11785
37515,18753
28895,21323
74840,4411
26230,1159
61207,23247
15679,25837
69218,28984
29680,17630
41054,29425
99966,20762
62942,13368
66180,10976
68825,8167
16226,3209
59681,24580
83985,18546
83054,25907
50203,6270
71181,5704
39012,15270
31218,18615
63269,4263
97074,16327
56316,1802
25428,2520
83320,22263
24548,15666
97971,12433
34391,22001
52768,9627
97180,26807
74298,15238
74087,22340
10353,430
62630,5315
24572,16352
38525,17645
32065,22098
99990,996
64429,13013
10548,2600
45264,8494
65232,17187
67148,3687
73413,1325
62364,29738
83004,11520
72557,6441
28780,26337
32118,6792
35516,5381
45047,7248
57857,24887
91544,1201
42583,28763
71074,28982
42222,16380
48030,29744
11704,28223
76864,10204
16007,17434
62405,1329
98575,11506
26753,14898
63931,1800
84359,27095
25480,1817
97204,10463
81089,6918
89865,29386
38194,1137
23597,11928
96396,28174
58299,25986
59838,8918
85245,23230
97111,13241
66557,1755
86018,19519
59088,14035
68560,17676
93627,12294
70151,2289
13629,3305
72337,1853
82933,6863
11270,15617
87139,15653
93336,23180
11175,10572
46433,362
44113,29590
35233,11631
11818,8683
15768,4457
68325,11601
69598,25235
61248,209
65851,11308
13180,3551
21937,7132
71129,4681
26541,5197
17706,14958
62652,4143
51706,24456
94897,13058
24238,11704
71266,23063
50620,9289
31862,14494
65932,20930
42603,11233
44873,24532
13385,14299
95882,27518
43073,29160
62882,8841
88201,12414
21401,3346
35181,10085
40419,9352
23824,19466
62530,27438
32827,28102
81740,7054
42123,14574
92198,13830
84070,14294
24979,13566
66120,2973
80665,26484
83362,2725
14487,24112
77351,15074
82624,26641
57754,29889
66194,14307
91955,26339
78619,3844
54415,14821
16657,17949
53144,17325
31296,12096
34415,4817
17115,11711
23597,17975
75813,20016
17157,8268
61148,9792
18017,22701
93567,27845
76087,8568
74092,14005
72979,15857
21252,935
31567,4888
21167,21058
16273,26328
89112,17268
85366,11902
60296,28363
41167,5836
53155,5184
14135,1284
20957,15063
17337,9925
63722,20931
36284,5457
87378,12878
38724,1332
44186,26649
47412,4203
45403,509
55843,4092
13068,7255
79149,8300
68606,29483
91819,28156
81440,2644
86490,3067
50875,5482
94171,22202
38856,5724
46074,12401
16327,5177
81541,4824
16657,15050
96565,888
51744,7862
98734,27711
47078,20603
59585,11651
84073,21081
87822,26466
75178,460
45196,15818
10314,23416
83915,9210
50456,16666
47924,6553
99452,26085
18645,22576
91769,22882
76220,21961
36529,20093
51663,17497
43114,6888
17149,14609
17138,12942
15118,29019
57054,14575
92577,9228
83835,29068
52049,4294
72162,3285
31011,4550
28567,23412
21091,24232
11241,26640
98278,7680
44993,5659
40482,20994
62709,5064
51556,2041
87495,14619
64119,3723
58443,24119
97406,9217
61344,15130
23724,151
84020,23495
75451,7872
37095,17783
38797,21828
26107,25128
42841,24639
36738,4406
75271,18719
48456,7228
15819,21158
82997,16787
63291,6058
66283,18404
29026,9752
74098,27372
43033,13739
79289,11600
39303,1974
70758,19045
57931,25268
33629,28269
15540,25573
86544,20475
11081,26711
37841,26134
59094,15768
77129,7167
28266,496
45084,25671
11517,22488
89259,11033
85068,23108
82047,12490
69441,8115
99897,18289
12206,26190
65027,8873
25933,15599
97040,18216
44389,7684
78510,25544
10740,28320
25305,21180
85038,14667
65864,18575
31800,27332
53016,15013
82568,14701
35603,2551
90984,16636
58190,24969
48135,8721
12550,8488
50292,9053
20809,26982
39861,7641
11042,22916
18384,14008
16980,3918
89135,5601
89101,26667
10139,25981
83835,2620
71334,20795
50047,19954
14025,6353
59072,7610
99175,11513
63501,28433
26193,3069
92907,23413
16471,10226
68871,10099
77921,1635
65935,7325
80072,4195
91326,5587
27781,263
70862,19743
31399,2382
52647,29385
56848,28162
76886,21575
52628,9600
78050,11106
45248,9767
24840,27029
84346,24858
50197,5431
15816,10448
36690,13216
10917,19644
44168,18931
28927,8647
21656,18019
87516,11653
66876,2104
72024,13586
49655,2744
96520,27857
33834,11172
95188,7809
28110,5085
34777,20716
44293,29541
48172,7182
96422,6805
56114,28185
50738,28892
85967,11106
79089,29675
29175,16887
68296,26860
91760,11856
74740,27330
28772,2200
35720,16343
49825,26932
30568,13515
49699,3617
17321,22481
30285,16353
84096,4247
69740,20269
15905,20113
66359,26065
22501,18520
45326,12616
54424,9794
99067,28890
76356,20444
80781,14747
60523,27194
99754,4601
82353,25167
91312,2313
59643,18174
48591,5709
28909,14658
79514,15940
59283,26112
43646,17052
58306,25423
86806,29351
54311,21311
79073,5426
41423,15722
18131,27249
59797,26176
20437,3405
32125,15171
67705,8195
76189,1150
46785,21306
41439,266
28443,29512
41662,29448
46727,4207
94563,27417
10555,16347
18561,10757
45549,13602
22837,16284
15803,8636
20250,24680
89770,11578
73747,19819
26875,23586
60392,17384
89089,24140
86499,19574
77167,6031
58755,24551
34263,2980
60557,12166
14251,24146
20843,6604
61677,19596
18130,12149
95141,29534
92401,1522
57198,17745
49408,13528
20964,13714
98882,26815
96007,1849
20905,27941
91938,12140
64707,11957
82975,1748
84526,29511
63708,11195
49079,12652
74675,14955
44546,7789
46541,17396
36419,29330
64337,7282
98675,20050
64852,13362
54701,28704
89995,2009
37887,12809
27634,12647
79841,5254
53091,8897
47351,883
22511,29695
89355,6107
52170,900
79914,13665
75885,16644
86169,23730
12328,28029
41533,13461
34508,24426
69414,15405
40217,5936
60537,4500
13794,15423
10233,26493
37467,5176
45086,18216
66892,25230
75525,2453
20326,6651
21662,22790
93417,16387
50773,20800
99901,20442
36042,22039
49156,7509
37124,11130
49373,9630
55709,2086
97312,8620
74255,29408
84269,12028
78022,2997
92784,9332
78610,21533
11280,334
84952,22477
34601,23383
36712,9445
34033,5475
66332,18304
75466,9462
35905,23922
37216,21175
84487,7281
86523,23527
59908,21745
57170,27233
97289,9955
80043,17730
79689,23474
28360,20122
64452,25328
64809,4779
93915,11109
77638,6269
24926,16069
86352,6450
52792,21982
21270,25537
36806,8279
55406,16827
88529,1218
71691,6052
38338,13947
35213,9099
39883,20198
57052,20083
11599,16901
75633,4730
41324,10829
71525,6546
58168,20369
54660,28005
23302,7442
88281,22082
32073,22828
49826,2467
88978,11471
57575,1578
59797,27136
21782,14088
69812,9702
27080,25041
86049,20354
93069,19369
72170,14486
85417,28618
17272,27357
93281,15863
48481,18762
92069,4002
24387,20248
39477,25954
56027,14037
92485,5483
94353,7194
14900,1962
34759,16143
49670,18275
77709,1503
23874,12217
63185,229
13199,3847
21891,24650
56091,8611
67514,2186
52386,28927
32688,29951
41041,21103
37258,3804
64858,26511
46446,22486
58843,9450
80626,21466
23454,15328
81454,20534
95018,13492
84551,4746
74350,17087
75199,25182
32175,19095
42742,18683
81610,26074
47675,17182
36276,26903
46720,16824
34236,1512
68663,14512
99237,6619
18261,9402
20897,12006
40528,20527
96460,5277
23172,9998
80989,2841
95307,12342
53532,17017
76511,186
57112,15925
64202,24856
13825,8567
56227,17990
21544,15586
91661,26892
55116,21828
22085,11675
45559,23695
63629,25668
66253,28535
30426,3462
81664,25035
85645,14340
29174,26030
53576,28132
43574,1347
39890,24143
91406,2752
28163,17219
15796,27880
13973,15820
93762,3540
12566,6760
38822,17848
60512,12104
12649,13575
36480,10735
76222,5404
27793,6582
19204,29368
94692,16688
83791,4687
39033,13468
22940,11071
86995,14630
68674,12023
74898,1147
86449,8816
61610,29694
51907,19013
35073,10538
27102,9278
78911,11505
79968,20473
17607,25984
92760,4277
58611,22026
50203,17227
25717,9504
65509,17663
10086,25176
65921,9966
88757,14334
41057,28704
99143,23821
21484,23646
39603,2809
39963,18047
28855,29709
92319,17727
88854,19062
91401,3137
18595,9901
87187,18616
43505,9197
54667,26667
15114,6949
43915,2752
16795,28744
25805,3052
13574,12477
39027,19748
19348,3121
64479,28878
65154,29713
31851,8260
96373,20362
27484,11120
99781,15069
10135,19362
76291,5982
13653,21363
63511,3828
71915,4010
68553,6000
50863,3031
74338,4123
76556,3034
36540,17481
26706,15662
78136,7860
65320,1482
68369,16653
68629,5283
48306,11562
55336,27340
37328,20414
84526,6837
24933,20750
90940,11062
68061,3385
77957,18849
84598,4893
40213,16243
76930,23470
19457,5378
49779,6930
85625,21723
12220,8070
15490,22198
46114,27507
91425,25365
62420,27502
47750,9408
35007,24055
58841,23624
30999,27787
95820,20695
20209,4210
88863,11370
58917,5111
35450,9906
16548,26482
42201,23023
33684,29334
60661,23030
76580,2018
63870,15197
84994,16498
33391,21540
87117,12836
20196,20688
60639,19823
97325,27400
77305,23890
29813,25069
24880,23543
73331,1912
41144,14181
85063,18867
70587,6916
55524,27155
13525,9142
90369,3483
27686,11378
47974,26492
40290,26957
31780,159
20522,17190
69177,27592
44355,13929
60954,13993
75881,20769
91052,29675
63116,785
84577,24841
16482,29109
61418,19704
94640,1622
79692,12308
48411,13121
59545,20555
46311,27123
52870,5909
79162,20417
73589,23978
79741,16340
80165,18550
83549,7050
59090,6356
47260,27092
26638,5995
32847,27769
52622,22455
12230,6402
52692,23467
71744,21915
12209,4454
19298,5723
63745,8430
62487,25111
43700,3134
70450,8043
76614,29168
96268,9072
94365,5256
68190,17202
14214,23657
76181,22018
71077,6165
21102,445
70143,23478
13583,23321
20595,29237
73841,1923
56073,18609
32531,27214
69981,19786
37806,19938
71894,5074
61199,14636
23838,29075
68610,21411
64797,9583
55368,5054
14870,17209
86847,13933
68127,7792
44331,29021
80743,21873
78942,17892
22396,10559
49297,643
48788,15457
10233,13293
70395,29385
53760,10850
99657,4140
77805,22787
12867,1507
89244,7542
21014,28812
65736,28054
42071,18478
49784,19452
26547,27455
63780,3615
32984,24065
21829,20596
85549,27165
95371,9463
71118,1543
61983,9624
35454,5089
13809,5867
41214,5473
24429,26452
71621,21448
24849,9376
82470,14479
74927,21414
59455,8214
22601,12033
95100,6573
14089,28968
47724,25817
46766,5176
34463,16788
68568,24312
78374,13423
30672,15798
65596,11121
42379,9866
82687,10114
44069,25304
51604,23654
97310,18457
74385,6034
92103,1512
11334,15462
15783,3552
65582,20293
72089,7165
25360,19035
97860,6419
29859,23824
41136,26064
42432,24448
51696,2256
60995,698
18098,28047
65292,6808
40214,16991
63028,8480
42246,5236
37564,11379
26804,22381
78555,1308
42491,27138
29966,20956
70378,20095
96453,22350
51371,240
52081,21837
47797,16251
98556,13640
85069,5558
63182,23676
34074,24526
38616,11616
10426,27127
30189,6600
35864,13953
39543,24276
88425,234
12752,19987
24874,17278
34388,14402
34408,26767
62805,24394
85854,14602
28886,16752
54355,13493
81355,29368
40609,28263
22015,17105
13499,26200
36117,8771
63821,4959
86022,8792
27822,20230
13682,16673
92082,20907
54759,26242
12821,15926
95543,11909
84917,19182
90905,24323
39607,8476
91495,22278
49229,22196
98842,10978
77232,20728
60053,14073
34979,19760
55317,22659
13226,8447
21959,14011
76840,10347
79033,25072
30839,26680
12380,28794
12814,21993
55886,21948
95740,16099
17730,24408
52345,1167
84124,8523
58637,27486
61645,7125
54161,15057
55292,25877
34055,7857
91665,8283
29847,24775
72006,23953
12081,5337
93728,4100
23667,29242
77583,15521
10809,7539
82453,17588
54850,29329
59616,3151
52070,12996
19236,29972
81565,907
10688,17384
11851,24644
36670,8468
51641,4806
72696,9559
43099,1124
45163,3796
96220,14907
34632,17097
47283,29635
52799,16018
93908,17072
51769,9193
94992,28214
99139,6149
34086,8403
89572,20172
60687,14388
25482,11591
78349,22550
12815,2413
52126,11066
93927,15212
49162,11552
38148,15345
26487,5809
91096,6148
82262,27220
63025,19448
54779,29990
82442,25511
79729,16766
18784,26236
54773,29928
50277,26887
22022,12592
57209,27749
98581,9625
88564,6294
90945,16615
52649,4588
36272,29615
84795,13766
96062,26061
12205,21747
49707,25085
97063,812
58248,23929
64567,3726
46518,24841
52660,16333
72917,12084
99412,5612
28136,2293
96519,20636
57209,372
16735,22247
70411,15736
64780,2889
39980,13106
99159,25659
92500,29067
97215,22678
72303,7620
66151,14933
48179,13478
34721,7548
26917,20530
48285,5468
47879,15873
17977,20732
70687,27841
46281,27827
77028,3081
19871,9428
68101,9739
68958,16788
46418,21431
52247,21331
83325,26858
59308,29821
26732,905
24403,6299
61596,18987
14367,25424
83640,8163
11982,26922
34350,2730
22360,26661
21480,12431
54963,11325
45857,12330
90581,6789
46839,758
15687,8252
55972,788
87733,10819
48418,11027
36399,12805
99506,3077
45328,3004
81699,28018
73801,28535
86249,18617
23991,6615
31461,20111
34108,11664
13739,610
71018,24363
17205,618
68059,19837
92606,1129
35035,397
46214,21603
82303,20953
43293,18945
38745,11103
46640,15092
37619,4529
78463,7384
62588,27764
65474,15697
42873,2107
57230,25207
97216,26422
26806,1331
94693,13021
89078,21651
67280,6505
20075,24671
75831,25979
15432,6088
76430,7794
90416,21701
65796,20204
62688,1570
52616,7436
32935,19379
13791,25177
62350,3938
99817,17242
69265,7104
41608,14203
15805,10565
63744,21278
26855,1165
10130,21700
70579,20343
38423,3053
72417,26391
39556,2993
91716,23614
29990,18706
53443,9819
29782,23828
80986,19095
13458,12520
96993,22378
43124,20401
36905,26180
61777,29978
